id,id_cliente,id_canal,id_campanha,data,id_status
1,6459,1,1,2026-08-03,3
2,17459,1,1,2026-08-03,3
3,27380,1,1,2026-08-03,3
4,27900,1,1,2026-08-03,3
5,35304,1,1,2026-08-03,3
6,46888,1,1,2026-08-03,3
7,5586,1,1,2026-08-03,3
8,48220,1,1,2026-08-03,3
9,12169,1,1,2026-08-03,1
10,48836,1,1,2026-08-03,3
11,32781,1,1,2026-08-03,4
12,33908,1,1,2026-08-03,3
13,30373,1,1,2026-08-03,3
14,22954,1,1,2026-08-03,1
15,42676,1,1,2026-08-03,3
16,31244,1,1,2026-08-03,3
17,29874,1,1,2026-08-03,3
18,45957,1,1,2026-08-03,3
19,39806,1,1,2026-08-03,3
20,42305,1,1,2026-08-03,3
21,41855,1,1,2026-08-03,4
22,26757,1,1,2026-08-03,3
23,40923,1,1,2026-08-03,3
24,42123,1,1,2026-08-03,3
25,32022,1,1,2026-08-03,3
26,24037,1,1,2026-08-03,1
27,13122,1,1,2026-08-03,3
28,141,1,1,2026-08-03,3
29,33505,1,1,2026-08-03,4
30,4386,1,1,2026-08-03,3
31,6018,1,1,2026-08-03,3
32,15732,1,1,2026-08-03,4
33,44500,1,1,2026-08-03,3
34,5327,1,1,2026-08-03,3
35,24510,1,1,2026-08-03,3
36,602,1,1,2026-08-03,3
37,44384,1,1,2026-08-03,3
38,48621,1,1,2026-08-03,3
39,37374,1,1,2026-08-03,3
40,26725,1,1,2026-08-03,3
41,37059,1,1,2026-08-03,3
42,17175,1,1,2026-08-03,3
43,11477,1,1,2026-08-03,3
44,21714,1,1,2026-08-03,3
45,13771,1,1,2026-08-03,3
46,18996,1,1,2026-08-03,4
47,19491,1,1,2026-08-03,3
48,43873,1,1,2026-08-03,3
49,20566,1,1,2026-08-03,3
50,40629,1,1,2026-08-03,4
51,27999,1,1,2026-08-03,3
52,34790,1,1,2026-08-03,3
53,4168,1,1,2026-08-03,3
54,39406,1,1,2026-08-03,3
55,18609,1,1,2026-08-03,3
56,4867,1,1,2026-08-03,3
57,30418,1,1,2026-08-03,1
58,29337,1,1,2026-08-03,3
59,16004,1,1,2026-08-03,3
60,15752,1,1,2026-08-03,1
61,24901,1,1,2026-08-03,3
62,7653,1,1,2026-08-03,3
63,47789,1,1,2026-08-03,3
64,35158,1,1,2026-08-03,3
65,38403,1,1,2026-08-03,3
66,39056,1,1,2026-08-03,1
67,31516,1,1,2026-08-03,3
68,16892,1,1,2026-08-03,3
69,1351,1,1,2026-08-03,3
70,46255,1,1,2026-08-03,3
71,38765,1,1,2026-08-03,3
72,20141,1,1,2026-08-03,3
73,19850,1,1,2026-08-03,3
74,25082,1,1,2026-08-03,3
75,23043,1,1,2026-08-03,1
76,4930,1,1,2026-08-03,3
77,21798,1,1,2026-08-03,3
78,31983,1,1,2026-08-03,3
79,30253,1,1,2026-08-03,3
80,27162,1,1,2026-08-03,3
81,47271,1,1,2026-08-03,3
82,6316,1,1,2026-08-03,3
83,23212,1,1,2026-08-03,3
84,27598,1,1,2026-08-03,3
85,43726,1,1,2026-08-03,4
86,40871,1,1,2026-08-03,3
87,47239,1,1,2026-08-03,1
88,32736,1,1,2026-08-03,4
89,47732,1,1,2026-08-03,3
90,26764,1,1,2026-08-03,3
91,21759,1,1,2026-08-03,3
92,28614,1,1,2026-08-03,3
93,14181,1,1,2026-08-03,3
94,46073,1,1,2026-08-03,3
95,22923,1,1,2026-08-03,3
96,30777,1,1,2026-08-03,3
97,26091,1,1,2026-08-03,3
98,27970,1,1,2026-08-03,3
99,28247,1,1,2026-08-03,3
100,43874,1,1,2026-08-03,3
101,1383,1,1,2026-08-03,3
102,31408,1,1,2026-08-03,3
103,12244,1,1,2026-08-03,3
104,41737,1,1,2026-08-03,4
105,7021,1,1,2026-08-03,3
106,44583,1,1,2026-08-03,3
107,2664,1,1,2026-08-03,3
108,38440,1,1,2026-08-03,3
109,28525,1,1,2026-08-03,3
110,48384,1,1,2026-08-03,3
111,36580,1,1,2026-08-03,3
112,5584,1,1,2026-08-03,3
113,39103,1,1,2026-08-03,3
114,33958,1,1,2026-08-03,3
115,23437,1,1,2026-08-03,3
116,25572,1,1,2026-08-03,3
117,7737,1,1,2026-08-03,3
118,26263,1,1,2026-08-03,3
119,48230,1,1,2026-08-03,3
120,12489,1,1,2026-08-03,3
121,46345,1,1,2026-08-03,3
122,48334,1,1,2026-08-03,3
123,6622,1,1,2026-08-03,3
124,34197,1,1,2026-08-03,3
125,38224,1,1,2026-08-03,3
126,24873,1,1,2026-08-03,3
127,36792,1,1,2026-08-03,3
128,25543,1,1,2026-08-03,3
129,38958,1,1,2026-08-03,3
130,29760,1,1,2026-08-03,3
131,13745,1,1,2026-08-03,3
132,30546,1,1,2026-08-03,3
133,21976,1,1,2026-08-03,3
134,36533,1,1,2026-08-03,3
135,16827,1,1,2026-08-03,3
136,29893,1,1,2026-08-03,3
137,43580,1,1,2026-08-03,3
138,35289,1,1,2026-08-03,3
139,27349,1,1,2026-08-03,3
140,38091,1,1,2026-08-03,3
141,26073,1,1,2026-08-03,1
142,43857,1,1,2026-08-03,3
143,48241,1,1,2026-08-03,3
144,21971,1,1,2026-08-03,3
145,23605,1,1,2026-08-03,3
146,11073,1,1,2026-08-03,3
147,16123,1,1,2026-08-03,3
148,45342,1,1,2026-08-03,3
149,14760,1,1,2026-08-03,3
150,493,1,1,2026-08-03,3
151,1781,1,1,2026-08-03,3
152,8170,1,1,2026-08-03,3
153,35772,1,1,2026-08-03,1
154,48112,1,1,2026-08-03,3
155,32572,1,1,2026-08-03,3
156,24945,1,1,2026-08-03,3
157,43788,1,1,2026-08-03,4
158,28511,1,1,2026-08-03,3
159,26668,1,1,2026-08-03,3
160,19663,1,1,2026-08-03,3
161,10924,1,1,2026-08-03,3
162,14270,1,1,2026-08-03,3
163,37789,1,1,2026-08-03,3
164,26451,1,1,2026-08-03,3
165,25391,1,1,2026-08-03,3
166,27870,1,1,2026-08-03,3
167,41780,1,1,2026-08-03,5
168,45012,1,1,2026-08-03,3
169,27096,1,1,2026-08-03,4
170,44036,1,1,2026-08-03,4
171,23661,1,1,2026-08-03,3
172,30437,1,1,2026-08-03,3
173,36220,1,1,2026-08-03,3
174,49532,1,1,2026-08-03,3
175,1809,1,1,2026-08-03,3
176,45312,1,1,2026-08-03,3
177,15892,1,1,2026-08-03,3
178,17306,1,1,2026-08-03,3
179,24914,1,1,2026-08-03,1
180,44241,1,1,2026-08-03,4
181,5345,1,1,2026-08-03,1
182,23901,1,1,2026-08-03,3
183,37593,1,1,2026-08-03,3
184,39060,1,1,2026-08-03,3
185,42765,1,1,2026-08-03,4
186,28092,1,1,2026-08-03,3
187,14192,1,1,2026-08-03,3
188,24668,1,1,2026-08-03,3
189,9999,1,1,2026-08-03,3
190,23232,1,1,2026-08-03,3
191,45960,1,1,2026-08-03,3
192,39660,1,1,2026-08-03,3
193,26088,1,1,2026-08-03,3
194,3498,1,1,2026-08-03,3
195,35377,1,1,2026-08-03,3
196,14621,1,1,2026-08-03,3
197,49306,1,1,2026-08-03,3
198,27159,1,1,2026-08-03,3
199,20209,1,1,2026-08-03,3
200,5260,1,1,2026-08-03,3
201,10638,1,1,2026-08-03,3
202,40726,1,1,2026-08-03,3
203,46704,1,1,2026-08-03,3
204,22462,1,1,2026-08-03,3
205,7980,1,1,2026-08-03,3
206,24495,1,1,2026-08-03,3
207,749,1,1,2026-08-03,3
208,5015,1,1,2026-08-03,3
209,14,1,1,2026-08-03,3
210,24587,1,1,2026-08-03,3
211,31715,1,1,2026-08-03,3
212,29811,1,1,2026-08-03,5
213,45608,1,1,2026-08-03,3
214,4516,1,1,2026-08-03,3
215,33284,1,1,2026-08-03,4
216,43255,1,1,2026-08-03,3
217,10874,1,1,2026-08-03,3
218,13568,1,1,2026-08-03,3
219,6544,1,1,2026-08-03,3
220,33882,1,1,2026-08-03,1
221,2460,1,1,2026-08-03,3
222,40955,1,1,2026-08-03,3
223,29803,1,1,2026-08-03,3
224,14739,1,1,2026-08-03,4
225,36465,1,1,2026-08-03,4
226,41247,1,1,2026-08-03,3
227,34669,1,1,2026-08-03,3
228,19525,1,1,2026-08-03,3
229,8424,1,1,2026-08-03,4
230,275,1,1,2026-08-03,4
231,17128,1,1,2026-08-03,1
232,36262,1,1,2026-08-03,3
233,31835,1,1,2026-08-03,3
234,31344,1,1,2026-08-03,3
235,41926,1,1,2026-08-03,3
236,46918,1,1,2026-08-03,3
237,26813,1,1,2026-08-03,3
238,37614,1,1,2026-08-03,3
239,39272,1,1,2026-08-03,3
240,7321,1,1,2026-08-03,3
241,29766,1,1,2026-08-03,3
242,12152,1,1,2026-08-03,3
243,25731,1,1,2026-08-03,3
244,32092,1,1,2026-08-03,3
245,7134,1,1,2026-08-03,3
246,32617,1,1,2026-08-03,3
247,47759,1,1,2026-08-03,3
248,37786,1,1,2026-08-03,3
249,27506,1,1,2026-08-03,3
250,15926,1,1,2026-08-03,3
251,4596,1,1,2026-08-03,3
252,22794,1,1,2026-08-03,3
253,36470,1,1,2026-08-03,3
254,8727,1,1,2026-08-03,3
255,7349,1,1,2026-08-03,3
256,42679,1,1,2026-08-03,3
257,42623,1,1,2026-08-03,3
258,49977,1,1,2026-08-03,3
259,31997,1,1,2026-08-03,3
260,16743,1,1,2026-08-03,3
261,27671,1,1,2026-08-03,4
262,22506,1,1,2026-08-03,3
263,21337,1,1,2026-08-03,3
264,44037,1,1,2026-08-03,3
265,8093,1,1,2026-08-03,3
266,28348,1,1,2026-08-03,3
267,43969,1,1,2026-08-03,3
268,10755,1,1,2026-08-03,3
269,20552,1,1,2026-08-03,3
270,754,1,1,2026-08-03,4
271,5768,1,1,2026-08-03,4
272,21280,1,1,2026-08-03,3
273,48433,1,1,2026-08-03,3
274,4015,1,1,2026-08-03,3
275,2795,1,1,2026-08-03,3
276,45474,1,1,2026-08-03,3
277,18962,1,1,2026-08-03,3
278,35245,1,1,2026-08-03,4
279,19316,1,1,2026-08-03,3
280,41927,1,1,2026-08-03,3
281,1404,1,1,2026-08-03,3
282,1393,1,1,2026-08-03,1
283,27826,1,1,2026-08-03,3
284,25889,1,1,2026-08-03,3
285,17903,1,1,2026-08-03,3
286,37242,1,1,2026-08-03,3
287,16627,1,1,2026-08-03,3
288,24533,1,1,2026-08-03,1
289,17803,1,1,2026-08-03,3
290,49904,1,1,2026-08-03,3
291,6578,1,1,2026-08-03,3
292,27118,1,1,2026-08-03,3
293,25387,1,1,2026-08-03,3
294,31184,1,1,2026-08-03,3
295,33746,1,1,2026-08-03,3
296,43862,1,1,2026-08-03,3
297,9312,1,1,2026-08-03,3
298,8387,1,1,2026-08-03,3
299,32250,1,1,2026-08-03,3
300,28325,1,1,2026-08-03,3
301,11309,1,1,2026-08-03,3
302,23634,1,1,2026-08-03,3
303,34016,1,1,2026-08-03,3
304,18366,1,1,2026-08-03,3
305,24980,1,1,2026-08-03,3
306,32622,1,1,2026-08-03,3
307,12744,1,1,2026-08-03,4
308,37012,1,1,2026-08-03,3
309,38767,1,1,2026-08-03,3
310,3789,1,1,2026-08-03,3
311,29850,1,1,2026-08-03,3
312,21823,1,1,2026-08-03,3
313,1845,1,1,2026-08-03,3
314,10689,1,1,2026-08-03,3
315,35306,1,1,2026-08-03,3
316,9454,1,1,2026-08-03,3
317,2487,1,1,2026-08-03,3
318,35362,1,1,2026-08-03,3
319,29709,1,1,2026-08-03,3
320,45761,1,1,2026-08-03,3
321,2634,1,1,2026-08-03,4
322,24614,1,1,2026-08-03,3
323,47320,1,1,2026-08-03,3
324,41100,1,1,2026-08-03,3
325,34968,1,1,2026-08-03,3
326,10292,1,1,2026-08-03,3
327,26351,1,1,2026-08-03,3
328,38772,1,1,2026-08-03,3
329,37017,1,1,2026-08-03,3
330,47866,1,1,2026-08-03,3
331,1117,1,1,2026-08-03,3
332,7031,1,1,2026-08-03,3
333,35206,1,1,2026-08-03,3
334,28887,1,1,2026-08-03,5
335,11945,1,1,2026-08-03,3
336,42781,1,1,2026-08-03,3
337,48140,1,1,2026-08-03,3
338,28183,1,1,2026-08-03,3
339,48828,1,1,2026-08-03,3
340,7481,1,1,2026-08-03,3
341,8739,1,1,2026-08-03,1
342,36073,1,1,2026-08-03,3
343,46067,1,1,2026-08-03,3
344,10161,1,1,2026-08-03,3
345,21315,1,1,2026-08-03,4
346,14961,1,1,2026-08-03,1
347,23207,1,1,2026-08-03,3
348,29055,1,1,2026-08-03,3
349,22613,1,1,2026-08-03,3
350,47319,1,1,2026-08-03,3
351,4296,1,1,2026-08-03,4
352,20935,1,1,2026-08-03,3
353,16687,1,1,2026-08-03,3
354,10232,1,1,2026-08-03,3
355,18814,1,1,2026-08-03,1
356,9527,1,1,2026-08-03,3
357,14467,1,1,2026-08-03,3
358,25245,1,1,2026-08-03,3
359,27119,1,1,2026-08-03,3
360,42495,1,1,2026-08-03,3
361,44394,1,1,2026-08-03,4
362,22691,1,1,2026-08-03,3
363,15755,1,1,2026-08-03,3
364,25447,1,1,2026-08-03,3
365,9648,1,1,2026-08-03,3
366,17790,1,1,2026-08-03,1
367,28310,1,1,2026-08-03,3
368,26260,1,1,2026-08-03,3
369,24233,1,1,2026-08-03,3
370,6511,1,1,2026-08-03,1
371,28748,1,1,2026-08-03,1
372,43408,1,1,2026-08-03,4
373,28617,1,1,2026-08-03,3
374,43411,1,1,2026-08-03,3
375,15019,1,1,2026-08-03,3
376,44469,1,1,2026-08-03,3
377,5145,1,1,2026-08-03,3
378,46259,1,1,2026-08-03,3
379,11696,1,1,2026-08-03,4
380,12631,1,1,2026-08-03,3
381,257,1,1,2026-08-03,3
382,5063,1,1,2026-08-03,3
383,47909,1,1,2026-08-03,3
384,24739,1,1,2026-08-03,3
385,35209,1,1,2026-08-03,3
386,18042,1,1,2026-08-03,3
387,22287,1,1,2026-08-03,1
388,29725,1,1,2026-08-03,3
389,42671,1,1,2026-08-03,3
390,45459,1,1,2026-08-03,3
391,46341,1,1,2026-08-03,3
392,46185,1,1,2026-08-03,3
393,36577,1,1,2026-08-03,3
394,9960,1,1,2026-08-03,3
395,1478,1,1,2026-08-03,3
396,19236,1,1,2026-08-03,3
397,46193,1,1,2026-08-03,3
398,8532,1,1,2026-08-03,3
399,19223,1,1,2026-08-03,3
400,30660,1,1,2026-08-03,3
401,37482,1,1,2026-08-03,3
402,31231,1,1,2026-08-03,3
403,43145,1,1,2026-08-03,3
404,29357,1,1,2026-08-03,3
405,11822,1,1,2026-08-03,3
406,5965,1,1,2026-08-03,3
407,33867,1,1,2026-08-03,3
408,39038,1,1,2026-08-03,3
409,15381,1,1,2026-08-03,3
410,30327,1,1,2026-08-03,3
411,40935,1,1,2026-08-03,3
412,30996,1,1,2026-08-03,3
413,39834,1,1,2026-08-03,3
414,11702,1,1,2026-08-03,3
415,31093,1,1,2026-08-03,3
416,16141,1,1,2026-08-03,3
417,30713,1,1,2026-08-03,3
418,14708,1,1,2026-08-03,3
419,36572,1,1,2026-08-03,4
420,30325,1,1,2026-08-03,3
421,7204,1,1,2026-08-03,1
422,5515,1,1,2026-08-03,3
423,42567,1,1,2026-08-03,3
424,14484,1,1,2026-08-03,3
425,5248,1,1,2026-08-03,3
426,23778,1,1,2026-08-03,3
427,9336,1,1,2026-08-03,4
428,5762,1,1,2026-08-03,1
429,37339,1,1,2026-08-03,3
430,3292,1,1,2026-08-03,3
431,41337,1,1,2026-08-03,3
432,19472,1,1,2026-08-03,3
433,39367,1,1,2026-08-03,3
434,43713,1,1,2026-08-03,3
435,10137,1,1,2026-08-03,3
436,35225,1,1,2026-08-03,3
437,34385,1,1,2026-08-03,4
438,5777,1,1,2026-08-03,3
439,27613,1,1,2026-08-03,4
440,17136,1,1,2026-08-03,3
441,15180,1,1,2026-08-03,1
442,32100,1,1,2026-08-03,4
443,45660,1,1,2026-08-03,3
444,3479,1,1,2026-08-03,3
445,15943,1,1,2026-08-03,3
446,17192,1,1,2026-08-03,3
447,8804,1,1,2026-08-03,3
448,14319,1,1,2026-08-03,3
449,14039,1,1,2026-08-03,1
450,3430,1,1,2026-08-03,3
451,741,1,1,2026-08-03,3
452,22483,1,1,2026-08-03,3
453,47222,1,1,2026-08-03,3
454,49022,1,1,2026-08-03,3
455,49385,1,1,2026-08-03,3
456,42317,1,1,2026-08-03,3
457,14094,1,1,2026-08-03,3
458,22632,1,1,2026-08-03,3
459,832,1,1,2026-08-03,3
460,3103,1,1,2026-08-03,3
461,5249,1,1,2026-08-03,3
462,12842,1,1,2026-08-03,3
463,1259,1,1,2026-08-03,3
464,16947,1,1,2026-08-03,3
465,6678,1,1,2026-08-03,3
466,5102,1,1,2026-08-03,1
467,37416,1,1,2026-08-03,3
468,30613,1,1,2026-08-03,3
469,31459,1,1,2026-08-03,3
470,46745,1,1,2026-08-03,3
471,19149,1,1,2026-08-03,3
472,17211,1,1,2026-08-03,3
473,42467,1,1,2026-08-03,3
474,24838,1,1,2026-08-03,3
475,33113,1,1,2026-08-03,3
476,34143,1,1,2026-08-03,5
477,35723,1,1,2026-08-03,3
478,38938,1,1,2026-08-03,3
479,33554,1,1,2026-08-03,1
480,2071,1,1,2026-08-03,1
481,22081,1,1,2026-08-03,3
482,17268,1,1,2026-08-03,5
483,33136,1,1,2026-08-03,3
484,11774,1,1,2026-08-03,3
485,32397,1,1,2026-08-03,3
486,25172,1,1,2026-08-03,3
487,23248,1,1,2026-08-03,3
488,36876,1,1,2026-08-03,3
489,47898,1,1,2026-08-03,3
490,6472,1,1,2026-08-03,3
491,37446,1,1,2026-08-03,3
492,20438,1,1,2026-08-03,3
493,46950,1,1,2026-08-03,3
494,27316,1,1,2026-08-03,3
495,37170,1,1,2026-08-03,3
496,13778,1,1,2026-08-03,3
497,21261,1,1,2026-08-03,3
498,15989,1,1,2026-08-03,3
499,44503,1,1,2026-08-03,4
500,19475,1,1,2026-08-03,3
501,3123,1,1,2026-08-03,3
502,40070,1,1,2026-08-03,1
503,38996,1,1,2026-08-03,3
504,23818,1,1,2026-08-03,3
505,1292,1,1,2026-08-03,3
506,15427,1,1,2026-08-03,4
507,37926,1,1,2026-08-03,3
508,18051,1,1,2026-08-03,3
509,15870,1,1,2026-08-03,5
510,39619,1,1,2026-08-03,3
511,41911,1,1,2026-08-03,3
512,43584,1,1,2026-08-03,1
513,6635,1,1,2026-08-03,1
514,16252,1,1,2026-08-03,4
515,41844,1,1,2026-08-03,3
516,22734,1,1,2026-08-03,3
517,17432,1,1,2026-08-03,3
518,31978,1,1,2026-08-03,3
519,49291,1,1,2026-08-03,3
520,1109,1,1,2026-08-03,3
521,29561,1,1,2026-08-03,4
522,18721,1,1,2026-08-03,4
523,10794,1,1,2026-08-03,3
524,30602,1,1,2026-08-03,1
525,3035,1,1,2026-08-03,1
526,39328,1,1,2026-08-03,3
527,6112,1,1,2026-08-03,3
528,8856,1,1,2026-08-03,4
529,33761,1,1,2026-08-03,1
530,6652,1,1,2026-08-03,3
531,6417,1,1,2026-08-03,4
532,2019,1,1,2026-08-03,3
533,6819,1,1,2026-08-03,3
534,28493,1,1,2026-08-03,3
535,19357,1,1,2026-08-03,3
536,32555,1,1,2026-08-03,3
537,35344,1,1,2026-08-03,3
538,35780,1,1,2026-08-03,3
539,16557,1,1,2026-08-03,3
540,1552,1,1,2026-08-03,4
541,23180,1,1,2026-08-03,3
542,31568,1,1,2026-08-03,3
543,6857,1,1,2026-08-03,4
544,19460,1,1,2026-08-03,3
545,22670,1,1,2026-08-03,3
546,20982,1,1,2026-08-03,3
547,20607,1,1,2026-08-03,3
548,13077,1,1,2026-08-03,3
549,42306,1,1,2026-08-03,3
550,22976,1,1,2026-08-03,3
551,36150,1,1,2026-08-03,3
552,11989,1,1,2026-08-03,3
553,42217,1,1,2026-08-03,5
554,6789,1,1,2026-08-03,3
555,10023,1,1,2026-08-03,4
556,29610,1,1,2026-08-03,6
557,1533,1,1,2026-08-03,3
558,36096,1,1,2026-08-03,3
559,39102,1,1,2026-08-03,3
560,29516,1,1,2026-08-03,3
561,37299,1,1,2026-08-03,3
562,30276,1,1,2026-08-03,3
563,21692,1,1,2026-08-03,3
564,48515,1,1,2026-08-03,3
565,13983,1,1,2026-08-03,3
566,42846,1,1,2026-08-03,3
567,8050,1,1,2026-08-03,4
568,12457,1,1,2026-08-03,3
569,1276,1,1,2026-08-03,3
570,893,1,1,2026-08-03,3
571,15188,1,1,2026-08-03,3
572,29507,1,1,2026-08-03,3
573,26068,1,1,2026-08-03,3
574,22799,1,1,2026-08-03,3
575,14487,1,1,2026-08-03,3
576,17199,1,1,2026-08-03,3
577,7529,1,1,2026-08-03,3
578,34201,1,1,2026-08-03,3
579,32372,1,1,2026-08-03,3
580,4854,1,1,2026-08-03,3
581,45800,1,1,2026-08-03,5
582,9784,1,1,2026-08-03,3
583,30172,1,1,2026-08-03,3
584,35466,1,1,2026-08-03,3
585,47201,1,1,2026-08-03,3
586,44875,1,1,2026-08-03,3
587,28028,1,1,2026-08-03,3
588,44682,1,1,2026-08-03,3
589,14557,1,1,2026-08-03,3
590,18623,1,1,2026-08-03,3
591,34531,1,1,2026-08-03,3
592,28370,1,1,2026-08-03,3
593,41087,1,1,2026-08-03,3
594,40469,1,1,2026-08-03,4
595,17355,1,1,2026-08-03,3
596,3041,1,1,2026-08-03,3
597,35891,1,1,2026-08-03,3
598,45860,1,1,2026-08-03,3
599,597,1,1,2026-08-03,3
600,34264,1,1,2026-08-03,5
601,13280,1,1,2026-08-03,3
602,25600,1,1,2026-08-03,3
603,3165,1,1,2026-08-03,1
604,12101,1,1,2026-08-03,3
605,37047,1,1,2026-08-03,3
606,27719,1,1,2026-08-03,3
607,46990,1,1,2026-08-03,3
608,8214,1,1,2026-08-03,4
609,40592,1,1,2026-08-03,3
610,49457,1,1,2026-08-03,3
611,47526,1,1,2026-08-03,3
612,21819,1,1,2026-08-03,3
613,38588,1,1,2026-08-03,3
614,43058,1,1,2026-08-03,3
615,12704,1,1,2026-08-03,3
616,30640,1,1,2026-08-03,3
617,45185,1,1,2026-08-03,3
618,15118,1,1,2026-08-03,6
619,18794,1,1,2026-08-03,3
620,46946,1,1,2026-08-03,3
621,10994,1,1,2026-08-03,3
622,20469,1,1,2026-08-03,3
623,19619,1,1,2026-08-03,5
624,25001,1,1,2026-08-03,3
625,34758,1,1,2026-08-03,3
626,28872,3,1,2026-08-03,2
627,37976,3,1,2026-08-03,3
628,21954,3,1,2026-08-03,1
629,40124,3,1,2026-08-03,1
630,32551,3,1,2026-08-03,3
631,39511,3,1,2026-08-03,3
632,6234,3,1,2026-08-03,2
633,26321,3,1,2026-08-03,3
634,14834,3,1,2026-08-03,3
635,20350,3,1,2026-08-03,2
636,19647,3,1,2026-08-03,3
637,241,3,1,2026-08-03,4
638,6120,3,1,2026-08-03,3
639,4197,3,1,2026-08-03,3
640,48150,3,1,2026-08-03,3
641,21644,3,1,2026-08-03,3
642,41585,3,1,2026-08-03,2
643,9538,3,1,2026-08-03,5
644,29088,3,1,2026-08-03,3
645,39573,3,1,2026-08-03,5
646,26157,3,1,2026-08-03,2
647,6301,3,1,2026-08-03,4
648,40647,3,1,2026-08-03,3
649,6668,3,1,2026-08-03,3
650,11982,3,1,2026-08-03,4
651,34974,3,1,2026-08-03,3
652,30682,3,1,2026-08-03,1
653,21588,3,1,2026-08-03,3
654,37506,3,1,2026-08-03,3
655,11410,3,1,2026-08-03,4
656,7909,3,1,2026-08-03,3
657,5431,3,1,2026-08-03,2
658,21925,3,1,2026-08-03,1
659,14938,3,1,2026-08-03,4
660,9466,3,1,2026-08-03,3
661,28020,3,1,2026-08-03,1
662,29414,3,1,2026-08-03,2
663,6303,3,1,2026-08-03,2
664,34745,3,1,2026-08-03,4
665,26763,3,1,2026-08-03,3
666,47631,3,1,2026-08-03,3
667,8298,3,1,2026-08-03,4
668,5749,3,1,2026-08-03,2
669,1344,3,1,2026-08-03,3
670,43302,3,1,2026-08-03,3
671,29248,3,1,2026-08-03,3
672,26724,3,1,2026-08-03,4
673,3974,3,1,2026-08-03,1
674,27919,3,1,2026-08-03,5
675,31452,3,1,2026-08-03,2
676,3895,3,1,2026-08-03,3
677,28344,3,1,2026-08-03,2
678,30001,3,1,2026-08-03,2
679,22225,3,1,2026-08-03,4
680,47229,3,1,2026-08-03,3
681,6240,3,1,2026-08-03,3
682,3001,3,1,2026-08-03,3
683,25781,3,1,2026-08-03,3
684,11432,3,1,2026-08-03,1
685,27048,3,1,2026-08-03,3
686,40415,3,1,2026-08-03,3
687,4340,3,1,2026-08-03,3
688,16175,3,1,2026-08-03,3
689,45029,3,1,2026-08-03,3
690,34382,3,1,2026-08-03,1
691,33054,3,1,2026-08-03,3
692,15608,3,1,2026-08-03,3
693,26816,3,1,2026-08-03,2
694,6910,3,1,2026-08-03,4
695,22158,3,1,2026-08-03,3
696,10657,3,1,2026-08-03,3
697,744,3,1,2026-08-03,3
698,8986,3,1,2026-08-03,3
699,38031,3,1,2026-08-03,3
700,38256,3,1,2026-08-03,3
701,19436,3,1,2026-08-03,3
702,16307,3,1,2026-08-03,3
703,49049,3,1,2026-08-03,3
704,27457,3,1,2026-08-03,4
705,49690,3,1,2026-08-03,1
706,6468,3,1,2026-08-03,3
707,43880,3,1,2026-08-03,3
708,14310,3,1,2026-08-03,3
709,23063,3,1,2026-08-03,3
710,47547,3,1,2026-08-03,1
711,4791,3,1,2026-08-03,3
712,25961,3,1,2026-08-03,3
713,39984,3,1,2026-08-03,4
714,5189,3,1,2026-08-03,2
715,36466,3,1,2026-08-03,2
716,48555,3,1,2026-08-03,2
717,38978,3,1,2026-08-03,2
718,16692,3,1,2026-08-03,5
719,20186,3,1,2026-08-03,3
720,26965,3,1,2026-08-03,3
721,38796,3,1,2026-08-03,1
722,36498,3,1,2026-08-03,3
723,19657,3,1,2026-08-03,3
724,14762,3,1,2026-08-03,2
725,46885,3,1,2026-08-03,2
726,38167,3,1,2026-08-03,3
727,33041,3,1,2026-08-03,3
728,11420,3,1,2026-08-03,3
729,33292,3,1,2026-08-03,3
730,26491,3,1,2026-08-03,2
731,15994,3,1,2026-08-03,2
732,2159,3,1,2026-08-03,3
733,35042,3,1,2026-08-03,3
734,38463,3,1,2026-08-03,3
735,15915,3,1,2026-08-03,3
736,33274,3,1,2026-08-03,1
737,29030,3,1,2026-08-03,2
738,18340,3,1,2026-08-03,2
739,26132,3,1,2026-08-03,2
740,46673,3,1,2026-08-03,3
741,16467,3,1,2026-08-03,3
742,13110,3,1,2026-08-03,3
743,44725,3,1,2026-08-03,4
744,48875,3,1,2026-08-03,2
745,45976,3,1,2026-08-03,2
746,37249,3,1,2026-08-03,3
747,27918,3,1,2026-08-03,3
748,10304,3,1,2026-08-03,3
749,22630,3,1,2026-08-03,3
750,32632,3,1,2026-08-03,2
751,19542,3,1,2026-08-03,1
752,16758,3,1,2026-08-03,2
753,19689,3,1,2026-08-03,2
754,6995,3,1,2026-08-03,1
755,38258,3,1,2026-08-03,1
756,15524,3,1,2026-08-03,3
757,131,3,1,2026-08-03,2
758,12472,3,1,2026-08-03,2
759,37939,3,1,2026-08-03,2
760,37556,3,1,2026-08-03,3
761,21383,3,1,2026-08-03,1
762,44052,3,1,2026-08-03,2
763,20125,3,1,2026-08-03,4
764,45987,3,1,2026-08-03,3
765,40260,3,1,2026-08-03,2
766,7805,3,1,2026-08-03,1
767,41702,3,1,2026-08-03,1
768,21319,3,1,2026-08-03,3
769,25687,3,1,2026-08-03,3
770,40846,3,1,2026-08-03,2
771,26800,3,1,2026-08-03,3
772,38623,3,1,2026-08-03,3
773,29136,3,1,2026-08-03,3
774,38400,3,1,2026-08-03,3
775,23810,3,1,2026-08-03,3
776,42644,3,1,2026-08-03,2
777,6740,3,1,2026-08-03,1
778,23584,3,1,2026-08-03,3
779,27212,3,1,2026-08-03,1
780,47757,3,1,2026-08-03,1
781,42919,3,1,2026-08-03,3
782,28609,3,1,2026-08-03,2
783,36844,3,1,2026-08-03,2
784,20555,3,1,2026-08-03,3
785,35932,3,1,2026-08-03,2
786,23881,3,1,2026-08-03,2
787,22659,3,1,2026-08-03,3
788,979,3,1,2026-08-03,2
789,48087,3,1,2026-08-03,3
790,22531,3,1,2026-08-03,3
791,24469,3,1,2026-08-03,3
792,46474,3,1,2026-08-03,2
793,22187,3,1,2026-08-03,3
794,15860,3,1,2026-08-03,3
795,49462,3,1,2026-08-03,3
796,30284,3,1,2026-08-03,3
797,669,3,1,2026-08-03,3
798,22772,3,1,2026-08-03,3
799,26128,3,1,2026-08-03,1
800,29398,3,1,2026-08-03,3
801,2794,3,1,2026-08-03,2
802,38078,3,1,2026-08-03,1
803,1500,3,1,2026-08-03,4
804,44793,3,1,2026-08-03,3
805,18591,3,1,2026-08-03,2
806,34111,3,1,2026-08-03,3
807,34365,3,1,2026-08-03,1
808,3494,3,1,2026-08-03,3
809,7347,3,1,2026-08-03,1
810,48639,3,1,2026-08-03,3
811,20951,3,1,2026-08-03,5
812,27286,3,1,2026-08-03,1
813,16538,3,1,2026-08-03,2
814,24300,3,1,2026-08-03,1
815,18987,3,1,2026-08-03,1
816,44827,3,1,2026-08-03,1
817,16268,3,1,2026-08-03,1
818,152,3,1,2026-08-03,4
819,13007,3,1,2026-08-03,3
820,13781,3,1,2026-08-03,1
821,3668,3,1,2026-08-03,3
822,4923,3,1,2026-08-03,3
823,14473,3,1,2026-08-03,3
824,11116,3,1,2026-08-03,4
825,3182,3,1,2026-08-03,1
826,44780,3,1,2026-08-03,3
827,23199,3,1,2026-08-03,2
828,39045,3,1,2026-08-03,2
829,34049,3,1,2026-08-03,5
830,28797,3,1,2026-08-03,3
831,6521,3,1,2026-08-03,3
832,42657,3,1,2026-08-03,3
833,38645,3,1,2026-08-03,1
834,33866,3,1,2026-08-03,3
835,32567,3,1,2026-08-03,3
836,39916,3,1,2026-08-03,3
837,38953,3,1,2026-08-03,3
838,3475,3,1,2026-08-03,2
839,18264,3,1,2026-08-03,2
840,8051,3,1,2026-08-03,1
841,6848,3,1,2026-08-03,1
842,26447,3,1,2026-08-03,1
843,14503,3,1,2026-08-03,3
844,7385,3,1,2026-08-03,4
845,43866,3,1,2026-08-03,1
846,4225,3,1,2026-08-03,2
847,6632,3,1,2026-08-03,3
848,4543,3,1,2026-08-03,1
849,37185,3,1,2026-08-03,1
850,46441,3,1,2026-08-03,1
851,45523,3,1,2026-08-03,2
852,24588,3,1,2026-08-03,3
853,2360,3,1,2026-08-03,1
854,8694,3,1,2026-08-03,3
855,27849,3,1,2026-08-03,1
856,35475,3,1,2026-08-03,3
857,46498,3,1,2026-08-03,1
858,1541,3,1,2026-08-03,3
859,47813,3,1,2026-08-03,3
860,48693,3,1,2026-08-03,1
861,18135,3,1,2026-08-03,6
862,25863,3,1,2026-08-03,2
863,23476,3,1,2026-08-03,1
864,35125,3,1,2026-08-03,3
865,42698,3,1,2026-08-03,3
866,27877,3,1,2026-08-03,3
867,11948,3,1,2026-08-03,3
868,3271,3,1,2026-08-03,3
869,26215,3,1,2026-08-03,1
870,19704,3,1,2026-08-03,2
871,9479,3,1,2026-08-03,3
872,16869,3,1,2026-08-03,3
873,40373,3,1,2026-08-03,3
874,33842,3,1,2026-08-03,3
875,10414,3,1,2026-08-03,2
876,38269,3,1,2026-08-03,3
877,25129,3,1,2026-08-03,1
878,45227,3,1,2026-08-03,3
879,3120,3,1,2026-08-03,2
880,4330,3,1,2026-08-03,3
881,28639,3,1,2026-08-03,3
882,36254,3,1,2026-08-03,5
883,26084,3,1,2026-08-03,3
884,30142,3,1,2026-08-03,1
885,27872,3,1,2026-08-03,2
886,40104,3,1,2026-08-03,2
887,40128,3,1,2026-08-03,3
888,9311,3,1,2026-08-03,1
889,49589,3,1,2026-08-03,3
890,52,3,1,2026-08-03,3
891,18165,3,1,2026-08-03,3
892,49194,3,1,2026-08-03,3
893,49377,3,1,2026-08-03,5
894,5970,3,1,2026-08-03,4
895,8164,3,1,2026-08-03,3
896,27156,3,1,2026-08-03,3
897,12049,3,1,2026-08-03,2
898,17010,3,1,2026-08-03,2
899,46794,3,1,2026-08-03,3
900,29148,3,1,2026-08-03,1
901,33047,3,1,2026-08-03,2
902,39198,3,1,2026-08-03,4
903,9540,3,1,2026-08-03,3
904,12959,3,1,2026-08-03,1
905,20358,3,1,2026-08-03,3
906,10068,3,1,2026-08-03,3
907,48219,3,1,2026-08-03,3
908,43529,3,1,2026-08-03,5
909,18674,3,1,2026-08-03,3
910,1981,3,1,2026-08-03,3
911,6515,3,1,2026-08-03,2
912,12157,3,1,2026-08-03,3
913,29421,3,1,2026-08-03,1
914,24458,3,1,2026-08-03,2
915,4871,3,1,2026-08-03,3
916,22723,3,1,2026-08-03,5
917,24753,3,1,2026-08-03,3
918,4723,3,1,2026-08-03,3
919,23196,3,1,2026-08-03,1
920,36420,3,1,2026-08-03,2
921,42293,3,1,2026-08-03,3
922,5848,3,1,2026-08-03,3
923,17430,3,1,2026-08-03,2
924,34841,3,1,2026-08-03,3
925,13821,3,1,2026-08-03,3
926,12227,3,1,2026-08-03,1
927,21546,3,1,2026-08-03,1
928,16194,3,1,2026-08-03,3
929,5853,3,1,2026-08-03,3
930,19211,3,1,2026-08-03,5
931,34009,3,1,2026-08-03,1
932,35502,3,1,2026-08-03,3
933,7051,3,1,2026-08-03,3
934,34297,3,1,2026-08-03,1
935,4625,3,1,2026-08-03,3
936,14223,3,1,2026-08-03,1
937,29267,3,1,2026-08-03,1
938,35224,3,1,2026-08-03,3
939,8758,3,2,2026-08-03,1
940,25831,3,2,2026-08-03,1
941,10443,3,2,2026-08-03,3
942,33321,3,2,2026-08-03,2
943,14308,3,2,2026-08-03,1
944,29855,3,2,2026-08-03,1
945,44288,3,2,2026-08-03,1
946,1645,3,2,2026-08-03,2
947,43626,3,2,2026-08-03,2
948,37963,3,2,2026-08-03,3
949,40525,3,2,2026-08-03,3
950,44728,3,2,2026-08-03,3
951,23359,3,2,2026-08-03,2
952,2840,3,2,2026-08-03,2
953,24496,3,2,2026-08-03,1
954,3859,3,2,2026-08-03,2
955,41365,3,2,2026-08-03,2
956,7733,3,2,2026-08-03,2
957,34651,3,2,2026-08-03,2
958,33278,3,2,2026-08-03,1
959,37576,3,2,2026-08-03,3
960,42869,3,2,2026-08-03,3
961,35462,3,2,2026-08-03,1
962,28762,3,2,2026-08-03,3
963,755,3,2,2026-08-03,5
964,19124,3,2,2026-08-03,1
965,7870,3,2,2026-08-03,2
966,20011,3,2,2026-08-03,3
967,7761,3,2,2026-08-03,3
968,29560,3,2,2026-08-03,1
969,34235,3,2,2026-08-03,3
970,3519,3,2,2026-08-03,3
971,6751,3,2,2026-08-03,3
972,14906,3,2,2026-08-03,4
973,14757,3,2,2026-08-03,1
974,47967,3,2,2026-08-03,3
975,39930,3,2,2026-08-03,3
976,9196,3,2,2026-08-03,2
977,21960,3,2,2026-08-03,3
978,11363,3,2,2026-08-03,1
979,24628,3,2,2026-08-03,2
980,37807,3,2,2026-08-03,2
981,23338,3,2,2026-08-03,3
982,47630,3,2,2026-08-03,3
983,27983,3,2,2026-08-03,2
984,46665,3,2,2026-08-03,3
985,12412,3,2,2026-08-03,3
986,41243,3,2,2026-08-03,2
987,30076,3,2,2026-08-03,2
988,33619,3,2,2026-08-03,2
989,9026,3,2,2026-08-03,1
990,29889,3,2,2026-08-03,3
991,25338,3,2,2026-08-03,4
992,44449,3,2,2026-08-03,1
993,2107,3,2,2026-08-03,2
994,41102,3,2,2026-08-03,1
995,32675,3,2,2026-08-03,2
996,8594,3,2,2026-08-03,1
997,6119,3,2,2026-08-03,2
998,44025,3,2,2026-08-03,3
999,37586,3,2,2026-08-03,1
1000,25785,3,2,2026-08-03,3
1001,40183,3,2,2026-08-03,1
1002,41847,2,1,2026-08-03,4
1003,16071,2,1,2026-08-03,1
1004,7501,2,1,2026-08-03,3
1005,32805,2,1,2026-08-03,3
1006,13463,2,1,2026-08-03,3
1007,18519,2,1,2026-08-03,3
1008,7452,2,1,2026-08-03,4
1009,36510,2,1,2026-08-03,4
1010,1138,2,1,2026-08-03,4
1011,33995,2,1,2026-08-03,3
1012,8518,2,1,2026-08-03,4
1013,13649,2,1,2026-08-03,1
1014,32735,2,1,2026-08-03,3
1015,25912,2,1,2026-08-03,3
1016,47389,2,1,2026-08-03,4
1017,40958,2,1,2026-08-03,3
1018,4278,2,1,2026-08-03,3
1019,14524,2,1,2026-08-03,3
1020,24085,2,1,2026-08-03,1
1021,8438,2,1,2026-08-03,3
1022,47022,2,1,2026-08-03,3
1023,7311,2,1,2026-08-03,4
1024,46153,2,1,2026-08-03,4
1025,8347,2,1,2026-08-03,3
1026,11787,2,1,2026-08-03,3
1027,11153,2,1,2026-08-03,3
1028,13799,2,1,2026-08-03,3
1029,45056,2,1,2026-08-03,3
1030,33570,2,1,2026-08-03,3
1031,42687,2,1,2026-08-03,3
1032,44422,2,1,2026-08-03,3
1033,24240,2,1,2026-08-03,4
1034,13057,2,1,2026-08-03,4
1035,31442,2,1,2026-08-03,3
1036,34223,2,1,2026-08-03,2
1037,29828,2,1,2026-08-03,1
1038,31232,2,1,2026-08-03,3
1039,25440,2,1,2026-08-03,3
1040,2974,2,1,2026-08-03,3
1041,18528,2,1,2026-08-03,4
1042,45731,2,1,2026-08-03,1
1043,750,2,1,2026-08-03,4
1044,23075,2,1,2026-08-03,4
1045,19532,2,1,2026-08-03,3
1046,10930,2,1,2026-08-03,1
1047,18345,2,1,2026-08-03,3
1048,24921,2,1,2026-08-03,4
1049,33416,2,1,2026-08-03,4
1050,44187,2,1,2026-08-03,4
1051,20848,2,1,2026-08-03,4
1052,18385,2,1,2026-08-03,3
1053,43613,2,1,2026-08-03,4
1054,9706,2,1,2026-08-03,3
1055,16378,2,1,2026-08-03,3
1056,8983,2,1,2026-08-03,3
1057,48644,2,1,2026-08-03,3
1058,28737,2,1,2026-08-03,4
1059,27647,2,1,2026-08-03,4
1060,17218,2,1,2026-08-03,4
1061,4560,2,1,2026-08-03,3
1062,40866,2,1,2026-08-03,3
1063,45261,2,1,2026-08-03,1
1064,9984,2,1,2026-08-03,3
1065,39521,2,1,2026-08-03,3
1066,40428,2,1,2026-08-03,3
1067,31523,2,1,2026-08-03,4
1068,19884,2,1,2026-08-03,3
1069,16327,2,1,2026-08-03,3
1070,47016,2,1,2026-08-03,3
1071,40719,2,1,2026-08-03,3
1072,28569,2,1,2026-08-03,3
1073,25974,2,1,2026-08-03,3
1074,25805,2,1,2026-08-03,3
1075,2539,2,1,2026-08-03,1
1076,17683,2,1,2026-08-03,1
1077,48088,2,1,2026-08-03,3
1078,30011,2,1,2026-08-03,4
1079,5690,2,1,2026-08-03,4
1080,14326,2,1,2026-08-03,4
1081,39453,2,1,2026-08-03,3
1082,14561,2,1,2026-08-03,3
1083,25155,2,1,2026-08-03,4
1084,46465,2,1,2026-08-03,5
1085,3361,2,1,2026-08-03,3
1086,42490,2,1,2026-08-03,2
1087,23213,2,1,2026-08-03,3
1088,21822,2,1,2026-08-03,3
1089,1349,2,1,2026-08-03,3
1090,18240,2,1,2026-08-03,3
1091,36961,2,1,2026-08-03,1
1092,25332,2,1,2026-08-03,3
1093,23412,2,1,2026-08-03,3
1094,29131,2,1,2026-08-03,2
1095,664,2,1,2026-08-03,3
1096,36718,2,1,2026-08-03,3
1097,26551,2,1,2026-08-03,3
1098,3139,2,1,2026-08-03,3
1099,21674,2,1,2026-08-03,5
1100,27436,2,1,2026-08-03,3
1101,16940,2,1,2026-08-03,4
1102,44678,2,1,2026-08-03,3
1103,14080,2,1,2026-08-03,3
1104,14602,2,1,2026-08-03,4
1105,12974,2,1,2026-08-03,3
1106,32720,2,1,2026-08-03,3
1107,29928,2,1,2026-08-03,4
1108,43216,2,1,2026-08-03,3
1109,38755,2,1,2026-08-03,3
1110,10610,2,1,2026-08-03,1
1111,25002,2,1,2026-08-03,4
1112,34956,2,1,2026-08-03,2
1113,31144,2,1,2026-08-03,4
1114,29872,2,1,2026-08-03,4
1115,7054,2,1,2026-08-03,3
1116,628,2,1,2026-08-03,3
1117,40143,2,1,2026-08-03,3
1118,48674,2,1,2026-08-03,3
1119,38671,2,1,2026-08-03,3
1120,25815,2,1,2026-08-03,3
1121,18029,2,1,2026-08-03,3
1122,16304,2,1,2026-08-03,3
1123,18351,2,1,2026-08-03,1
1124,25710,2,1,2026-08-03,4
1125,38539,2,1,2026-08-03,3
1126,19551,2,1,2026-08-03,3
1127,27758,2,2,2026-08-03,3
1128,2236,2,2,2026-08-03,4
1129,45640,2,2,2026-08-03,4
1130,27577,2,2,2026-08-03,3
1131,46373,2,2,2026-08-03,4
1132,16619,2,2,2026-08-03,4
1133,20253,2,2,2026-08-03,4
1134,258,2,2,2026-08-03,4
1135,4604,2,2,2026-08-03,4
1136,5039,2,2,2026-08-03,3
1137,18887,2,2,2026-08-03,4
1138,24188,2,2,2026-08-03,1
1139,39564,2,2,2026-08-03,1
1140,48815,2,2,2026-08-03,3
1141,18494,2,2,2026-08-03,4
1142,26546,2,2,2026-08-03,4
1143,2126,2,2,2026-08-03,4
1144,37027,2,2,2026-08-03,4
1145,27778,2,2,2026-08-03,4
1146,23284,2,2,2026-08-03,3
1147,40987,2,2,2026-08-03,1
1148,34468,2,2,2026-08-03,2
1149,18312,2,2,2026-08-03,3
1150,21222,2,2,2026-08-03,3
1151,47772,2,2,2026-08-03,4
1152,49297,2,2,2026-08-03,3
1153,2993,2,2,2026-08-03,4
1154,1834,2,2,2026-08-03,2
1155,29605,2,2,2026-08-03,1
1156,40824,2,2,2026-08-03,4
1157,17267,2,2,2026-08-03,3
1158,45887,2,2,2026-08-03,3
1159,33689,2,2,2026-08-03,4
1160,20851,2,2,2026-08-03,4
1161,7439,2,2,2026-08-03,4
1162,18308,2,2,2026-08-03,4
1163,35122,2,2,2026-08-03,4
1164,7539,2,2,2026-08-03,4
1165,50,2,2,2026-08-03,3
1166,7203,2,2,2026-08-03,3
1167,13253,2,2,2026-08-03,4
1168,15317,2,2,2026-08-03,4
1169,4183,2,2,2026-08-03,3
1170,24070,2,2,2026-08-03,4
1171,27679,2,2,2026-08-03,3
1172,2748,2,2,2026-08-03,1
1173,16573,2,2,2026-08-03,3
1174,49477,2,2,2026-08-03,3
1175,44079,2,2,2026-08-03,4
1176,1892,2,2,2026-08-03,3
1177,21473,1,1,2026-08-04,3
1178,36292,1,1,2026-08-04,3
1179,31851,1,1,2026-08-04,3
1180,42504,1,1,2026-08-04,3
1181,24896,1,1,2026-08-04,3
1182,31849,1,1,2026-08-04,3
1183,17912,1,1,2026-08-04,3
1184,47993,1,1,2026-08-04,3
1185,5363,1,1,2026-08-04,3
1186,23441,1,1,2026-08-04,3
1187,29452,1,1,2026-08-04,3
1188,18326,1,1,2026-08-04,3
1189,16228,1,1,2026-08-04,3
1190,7914,1,1,2026-08-04,1
1191,15137,1,1,2026-08-04,1
1192,25824,1,1,2026-08-04,1
1193,17058,1,1,2026-08-04,3
1194,14971,1,1,2026-08-04,3
1195,40340,1,1,2026-08-04,3
1196,28537,1,1,2026-08-04,3
1197,621,1,1,2026-08-04,3
1198,18734,1,1,2026-08-04,3
1199,32709,1,1,2026-08-04,3
1200,15059,1,1,2026-08-04,3
1201,34083,1,1,2026-08-04,3
1202,28151,1,1,2026-08-04,3
1203,2548,1,1,2026-08-04,3
1204,41114,1,1,2026-08-04,3
1205,21259,1,1,2026-08-04,3
1206,20742,1,1,2026-08-04,3
1207,20535,1,1,2026-08-04,3
1208,29311,1,1,2026-08-04,3
1209,47747,1,1,2026-08-04,3
1210,19867,1,1,2026-08-04,3
1211,24512,1,1,2026-08-04,3
1212,42050,1,1,2026-08-04,3
1213,45377,1,1,2026-08-04,4
1214,43426,1,1,2026-08-04,3
1215,7697,1,1,2026-08-04,3
1216,42368,1,1,2026-08-04,3
1217,18409,1,1,2026-08-04,3
1218,10188,1,1,2026-08-04,3
1219,29967,1,1,2026-08-04,3
1220,15335,1,1,2026-08-04,3
1221,18149,1,1,2026-08-04,3
1222,43371,1,1,2026-08-04,3
1223,24376,1,1,2026-08-04,3
1224,4247,1,1,2026-08-04,4
1225,29249,1,1,2026-08-04,1
1226,45140,1,1,2026-08-04,3
1227,23629,1,1,2026-08-04,4
1228,39596,1,1,2026-08-04,3
1229,12025,1,1,2026-08-04,4
1230,14757,1,1,2026-08-04,3
1231,1609,1,1,2026-08-04,3
1232,36249,1,1,2026-08-04,3
1233,19346,1,1,2026-08-04,3
1234,22403,1,1,2026-08-04,3
1235,4537,1,1,2026-08-04,3
1236,12131,1,1,2026-08-04,3
1237,20859,1,1,2026-08-04,1
1238,27769,1,1,2026-08-04,4
1239,44462,1,1,2026-08-04,3
1240,20312,1,1,2026-08-04,3
1241,1293,1,1,2026-08-04,3
1242,23019,1,1,2026-08-04,3
1243,32904,1,1,2026-08-04,3
1244,39355,1,1,2026-08-04,1
1245,16130,1,1,2026-08-04,5
1246,8868,1,1,2026-08-04,3
1247,23256,1,1,2026-08-04,3
1248,36440,1,1,2026-08-04,3
1249,21673,1,1,2026-08-04,3
1250,36260,1,1,2026-08-04,4
1251,34910,1,1,2026-08-04,3
1252,30399,1,1,2026-08-04,3
1253,36967,1,1,2026-08-04,3
1254,6734,1,1,2026-08-04,3
1255,36334,1,1,2026-08-04,3
1256,17253,1,1,2026-08-04,3
1257,36899,1,1,2026-08-04,3
1258,11733,1,1,2026-08-04,3
1259,13858,1,1,2026-08-04,4
1260,4177,1,1,2026-08-04,3
1261,26123,1,1,2026-08-04,3
1262,34412,1,1,2026-08-04,3
1263,4550,1,1,2026-08-04,1
1264,15407,1,1,2026-08-04,4
1265,12435,1,1,2026-08-04,3
1266,38943,1,1,2026-08-04,3
1267,1573,1,1,2026-08-04,3
1268,27596,1,1,2026-08-04,3
1269,15425,1,1,2026-08-04,3
1270,25756,1,1,2026-08-04,3
1271,25254,1,1,2026-08-04,1
1272,24841,1,1,2026-08-04,3
1273,21678,1,1,2026-08-04,3
1274,10939,1,1,2026-08-04,4
1275,37855,1,1,2026-08-04,3
1276,49982,1,1,2026-08-04,3
1277,43928,1,1,2026-08-04,3
1278,31215,1,1,2026-08-04,3
1279,29156,1,1,2026-08-04,3
1280,36167,1,1,2026-08-04,3
1281,22683,1,1,2026-08-04,3
1282,36694,1,1,2026-08-04,3
1283,31894,1,1,2026-08-04,3
1284,4060,1,1,2026-08-04,3
1285,30219,1,1,2026-08-04,3
1286,591,1,1,2026-08-04,3
1287,17329,1,1,2026-08-04,3
1288,41593,1,1,2026-08-04,3
1289,44677,1,1,2026-08-04,3
1290,48283,1,1,2026-08-04,4
1291,39105,1,1,2026-08-04,3
1292,15305,1,1,2026-08-04,3
1293,4203,1,1,2026-08-04,3
1294,29183,1,1,2026-08-04,4
1295,24159,1,1,2026-08-04,3
1296,46432,1,1,2026-08-04,3
1297,3780,1,1,2026-08-04,3
1298,46489,1,1,2026-08-04,3
1299,12941,1,1,2026-08-04,3
1300,36601,1,1,2026-08-04,3
1301,14246,1,1,2026-08-04,1
1302,2585,1,1,2026-08-04,3
1303,46751,1,1,2026-08-04,3
1304,23887,1,1,2026-08-04,4
1305,34532,1,1,2026-08-04,3
1306,35664,1,1,2026-08-04,3
1307,17653,1,1,2026-08-04,3
1308,23714,1,1,2026-08-04,3
1309,12776,1,1,2026-08-04,3
1310,5847,1,1,2026-08-04,3
1311,15245,1,1,2026-08-04,3
1312,10592,1,1,2026-08-04,3
1313,46116,1,1,2026-08-04,3
1314,32779,1,1,2026-08-04,3
1315,38555,1,1,2026-08-04,3
1316,48080,1,1,2026-08-04,5
1317,46166,1,1,2026-08-04,3
1318,20283,1,1,2026-08-04,3
1319,15528,1,1,2026-08-04,3
1320,40981,1,1,2026-08-04,3
1321,22629,1,1,2026-08-04,3
1322,42636,1,1,2026-08-04,3
1323,6166,1,1,2026-08-04,3
1324,28706,1,1,2026-08-04,4
1325,3384,1,1,2026-08-04,3
1326,40949,1,1,2026-08-04,3
1327,24999,1,1,2026-08-04,3
1328,42827,1,1,2026-08-04,3
1329,19662,1,1,2026-08-04,3
1330,21467,1,1,2026-08-04,3
1331,24562,1,1,2026-08-04,3
1332,29855,1,1,2026-08-04,3
1333,6291,1,1,2026-08-04,3
1334,27834,1,1,2026-08-04,3
1335,8158,1,1,2026-08-04,1
1336,38759,1,1,2026-08-04,4
1337,15718,1,1,2026-08-04,3
1338,39164,1,1,2026-08-04,3
1339,21795,1,1,2026-08-04,3
1340,22437,1,1,2026-08-04,3
1341,16655,1,1,2026-08-04,3
1342,4336,1,1,2026-08-04,3
1343,9565,1,1,2026-08-04,3
1344,48732,1,1,2026-08-04,3
1345,8218,1,1,2026-08-04,3
1346,689,1,1,2026-08-04,4
1347,10427,1,1,2026-08-04,3
1348,28080,1,1,2026-08-04,1
1349,46922,1,1,2026-08-04,3
1350,15120,1,1,2026-08-04,3
1351,30805,1,1,2026-08-04,3
1352,18924,1,1,2026-08-04,1
1353,7174,1,1,2026-08-04,3
1354,37587,1,1,2026-08-04,3
1355,18675,1,1,2026-08-04,3
1356,46208,1,1,2026-08-04,3
1357,31089,1,1,2026-08-04,3
1358,1248,1,1,2026-08-04,4
1359,45434,1,1,2026-08-04,3
1360,8826,1,1,2026-08-04,3
1361,37910,1,1,2026-08-04,3
1362,20629,1,1,2026-08-04,4
1363,35111,1,1,2026-08-04,3
1364,26105,1,1,2026-08-04,3
1365,42835,1,1,2026-08-04,4
1366,34562,1,1,2026-08-04,3
1367,45143,1,1,2026-08-04,3
1368,38024,1,1,2026-08-04,3
1369,24862,1,1,2026-08-04,3
1370,30046,1,1,2026-08-04,3
1371,3549,1,1,2026-08-04,3
1372,46669,1,1,2026-08-04,1
1373,27279,1,1,2026-08-04,3
1374,21279,1,1,2026-08-04,3
1375,29016,1,1,2026-08-04,3
1376,28799,1,1,2026-08-04,3
1377,27696,1,1,2026-08-04,3
1378,28730,1,1,2026-08-04,4
1379,14304,1,1,2026-08-04,1
1380,32129,1,1,2026-08-04,3
1381,32300,1,1,2026-08-04,3
1382,32969,1,1,2026-08-04,3
1383,22603,1,1,2026-08-04,3
1384,43410,1,1,2026-08-04,4
1385,37464,1,1,2026-08-04,4
1386,6710,1,1,2026-08-04,3
1387,27482,1,1,2026-08-04,3
1388,33371,1,1,2026-08-04,3
1389,25656,1,1,2026-08-04,5
1390,30414,1,1,2026-08-04,3
1391,48852,1,1,2026-08-04,3
1392,36385,1,1,2026-08-04,4
1393,19398,1,1,2026-08-04,3
1394,17769,1,1,2026-08-04,3
1395,27504,1,1,2026-08-04,3
1396,19042,1,1,2026-08-04,3
1397,23082,1,1,2026-08-04,4
1398,24036,1,1,2026-08-04,3
1399,617,1,1,2026-08-04,3
1400,41989,1,1,2026-08-04,3
1401,20904,1,1,2026-08-04,3
1402,20182,1,1,2026-08-04,3
1403,42783,1,1,2026-08-04,1
1404,16419,1,1,2026-08-04,3
1405,36035,1,1,2026-08-04,3
1406,29723,1,1,2026-08-04,3
1407,10736,1,1,2026-08-04,4
1408,47450,1,1,2026-08-04,3
1409,40777,1,1,2026-08-04,3
1410,37340,1,1,2026-08-04,3
1411,39361,1,1,2026-08-04,1
1412,38124,1,1,2026-08-04,4
1413,39575,1,1,2026-08-04,3
1414,41479,1,1,2026-08-04,3
1415,39312,1,1,2026-08-04,3
1416,35992,1,1,2026-08-04,3
1417,23061,1,1,2026-08-04,3
1418,27390,1,1,2026-08-04,4
1419,3291,1,1,2026-08-04,3
1420,30397,1,1,2026-08-04,3
1421,30715,1,1,2026-08-04,3
1422,40610,1,1,2026-08-04,3
1423,27714,1,1,2026-08-04,3
1424,28194,1,1,2026-08-04,3
1425,10568,1,1,2026-08-04,3
1426,3901,1,1,2026-08-04,3
1427,22015,1,1,2026-08-04,3
1428,10536,1,1,2026-08-04,3
1429,14741,1,1,2026-08-04,3
1430,43628,1,1,2026-08-04,3
1431,17089,1,1,2026-08-04,3
1432,49438,1,1,2026-08-04,3
1433,29124,1,1,2026-08-04,3
1434,25487,1,1,2026-08-04,3
1435,3779,1,1,2026-08-04,3
1436,27438,1,1,2026-08-04,4
1437,25343,1,1,2026-08-04,3
1438,14688,1,1,2026-08-04,3
1439,29247,1,1,2026-08-04,3
1440,11199,1,1,2026-08-04,5
1441,22846,1,1,2026-08-04,3
1442,35608,1,1,2026-08-04,1
1443,15668,1,1,2026-08-04,3
1444,2382,1,1,2026-08-04,3
1445,46139,1,1,2026-08-04,3
1446,11226,1,1,2026-08-04,4
1447,7774,1,1,2026-08-04,3
1448,715,1,1,2026-08-04,3
1449,4010,1,1,2026-08-04,1
1450,31880,1,1,2026-08-04,3
1451,4803,1,1,2026-08-04,3
1452,24813,1,1,2026-08-04,3
1453,9582,1,1,2026-08-04,3
1454,46817,1,1,2026-08-04,3
1455,7708,1,1,2026-08-04,3
1456,34679,1,1,2026-08-04,3
1457,3029,1,1,2026-08-04,3
1458,11472,1,1,2026-08-04,3
1459,43059,1,1,2026-08-04,3
1460,18336,1,1,2026-08-04,4
1461,25545,1,1,2026-08-04,3
1462,19151,1,1,2026-08-04,3
1463,1741,1,1,2026-08-04,3
1464,17581,1,1,2026-08-04,3
1465,29834,1,1,2026-08-04,4
1466,2403,1,1,2026-08-04,3
1467,26646,1,1,2026-08-04,3
1468,45810,1,1,2026-08-04,3
1469,27583,1,1,2026-08-04,3
1470,26166,1,1,2026-08-04,3
1471,28445,1,1,2026-08-04,3
1472,44828,1,1,2026-08-04,3
1473,18978,1,1,2026-08-04,3
1474,38983,1,1,2026-08-04,1
1475,16974,1,1,2026-08-04,1
1476,19815,1,1,2026-08-04,3
1477,26635,1,1,2026-08-04,3
1478,32960,1,1,2026-08-04,3
1479,4865,1,1,2026-08-04,5
1480,1631,1,1,2026-08-04,3
1481,6190,1,1,2026-08-04,4
1482,48472,1,1,2026-08-04,3
1483,21635,1,1,2026-08-04,3
1484,32723,1,1,2026-08-04,3
1485,32352,1,1,2026-08-04,3
1486,10077,1,1,2026-08-04,1
1487,34367,1,1,2026-08-04,1
1488,12000,1,1,2026-08-04,3
1489,41512,1,1,2026-08-04,1
1490,41253,1,1,2026-08-04,4
1491,29824,1,1,2026-08-04,3
1492,10739,1,1,2026-08-04,3
1493,7876,1,1,2026-08-04,3
1494,24974,1,1,2026-08-04,1
1495,4960,1,1,2026-08-04,3
1496,27041,1,1,2026-08-04,3
1497,49065,1,1,2026-08-04,4
1498,15797,1,1,2026-08-04,3
1499,17666,1,1,2026-08-04,3
1500,43102,1,1,2026-08-04,3
1501,6936,1,1,2026-08-04,3
1502,41032,1,1,2026-08-04,3
1503,15482,1,1,2026-08-04,3
1504,11872,1,1,2026-08-04,3
1505,17952,1,1,2026-08-04,3
1506,48329,1,1,2026-08-04,3
1507,6662,1,1,2026-08-04,3
1508,6615,1,1,2026-08-04,3
1509,18206,1,1,2026-08-04,1
1510,32307,1,1,2026-08-04,3
1511,11670,1,1,2026-08-04,3
1512,28002,1,1,2026-08-04,3
1513,35683,1,1,2026-08-04,4
1514,28880,1,1,2026-08-04,1
1515,25356,1,1,2026-08-04,3
1516,10627,1,1,2026-08-04,3
1517,22680,1,1,2026-08-04,3
1518,22707,1,1,2026-08-04,3
1519,26964,1,1,2026-08-04,3
1520,43346,1,1,2026-08-04,3
1521,44983,1,1,2026-08-04,3
1522,44165,1,1,2026-08-04,3
1523,39140,1,1,2026-08-04,1
1524,17197,1,1,2026-08-04,3
1525,27092,1,1,2026-08-04,3
1526,4234,1,1,2026-08-04,3
1527,17247,1,1,2026-08-04,3
1528,26195,1,1,2026-08-04,3
1529,10986,1,1,2026-08-04,3
1530,7729,1,1,2026-08-04,3
1531,12562,1,1,2026-08-04,3
1532,5081,1,1,2026-08-04,1
1533,9268,1,1,2026-08-04,3
1534,42410,1,1,2026-08-04,3
1535,15240,1,1,2026-08-04,3
1536,20815,1,1,2026-08-04,3
1537,7603,1,1,2026-08-04,3
1538,43092,1,1,2026-08-04,3
1539,30934,1,1,2026-08-04,3
1540,27373,1,1,2026-08-04,5
1541,26849,1,1,2026-08-04,1
1542,6404,1,1,2026-08-04,3
1543,12708,1,1,2026-08-04,3
1544,9739,1,1,2026-08-04,3
1545,40891,1,1,2026-08-04,3
1546,25060,1,1,2026-08-04,3
1547,15250,1,1,2026-08-04,1
1548,14182,1,1,2026-08-04,4
1549,49185,1,1,2026-08-04,3
1550,48601,1,1,2026-08-04,3
1551,44589,1,1,2026-08-04,3
1552,752,1,1,2026-08-04,3
1553,16641,1,1,2026-08-04,3
1554,12490,1,1,2026-08-04,3
1555,46323,1,1,2026-08-04,3
1556,2239,1,1,2026-08-04,3
1557,32121,1,1,2026-08-04,3
1558,43747,1,1,2026-08-04,3
1559,23333,1,1,2026-08-04,3
1560,15688,1,1,2026-08-04,3
1561,9707,1,1,2026-08-04,3
1562,29194,1,1,2026-08-04,3
1563,8989,1,1,2026-08-04,3
1564,17387,1,1,2026-08-04,3
1565,49856,1,1,2026-08-04,3
1566,46502,1,1,2026-08-04,3
1567,11518,1,1,2026-08-04,3
1568,46633,1,1,2026-08-04,3
1569,6814,1,1,2026-08-04,3
1570,16853,1,1,2026-08-04,3
1571,46619,1,1,2026-08-04,3
1572,11881,1,1,2026-08-04,3
1573,11064,1,1,2026-08-04,3
1574,18915,1,1,2026-08-04,3
1575,32381,1,1,2026-08-04,3
1576,5208,1,1,2026-08-04,4
1577,49557,1,1,2026-08-04,3
1578,44380,1,1,2026-08-04,3
1579,28739,1,1,2026-08-04,3
1580,42843,1,1,2026-08-04,6
1581,11589,1,1,2026-08-04,3
1582,28621,1,1,2026-08-04,5
1583,5655,1,1,2026-08-04,3
1584,35829,1,1,2026-08-04,3
1585,16319,1,1,2026-08-04,3
1586,39087,1,1,2026-08-04,3
1587,34636,1,1,2026-08-04,3
1588,18774,1,1,2026-08-04,3
1589,44762,1,1,2026-08-04,3
1590,26613,1,1,2026-08-04,4
1591,15903,1,1,2026-08-04,3
1592,49044,1,1,2026-08-04,3
1593,42285,1,1,2026-08-04,3
1594,16449,1,1,2026-08-04,3
1595,4109,1,1,2026-08-04,3
1596,43886,1,1,2026-08-04,3
1597,43934,1,1,2026-08-04,3
1598,18316,1,1,2026-08-04,3
1599,30174,1,1,2026-08-04,3
1600,21466,1,1,2026-08-04,3
1601,22173,1,1,2026-08-04,3
1602,9494,1,1,2026-08-04,3
1603,47758,1,1,2026-08-04,3
1604,36554,1,1,2026-08-04,3
1605,26431,1,1,2026-08-04,3
1606,4184,1,1,2026-08-04,3
1607,7620,1,1,2026-08-04,3
1608,20410,1,1,2026-08-04,3
1609,38926,1,1,2026-08-04,3
1610,8392,1,1,2026-08-04,3
1611,1339,1,1,2026-08-04,3
1612,45276,1,1,2026-08-04,3
1613,40449,1,1,2026-08-04,3
1614,39839,1,1,2026-08-04,3
1615,16761,1,1,2026-08-04,3
1616,35701,1,1,2026-08-04,3
1617,8013,1,1,2026-08-04,3
1618,22207,1,1,2026-08-04,3
1619,20719,1,1,2026-08-04,3
1620,3882,1,1,2026-08-04,3
1621,4358,1,1,2026-08-04,3
1622,46214,1,1,2026-08-04,3
1623,38112,1,1,2026-08-04,3
1624,38285,1,1,2026-08-04,3
1625,44269,1,1,2026-08-04,4
1626,49783,1,1,2026-08-04,3
1627,40068,1,1,2026-08-04,3
1628,21791,1,1,2026-08-04,3
1629,10116,1,1,2026-08-04,3
1630,22109,1,1,2026-08-04,3
1631,46055,1,1,2026-08-04,3
1632,35054,1,1,2026-08-04,3
1633,19065,1,1,2026-08-04,3
1634,30424,1,1,2026-08-04,3
1635,13223,1,1,2026-08-04,1
1636,20133,1,1,2026-08-04,3
1637,41920,1,1,2026-08-04,1
1638,34417,1,1,2026-08-04,3
1639,3318,1,1,2026-08-04,3
1640,9947,1,1,2026-08-04,1
1641,26477,1,1,2026-08-04,3
1642,45484,1,1,2026-08-04,3
1643,4178,1,1,2026-08-04,3
1644,2715,1,1,2026-08-04,4
1645,39964,1,1,2026-08-04,3
1646,20267,1,1,2026-08-04,3
1647,8201,1,1,2026-08-04,3
1648,30304,1,1,2026-08-04,4
1649,47264,1,1,2026-08-04,1
1650,43501,1,1,2026-08-04,3
1651,22347,1,1,2026-08-04,3
1652,19878,1,1,2026-08-04,1
1653,41592,1,1,2026-08-04,1
1654,32605,1,1,2026-08-04,3
1655,17122,1,1,2026-08-04,3
1656,24069,1,1,2026-08-04,3
1657,1101,1,1,2026-08-04,3
1658,18166,1,1,2026-08-04,3
1659,19438,1,1,2026-08-04,1
1660,5213,1,1,2026-08-04,3
1661,45986,1,1,2026-08-04,3
1662,35418,1,1,2026-08-04,3
1663,28697,1,1,2026-08-04,3
1664,12478,1,1,2026-08-04,3
1665,2842,1,1,2026-08-04,1
1666,973,1,1,2026-08-04,3
1667,47443,1,1,2026-08-04,3
1668,35280,1,1,2026-08-04,3
1669,2015,1,1,2026-08-04,3
1670,25361,1,1,2026-08-04,3
1671,3819,1,1,2026-08-04,1
1672,17544,1,1,2026-08-04,3
1673,46302,1,1,2026-08-04,3
1674,21624,1,1,2026-08-04,3
1675,18338,1,1,2026-08-04,3
1676,48827,1,1,2026-08-04,1
1677,20501,1,1,2026-08-04,3
1678,18417,1,1,2026-08-04,3
1679,25149,1,1,2026-08-04,3
1680,43002,1,1,2026-08-04,1
1681,10045,1,1,2026-08-04,3
1682,39420,1,1,2026-08-04,1
1683,9506,1,1,2026-08-04,3
1684,11527,1,1,2026-08-04,3
1685,47593,1,1,2026-08-04,3
1686,15073,1,1,2026-08-04,3
1687,29290,1,1,2026-08-04,3
1688,30139,1,1,2026-08-04,3
1689,29347,1,1,2026-08-04,3
1690,12961,1,1,2026-08-04,3
1691,2699,1,1,2026-08-04,3
1692,42366,1,1,2026-08-04,3
1693,9537,1,1,2026-08-04,3
1694,8364,1,1,2026-08-04,3
1695,22454,1,1,2026-08-04,1
1696,40289,1,1,2026-08-04,5
1697,19275,1,1,2026-08-04,1
1698,14438,1,1,2026-08-04,3
1699,34464,1,1,2026-08-04,3
1700,45175,1,1,2026-08-04,3
1701,1858,1,1,2026-08-04,3
1702,29167,1,1,2026-08-04,1
1703,33045,1,1,2026-08-04,3
1704,29320,1,1,2026-08-04,1
1705,9594,1,1,2026-08-04,5
1706,12333,1,1,2026-08-04,3
1707,13252,1,1,2026-08-04,3
1708,28216,1,1,2026-08-04,3
1709,45091,1,1,2026-08-04,3
1710,15076,1,1,2026-08-04,3
1711,11720,1,1,2026-08-04,1
1712,26,1,1,2026-08-04,3
1713,44512,1,1,2026-08-04,3
1714,19135,1,1,2026-08-04,3
1715,47459,1,1,2026-08-04,3
1716,45524,1,1,2026-08-04,3
1717,33277,1,1,2026-08-04,3
1718,40294,1,1,2026-08-04,3
1719,43959,1,1,2026-08-04,3
1720,166,1,1,2026-08-04,3
1721,38963,1,1,2026-08-04,3
1722,23823,1,1,2026-08-04,1
1723,6375,1,1,2026-08-04,3
1724,7119,1,1,2026-08-04,3
1725,8018,1,1,2026-08-04,3
1726,45509,1,1,2026-08-04,3
1727,24720,1,1,2026-08-04,3
1728,20771,1,1,2026-08-04,3
1729,18251,1,1,2026-08-04,4
1730,13102,1,1,2026-08-04,1
1731,49135,1,1,2026-08-04,3
1732,18499,1,1,2026-08-04,3
1733,17508,1,1,2026-08-04,3
1734,31449,1,1,2026-08-04,3
1735,46906,1,1,2026-08-04,3
1736,13403,1,1,2026-08-04,3
1737,44587,1,1,2026-08-04,3
1738,14851,1,1,2026-08-04,3
1739,15952,1,1,2026-08-04,3
1740,27963,1,1,2026-08-04,1
1741,15147,1,1,2026-08-04,3
1742,17321,1,1,2026-08-04,3
1743,37157,1,1,2026-08-04,4
1744,19668,1,1,2026-08-04,3
1745,4445,1,1,2026-08-04,3
1746,33764,1,1,2026-08-04,3
1747,31770,1,1,2026-08-04,4
1748,45200,1,1,2026-08-04,3
1749,40951,1,1,2026-08-04,3
1750,49127,1,1,2026-08-04,3
1751,20258,1,1,2026-08-04,3
1752,34873,1,1,2026-08-04,3
1753,35677,1,1,2026-08-04,3
1754,10697,1,1,2026-08-04,3
1755,41275,1,1,2026-08-04,3
1756,34211,1,1,2026-08-04,3
1757,48004,1,1,2026-08-04,3
1758,9295,1,1,2026-08-04,3
1759,33521,1,1,2026-08-04,4
1760,30365,1,1,2026-08-04,3
1761,4829,1,1,2026-08-04,1
1762,25976,1,1,2026-08-04,3
1763,2559,1,1,2026-08-04,4
1764,42557,1,1,2026-08-04,3
1765,41601,1,1,2026-08-04,3
1766,10890,1,1,2026-08-04,3
1767,39928,1,1,2026-08-04,3
1768,22828,1,1,2026-08-04,3
1769,5082,1,1,2026-08-04,3
1770,35525,1,1,2026-08-04,3
1771,10717,1,1,2026-08-04,1
1772,38793,1,1,2026-08-04,3
1773,31248,1,1,2026-08-04,3
1774,24824,1,1,2026-08-04,4
1775,11874,1,1,2026-08-04,3
1776,593,1,1,2026-08-04,3
1777,36794,1,1,2026-08-04,3
1778,13869,1,1,2026-08-04,3
1779,20455,1,1,2026-08-04,3
1780,8033,1,1,2026-08-04,3
1781,48393,1,1,2026-08-04,3
1782,23184,1,1,2026-08-04,3
1783,28679,1,1,2026-08-04,3
1784,387,1,1,2026-08-04,4
1785,17737,1,1,2026-08-04,3
1786,27718,1,1,2026-08-04,3
1787,29302,1,1,2026-08-04,3
1788,42761,1,1,2026-08-04,3
1789,22842,1,1,2026-08-04,3
1790,2914,1,1,2026-08-04,3
1791,41182,1,1,2026-08-04,3
1792,42392,1,1,2026-08-04,3
1793,6326,1,1,2026-08-04,3
1794,38346,1,1,2026-08-04,1
1795,45167,1,1,2026-08-04,3
1796,36289,1,1,2026-08-04,3
1797,31164,1,1,2026-08-04,3
1798,12203,1,1,2026-08-04,3
1799,43498,1,1,2026-08-04,3
1800,42040,1,1,2026-08-04,3
1801,48395,1,1,2026-08-04,3
1802,42058,3,1,2026-08-04,3
1803,1792,3,1,2026-08-04,3
1804,34308,3,1,2026-08-04,4
1805,46827,3,1,2026-08-04,2
1806,22135,3,1,2026-08-04,2
1807,28057,3,1,2026-08-04,3
1808,40844,3,1,2026-08-04,3
1809,48221,3,1,2026-08-04,2
1810,40393,3,1,2026-08-04,3
1811,3962,3,1,2026-08-04,2
1812,15308,3,1,2026-08-04,2
1813,24681,3,1,2026-08-04,3
1814,15375,3,1,2026-08-04,3
1815,18693,3,1,2026-08-04,2
1816,23906,3,1,2026-08-04,2
1817,18917,3,1,2026-08-04,1
1818,28033,3,1,2026-08-04,2
1819,9774,3,1,2026-08-04,2
1820,43576,3,1,2026-08-04,3
1821,26792,3,1,2026-08-04,1
1822,32542,3,1,2026-08-04,1
1823,21927,3,1,2026-08-04,3
1824,47432,3,1,2026-08-04,2
1825,42663,3,1,2026-08-04,2
1826,46542,3,1,2026-08-04,2
1827,29784,3,1,2026-08-04,3
1828,8333,3,1,2026-08-04,1
1829,7132,3,1,2026-08-04,1
1830,13506,3,1,2026-08-04,1
1831,3431,3,1,2026-08-04,1
1832,24325,3,1,2026-08-04,3
1833,6926,3,1,2026-08-04,3
1834,27850,3,1,2026-08-04,3
1835,42009,3,1,2026-08-04,1
1836,49390,3,1,2026-08-04,3
1837,7359,3,1,2026-08-04,1
1838,26481,3,1,2026-08-04,1
1839,29934,3,1,2026-08-04,3
1840,24646,3,1,2026-08-04,3
1841,22070,3,1,2026-08-04,3
1842,456,3,1,2026-08-04,3
1843,21963,3,1,2026-08-04,3
1844,45988,3,1,2026-08-04,3
1845,9400,3,1,2026-08-04,3
1846,26532,3,1,2026-08-04,3
1847,21488,3,1,2026-08-04,3
1848,5770,3,1,2026-08-04,1
1849,48492,3,1,2026-08-04,3
1850,28603,3,1,2026-08-04,3
1851,3562,3,1,2026-08-04,3
1852,14449,3,1,2026-08-04,3
1853,15500,3,1,2026-08-04,2
1854,42189,3,1,2026-08-04,3
1855,41138,3,1,2026-08-04,4
1856,27729,3,1,2026-08-04,3
1857,37260,3,1,2026-08-04,3
1858,43101,3,1,2026-08-04,4
1859,38955,3,1,2026-08-04,2
1860,42449,3,1,2026-08-04,3
1861,25515,3,1,2026-08-04,3
1862,23192,3,1,2026-08-04,1
1863,12500,3,1,2026-08-04,1
1864,33704,3,1,2026-08-04,3
1865,25828,3,1,2026-08-04,3
1866,20280,3,1,2026-08-04,3
1867,35805,3,1,2026-08-04,3
1868,8794,3,1,2026-08-04,3
1869,12361,3,1,2026-08-04,1
1870,30902,3,1,2026-08-04,1
1871,27595,3,1,2026-08-04,2
1872,33775,3,1,2026-08-04,2
1873,21533,3,1,2026-08-04,3
1874,35358,3,1,2026-08-04,3
1875,48102,3,1,2026-08-04,2
1876,13937,3,1,2026-08-04,2
1877,18565,3,1,2026-08-04,3
1878,8689,3,1,2026-08-04,4
1879,32267,3,1,2026-08-04,3
1880,21893,3,1,2026-08-04,1
1881,23631,3,1,2026-08-04,2
1882,25418,3,1,2026-08-04,2
1883,2714,3,1,2026-08-04,2
1884,44599,3,1,2026-08-04,1
1885,13427,3,1,2026-08-04,1
1886,16452,3,1,2026-08-04,3
1887,38145,3,1,2026-08-04,2
1888,27040,3,1,2026-08-04,3
1889,45666,3,1,2026-08-04,3
1890,2416,3,1,2026-08-04,3
1891,10333,3,1,2026-08-04,3
1892,13687,3,1,2026-08-04,2
1893,31956,3,1,2026-08-04,2
1894,9847,3,1,2026-08-04,3
1895,47449,3,1,2026-08-04,2
1896,45428,3,1,2026-08-04,2
1897,39460,3,1,2026-08-04,3
1898,25007,3,1,2026-08-04,4
1899,44160,3,1,2026-08-04,1
1900,4887,3,1,2026-08-04,4
1901,15251,3,1,2026-08-04,2
1902,6720,3,1,2026-08-04,4
1903,31422,3,1,2026-08-04,3
1904,34839,3,1,2026-08-04,3
1905,20419,3,1,2026-08-04,5
1906,41155,3,1,2026-08-04,2
1907,31608,3,1,2026-08-04,3
1908,4969,3,1,2026-08-04,3
1909,2992,3,1,2026-08-04,2
1910,17020,3,1,2026-08-04,5
1911,10892,3,1,2026-08-04,2
1912,16717,3,1,2026-08-04,3
1913,40443,3,1,2026-08-04,4
1914,7691,3,1,2026-08-04,3
1915,35528,3,1,2026-08-04,3
1916,33351,3,1,2026-08-04,2
1917,17352,3,1,2026-08-04,3
1918,31798,3,1,2026-08-04,3
1919,34351,3,1,2026-08-04,2
1920,24219,3,1,2026-08-04,3
1921,21950,3,1,2026-08-04,2
1922,41875,3,1,2026-08-04,1
1923,11047,3,1,2026-08-04,1
1924,48723,3,1,2026-08-04,3
1925,43780,3,1,2026-08-04,3
1926,48207,3,1,2026-08-04,3
1927,8933,3,1,2026-08-04,1
1928,34477,3,1,2026-08-04,1
1929,21663,3,1,2026-08-04,1
1930,12132,3,1,2026-08-04,3
1931,39239,3,1,2026-08-04,3
1932,37883,3,1,2026-08-04,3
1933,33329,3,1,2026-08-04,1
1934,40082,3,1,2026-08-04,5
1935,12681,3,1,2026-08-04,3
1936,46709,3,1,2026-08-04,3
1937,11640,3,1,2026-08-04,3
1938,9149,3,1,2026-08-04,3
1939,24575,3,1,2026-08-04,3
1940,40479,3,1,2026-08-04,3
1941,48791,3,1,2026-08-04,3
1942,13904,3,1,2026-08-04,2
1943,6737,3,1,2026-08-04,3
1944,39885,3,1,2026-08-04,2
1945,22164,3,1,2026-08-04,3
1946,6534,3,1,2026-08-04,1
1947,43004,3,1,2026-08-04,3
1948,4511,3,1,2026-08-04,2
1949,28849,3,1,2026-08-04,2
1950,37809,3,1,2026-08-04,3
1951,785,3,1,2026-08-04,4
1952,46723,3,1,2026-08-04,3
1953,9045,3,1,2026-08-04,4
1954,29562,3,1,2026-08-04,4
1955,31595,3,1,2026-08-04,3
1956,22713,3,1,2026-08-04,3
1957,9179,3,1,2026-08-04,1
1958,5343,3,1,2026-08-04,3
1959,26743,3,1,2026-08-04,1
1960,10462,3,1,2026-08-04,3
1961,5818,3,1,2026-08-04,1
1962,17506,3,1,2026-08-04,3
1963,17018,3,1,2026-08-04,3
1964,47093,3,1,2026-08-04,1
1965,27329,3,1,2026-08-04,3
1966,6357,3,1,2026-08-04,1
1967,15167,3,1,2026-08-04,3
1968,18242,3,1,2026-08-04,3
1969,14149,3,1,2026-08-04,4
1970,45291,3,1,2026-08-04,3
1971,45395,3,1,2026-08-04,3
1972,44432,3,1,2026-08-04,1
1973,39878,3,1,2026-08-04,3
1974,47588,3,1,2026-08-04,2
1975,37736,3,1,2026-08-04,2
1976,37291,3,1,2026-08-04,2
1977,43781,3,1,2026-08-04,3
1978,40462,3,1,2026-08-04,3
1979,20679,3,1,2026-08-04,1
1980,45904,3,1,2026-08-04,3
1981,37027,3,1,2026-08-04,2
1982,24887,3,1,2026-08-04,3
1983,22056,3,1,2026-08-04,3
1984,16623,3,1,2026-08-04,1
1985,41609,3,1,2026-08-04,1
1986,27278,3,1,2026-08-04,2
1987,9862,3,1,2026-08-04,1
1988,2066,3,1,2026-08-04,3
1989,23415,3,1,2026-08-04,3
1990,21123,3,1,2026-08-04,2
1991,35773,3,1,2026-08-04,1
1992,38348,3,1,2026-08-04,4
1993,21047,3,1,2026-08-04,2
1994,49219,3,1,2026-08-04,2
1995,32619,3,1,2026-08-04,1
1996,27163,3,1,2026-08-04,3
1997,17277,3,1,2026-08-04,3
1998,41435,3,1,2026-08-04,3
1999,9362,3,1,2026-08-04,3
2000,8650,3,1,2026-08-04,3
2001,14237,3,1,2026-08-04,3
2002,41206,3,1,2026-08-04,1
2003,47717,3,1,2026-08-04,3
2004,36205,3,1,2026-08-04,3
2005,25268,3,1,2026-08-04,3
2006,6485,3,1,2026-08-04,3
2007,26817,3,1,2026-08-04,2
2008,43700,3,1,2026-08-04,3
2009,11834,3,1,2026-08-04,1
2010,21568,3,1,2026-08-04,3
2011,33994,3,1,2026-08-04,3
2012,37160,3,1,2026-08-04,2
2013,24750,3,1,2026-08-04,3
2014,47113,3,1,2026-08-04,1
2015,24850,3,1,2026-08-04,1
2016,19485,3,1,2026-08-04,2
2017,47367,3,1,2026-08-04,2
2018,38438,3,1,2026-08-04,1
2019,46645,3,1,2026-08-04,2
2020,20524,3,1,2026-08-04,1
2021,49923,3,1,2026-08-04,3
2022,780,3,1,2026-08-04,4
2023,29636,3,1,2026-08-04,2
2024,49809,3,1,2026-08-04,3
2025,4961,3,1,2026-08-04,2
2026,13266,3,1,2026-08-04,3
2027,23491,3,1,2026-08-04,3
2028,15551,3,1,2026-08-04,3
2029,47363,3,1,2026-08-04,1
2030,20075,3,1,2026-08-04,4
2031,36524,3,1,2026-08-04,3
2032,16106,3,1,2026-08-04,3
2033,25265,3,1,2026-08-04,3
2034,26333,3,1,2026-08-04,3
2035,15140,3,1,2026-08-04,3
2036,26066,3,1,2026-08-04,3
2037,48367,3,1,2026-08-04,2
2038,48093,3,1,2026-08-04,4
2039,29605,3,1,2026-08-04,2
2040,45939,3,1,2026-08-04,3
2041,35346,3,1,2026-08-04,2
2042,3167,3,1,2026-08-04,1
2043,3327,3,1,2026-08-04,2
2044,27610,3,1,2026-08-04,3
2045,20254,3,1,2026-08-04,2
2046,7671,3,1,2026-08-04,2
2047,30208,3,1,2026-08-04,1
2048,15476,3,1,2026-08-04,4
2049,41761,3,1,2026-08-04,1
2050,22877,3,1,2026-08-04,4
2051,36727,3,1,2026-08-04,3
2052,28005,3,1,2026-08-04,3
2053,20263,3,1,2026-08-04,1
2054,33214,3,1,2026-08-04,3
2055,23359,3,1,2026-08-04,2
2056,9607,3,1,2026-08-04,3
2057,25388,3,1,2026-08-04,3
2058,46044,3,1,2026-08-04,2
2059,34296,3,1,2026-08-04,3
2060,7929,3,1,2026-08-04,2
2061,43992,3,1,2026-08-04,3
2062,32964,3,1,2026-08-04,2
2063,35778,3,1,2026-08-04,3
2064,47419,3,1,2026-08-04,4
2065,5380,3,1,2026-08-04,2
2066,8955,3,1,2026-08-04,3
2067,1989,3,1,2026-08-04,1
2068,27848,3,1,2026-08-04,4
2069,42975,3,1,2026-08-04,4
2070,17350,3,1,2026-08-04,3
2071,4864,3,1,2026-08-04,2
2072,40022,3,1,2026-08-04,4
2073,31141,3,1,2026-08-04,2
2074,5604,3,1,2026-08-04,3
2075,6804,3,1,2026-08-04,1
2076,1685,3,1,2026-08-04,3
2077,884,3,1,2026-08-04,1
2078,21360,3,1,2026-08-04,3
2079,44955,3,1,2026-08-04,2
2080,9617,3,1,2026-08-04,3
2081,17587,3,1,2026-08-04,3
2082,36939,3,1,2026-08-04,3
2083,1793,3,1,2026-08-04,1
2084,2785,3,1,2026-08-04,3
2085,30480,3,1,2026-08-04,3
2086,21227,3,1,2026-08-04,2
2087,49812,3,1,2026-08-04,2
2088,7952,3,1,2026-08-04,1
2089,16954,3,1,2026-08-04,2
2090,47387,3,1,2026-08-04,3
2091,10082,3,1,2026-08-04,3
2092,38989,3,1,2026-08-04,2
2093,15771,3,1,2026-08-04,3
2094,1859,3,1,2026-08-04,3
2095,42441,3,1,2026-08-04,1
2096,36713,3,1,2026-08-04,3
2097,11607,3,1,2026-08-04,2
2098,18530,3,1,2026-08-04,2
2099,5719,3,1,2026-08-04,3
2100,801,3,1,2026-08-04,2
2101,36502,3,1,2026-08-04,3
2102,858,3,1,2026-08-04,1
2103,20154,3,1,2026-08-04,3
2104,3196,3,1,2026-08-04,1
2105,21142,3,1,2026-08-04,3
2106,31794,3,1,2026-08-04,3
2107,49110,3,1,2026-08-04,4
2108,18386,3,1,2026-08-04,2
2109,19208,3,1,2026-08-04,3
2110,18472,3,1,2026-08-04,4
2111,43405,3,1,2026-08-04,1
2112,34493,3,1,2026-08-04,3
2113,25160,3,1,2026-08-04,3
2114,1299,3,1,2026-08-04,2
2115,25189,3,2,2026-08-04,3
2116,3158,3,2,2026-08-04,3
2117,18944,3,2,2026-08-04,3
2118,33743,3,2,2026-08-04,3
2119,33110,3,2,2026-08-04,3
2120,36200,3,2,2026-08-04,3
2121,44590,3,2,2026-08-04,2
2122,26400,3,2,2026-08-04,1
2123,5751,3,2,2026-08-04,3
2124,30667,3,2,2026-08-04,3
2125,35310,3,2,2026-08-04,2
2126,16826,3,2,2026-08-04,1
2127,2457,3,2,2026-08-04,3
2128,16952,3,2,2026-08-04,2
2129,5039,3,2,2026-08-04,2
2130,39332,3,2,2026-08-04,2
2131,18101,3,2,2026-08-04,5
2132,24334,3,2,2026-08-04,3
2133,3357,3,2,2026-08-04,2
2134,26430,3,2,2026-08-04,1
2135,23653,3,2,2026-08-04,3
2136,17710,3,2,2026-08-04,1
2137,8939,3,2,2026-08-04,4
2138,26664,3,2,2026-08-04,5
2139,32064,3,2,2026-08-04,2
2140,5364,3,2,2026-08-04,3
2141,45080,3,2,2026-08-04,1
2142,31712,3,2,2026-08-04,1
2143,12303,3,2,2026-08-04,3
2144,22268,3,2,2026-08-04,1
2145,15320,3,2,2026-08-04,2
2146,6827,3,2,2026-08-04,1
2147,24603,3,2,2026-08-04,3
2148,47972,3,2,2026-08-04,3
2149,6062,3,2,2026-08-04,3
2150,47996,3,2,2026-08-04,3
2151,28202,3,2,2026-08-04,3
2152,20721,3,2,2026-08-04,3
2153,36769,3,2,2026-08-04,2
2154,7656,3,2,2026-08-04,3
2155,7688,3,2,2026-08-04,4
2156,48275,3,2,2026-08-04,6
2157,21651,3,2,2026-08-04,4
2158,3399,3,2,2026-08-04,3
2159,40895,3,2,2026-08-04,3
2160,48811,3,2,2026-08-04,3
2161,27531,3,2,2026-08-04,3
2162,1958,3,2,2026-08-04,3
2163,10753,3,2,2026-08-04,3
2164,5439,3,2,2026-08-04,3
2165,13986,3,2,2026-08-04,3
2166,13479,3,2,2026-08-04,3
2167,6427,3,2,2026-08-04,2
2168,4091,3,2,2026-08-04,3
2169,6910,3,2,2026-08-04,1
2170,16710,3,2,2026-08-04,3
2171,22541,3,2,2026-08-04,1
2172,16504,3,2,2026-08-04,3
2173,39673,3,2,2026-08-04,3
2174,19467,3,2,2026-08-04,3
2175,48167,3,2,2026-08-04,3
2176,20833,3,2,2026-08-04,3
2177,46389,3,2,2026-08-04,1
2178,24864,2,1,2026-08-04,3
2179,23085,2,1,2026-08-04,4
2180,21087,2,1,2026-08-04,3
2181,32790,2,1,2026-08-04,2
2182,8488,2,1,2026-08-04,3
2183,33518,2,1,2026-08-04,2
2184,22913,2,1,2026-08-04,4
2185,18255,2,1,2026-08-04,3
2186,31565,2,1,2026-08-04,3
2187,25978,2,1,2026-08-04,4
2188,44687,2,1,2026-08-04,3
2189,28818,2,1,2026-08-04,3
2190,42574,2,1,2026-08-04,3
2191,32830,2,1,2026-08-04,3
2192,28954,2,1,2026-08-04,1
2193,25071,2,1,2026-08-04,3
2194,15268,2,1,2026-08-04,3
2195,18290,2,1,2026-08-04,3
2196,17213,2,1,2026-08-04,3
2197,33438,2,1,2026-08-04,3
2198,36970,2,1,2026-08-04,3
2199,7951,2,1,2026-08-04,4
2200,1799,2,1,2026-08-04,3
2201,11077,2,1,2026-08-04,3
2202,49250,2,1,2026-08-04,4
2203,13286,2,1,2026-08-04,4
2204,37718,2,1,2026-08-04,3
2205,14409,2,1,2026-08-04,3
2206,22977,2,1,2026-08-04,3
2207,44259,2,1,2026-08-04,4
2208,47448,2,1,2026-08-04,3
2209,4994,2,1,2026-08-04,4
2210,42704,2,1,2026-08-04,3
2211,35616,2,1,2026-08-04,3
2212,42430,2,1,2026-08-04,3
2213,27804,2,1,2026-08-04,3
2214,15216,2,1,2026-08-04,1
2215,24723,2,1,2026-08-04,4
2216,19948,2,1,2026-08-04,3
2217,18756,2,1,2026-08-04,4
2218,27947,2,1,2026-08-04,4
2219,16672,2,1,2026-08-04,4
2220,18423,2,1,2026-08-04,4
2221,12793,2,1,2026-08-04,3
2222,13232,2,1,2026-08-04,3
2223,11373,2,1,2026-08-04,1
2224,38267,2,1,2026-08-04,4
2225,19396,2,1,2026-08-04,4
2226,47494,2,1,2026-08-04,3
2227,14539,2,1,2026-08-04,1
2228,47974,2,1,2026-08-04,3
2229,1827,2,1,2026-08-04,4
2230,16099,2,1,2026-08-04,5
2231,3458,2,1,2026-08-04,4
2232,17158,2,1,2026-08-04,3
2233,38858,2,1,2026-08-04,4
2234,20131,2,1,2026-08-04,4
2235,7869,2,1,2026-08-04,3
2236,32715,2,1,2026-08-04,1
2237,15937,2,1,2026-08-04,2
2238,23317,2,1,2026-08-04,4
2239,32143,2,1,2026-08-04,4
2240,42766,2,1,2026-08-04,3
2241,43509,2,1,2026-08-04,3
2242,10429,2,1,2026-08-04,3
2243,940,2,1,2026-08-04,3
2244,31211,2,1,2026-08-04,3
2245,8055,2,1,2026-08-04,5
2246,1857,2,1,2026-08-04,3
2247,4229,2,1,2026-08-04,4
2248,42945,2,1,2026-08-04,3
2249,14178,2,1,2026-08-04,1
2250,25627,2,1,2026-08-04,4
2251,11122,2,1,2026-08-04,3
2252,32262,2,1,2026-08-04,3
2253,121,2,1,2026-08-04,5
2254,13109,2,1,2026-08-04,3
2255,2490,2,1,2026-08-04,3
2256,46069,2,1,2026-08-04,4
2257,20327,2,1,2026-08-04,2
2258,25065,2,1,2026-08-04,3
2259,4823,2,1,2026-08-04,2
2260,49254,2,1,2026-08-04,4
2261,49987,2,1,2026-08-04,4
2262,46137,2,1,2026-08-04,6
2263,34820,2,1,2026-08-04,3
2264,28088,2,1,2026-08-04,3
2265,27502,2,1,2026-08-04,3
2266,39818,2,1,2026-08-04,4
2267,20277,2,1,2026-08-04,3
2268,5514,2,1,2026-08-04,3
2269,20604,2,1,2026-08-04,3
2270,22987,2,1,2026-08-04,2
2271,12920,2,1,2026-08-04,3
2272,49130,2,1,2026-08-04,4
2273,42445,2,1,2026-08-04,3
2274,27253,2,1,2026-08-04,4
2275,48864,2,1,2026-08-04,4
2276,13049,2,1,2026-08-04,3
2277,22128,2,1,2026-08-04,4
2278,20310,2,1,2026-08-04,3
2279,38954,2,1,2026-08-04,4
2280,12059,2,1,2026-08-04,3
2281,28802,2,1,2026-08-04,4
2282,19600,2,1,2026-08-04,4
2283,2358,2,1,2026-08-04,3
2284,34474,2,1,2026-08-04,3
2285,35136,2,1,2026-08-04,3
2286,26740,2,1,2026-08-04,3
2287,11135,2,1,2026-08-04,4
2288,7014,2,1,2026-08-04,4
2289,43689,2,1,2026-08-04,1
2290,20643,2,1,2026-08-04,3
2291,19752,2,1,2026-08-04,4
2292,31112,2,1,2026-08-04,5
2293,31379,2,1,2026-08-04,1
2294,48069,2,1,2026-08-04,4
2295,6497,2,1,2026-08-04,4
2296,49561,2,1,2026-08-04,3
2297,9137,2,1,2026-08-04,4
2298,42127,2,1,2026-08-04,3
2299,32754,2,1,2026-08-04,3
2300,44442,2,1,2026-08-04,3
2301,48615,2,1,2026-08-04,4
2302,19721,2,1,2026-08-04,3
2303,871,2,2,2026-08-04,3
2304,48996,2,2,2026-08-04,1
2305,12182,2,2,2026-08-04,3
2306,30213,2,2,2026-08-04,4
2307,29990,2,2,2026-08-04,3
2308,32291,2,2,2026-08-04,3
2309,23478,2,2,2026-08-04,1
2310,37923,2,2,2026-08-04,3
2311,30548,2,2,2026-08-04,3
2312,15973,2,2,2026-08-04,1
2313,38196,2,2,2026-08-04,3
2314,44578,2,2,2026-08-04,3
2315,9177,2,2,2026-08-04,3
2316,47723,2,2,2026-08-04,1
2317,29951,2,2,2026-08-04,3
2318,4249,2,2,2026-08-04,4
2319,1530,2,2,2026-08-04,3
2320,2752,2,2,2026-08-04,4
2321,42565,2,2,2026-08-04,3
2322,7123,2,2,2026-08-04,3
2323,42364,2,2,2026-08-04,3
2324,29118,2,2,2026-08-04,1
2325,7925,2,2,2026-08-04,1
2326,21591,2,2,2026-08-04,4
2327,35172,2,2,2026-08-04,4
2328,18792,2,2,2026-08-04,3
2329,43520,2,2,2026-08-04,3
2330,26353,2,2,2026-08-04,4
2331,33377,2,2,2026-08-04,4
2332,45878,2,2,2026-08-04,3
2333,12440,2,2,2026-08-04,3
2334,22978,2,2,2026-08-04,5
2335,42579,2,2,2026-08-04,4
2336,2932,2,2,2026-08-04,3
2337,20015,2,2,2026-08-04,3
2338,784,2,2,2026-08-04,1
2339,43421,2,2,2026-08-04,3
2340,26466,2,2,2026-08-04,4
2341,4434,2,2,2026-08-04,3
2342,34305,2,2,2026-08-04,4
2343,29752,2,2,2026-08-04,3
2344,9257,2,2,2026-08-04,4
2345,22446,2,2,2026-08-04,3
2346,8283,2,2,2026-08-04,3
2347,16600,2,2,2026-08-04,5
2348,1946,2,2,2026-08-04,4
2349,26992,2,2,2026-08-04,4
2350,45362,2,2,2026-08-04,4
2351,34803,2,2,2026-08-04,3
2352,27190,2,2,2026-08-04,3
2353,23196,2,4,2026-08-04,4
2354,19211,2,4,2026-08-04,2
2355,29337,2,4,2026-08-04,3
2356,31459,2,4,2026-08-04,3
2357,8051,2,4,2026-08-04,1
2358,35209,2,4,2026-08-04,3
2359,30437,2,4,2026-08-04,3
2360,1138,2,4,2026-08-04,4
2361,43529,2,4,2026-08-04,1
2362,40415,2,4,2026-08-04,1
2363,42919,2,4,2026-08-04,5
2364,7321,2,4,2026-08-04,3
2365,22531,2,4,2026-08-04,4
2366,48241,2,4,2026-08-04,3
2367,3361,2,4,2026-08-04,3
2368,4791,2,4,2026-08-04,3
2369,27872,2,4,2026-08-04,4
2370,48515,2,4,2026-08-04,1
2371,32555,2,4,2026-08-04,4
2372,5848,2,4,2026-08-04,4
2373,25245,2,4,2026-08-04,3
2374,5063,2,4,2026-08-04,4
2375,25543,2,4,2026-08-04,4
2376,34758,2,4,2026-08-04,4
2377,29872,2,4,2026-08-04,4
2378,38539,2,4,2026-08-04,4
2379,41247,2,4,2026-08-04,4
2380,22670,2,4,2026-08-04,4
2381,1981,2,4,2026-08-04,4
2382,23043,2,4,2026-08-04,3
2383,38256,2,4,2026-08-04,2
2384,38671,2,4,2026-08-04,3
2385,38224,2,4,2026-08-04,4
2386,19657,2,4,2026-08-04,4
2387,41737,2,4,2026-08-04,4
2388,31835,2,4,2026-08-04,3
2389,6678,2,4,2026-08-04,4
2390,25912,2,4,2026-08-04,3
2391,24921,2,4,2026-08-04,4
2392,42698,2,4,2026-08-04,3
2393,8387,2,4,2026-08-04,3
2394,42217,2,4,2026-08-04,3
2395,20607,2,4,2026-08-04,4
2396,14,2,4,2026-08-04,3
2397,7311,2,4,2026-08-04,1
2398,19850,2,4,2026-08-04,3
2399,37614,2,4,2026-08-04,4
2400,5749,2,4,2026-08-04,3
2401,34009,2,4,2026-08-04,4
2402,43880,2,4,2026-08-04,3
2403,35780,2,4,2026-08-04,3
2404,5431,2,4,2026-08-04,4
2405,16692,2,4,2026-08-04,3
2406,6857,2,4,2026-08-04,3
2407,19491,2,4,2026-08-04,3
2408,10874,2,4,2026-08-04,2
2409,46474,2,4,2026-08-04,4
2410,1383,2,4,2026-08-04,4
2411,7051,2,4,2026-08-04,4
2412,35125,2,4,2026-08-04,3
2413,46255,2,4,2026-08-04,1
2414,19663,2,4,2026-08-04,1
2415,6120,2,4,2026-08-04,4
2416,41702,2,4,2026-08-04,4
2417,37012,2,4,2026-08-04,3
2418,32632,2,4,2026-08-04,3
2419,18051,2,4,2026-08-04,1
2420,36096,2,4,2026-08-04,1
2421,6303,2,4,2026-08-04,4
2422,5515,2,4,2026-08-04,4
2423,4543,2,4,2026-08-04,2
2424,28020,2,4,2026-08-04,4
2425,43613,2,4,2026-08-04,2
2426,36510,2,4,2026-08-04,3
2427,493,2,4,2026-08-04,4
2428,32895,1,1,2026-08-05,4
2429,30445,1,1,2026-08-05,3
2430,44563,1,1,2026-08-05,1
2431,39911,1,1,2026-08-05,4
2432,44586,1,1,2026-08-05,3
2433,41889,1,1,2026-08-05,3
2434,45892,1,1,2026-08-05,3
2435,42593,1,1,2026-08-05,3
2436,5881,1,1,2026-08-05,3
2437,11345,1,1,2026-08-05,3
2438,31246,1,1,2026-08-05,3
2439,23785,1,1,2026-08-05,3
2440,33164,1,1,2026-08-05,4
2441,39462,1,1,2026-08-05,3
2442,15634,1,1,2026-08-05,3
2443,43724,1,1,2026-08-05,3
2444,6881,1,1,2026-08-05,3
2445,11149,1,1,2026-08-05,3
2446,16698,1,1,2026-08-05,3
2447,2234,1,1,2026-08-05,3
2448,44523,1,1,2026-08-05,3
2449,5322,1,1,2026-08-05,3
2450,23946,1,1,2026-08-05,3
2451,36909,1,1,2026-08-05,3
2452,16844,1,1,2026-08-05,3
2453,815,1,1,2026-08-05,3
2454,21195,1,1,2026-08-05,4
2455,3150,1,1,2026-08-05,3
2456,4859,1,1,2026-08-05,4
2457,3726,1,1,2026-08-05,3
2458,24359,1,1,2026-08-05,3
2459,36674,1,1,2026-08-05,3
2460,20039,1,1,2026-08-05,4
2461,32902,1,1,2026-08-05,3
2462,47446,1,1,2026-08-05,3
2463,31817,1,1,2026-08-05,3
2464,13971,1,1,2026-08-05,3
2465,19215,1,1,2026-08-05,3
2466,16006,1,1,2026-08-05,3
2467,49,1,1,2026-08-05,3
2468,47347,1,1,2026-08-05,1
2469,36002,1,1,2026-08-05,3
2470,40488,1,1,2026-08-05,3
2471,21603,1,1,2026-08-05,3
2472,212,1,1,2026-08-05,3
2473,8503,1,1,2026-08-05,3
2474,18707,1,1,2026-08-05,3
2475,33229,1,1,2026-08-05,3
2476,43353,1,1,2026-08-05,3
2477,7625,1,1,2026-08-05,4
2478,18395,1,1,2026-08-05,3
2479,22708,1,1,2026-08-05,3
2480,47193,1,1,2026-08-05,6
2481,46393,1,1,2026-08-05,3
2482,37973,1,1,2026-08-05,3
2483,18325,1,1,2026-08-05,4
2484,15647,1,1,2026-08-05,3
2485,2400,1,1,2026-08-05,3
2486,39654,1,1,2026-08-05,3
2487,18657,1,1,2026-08-05,3
2488,18436,1,1,2026-08-05,3
2489,15091,1,1,2026-08-05,3
2490,26978,1,1,2026-08-05,3
2491,40034,1,1,2026-08-05,3
2492,24344,1,1,2026-08-05,3
2493,44742,1,1,2026-08-05,3
2494,44253,1,1,2026-08-05,3
2495,44732,1,1,2026-08-05,3
2496,12469,1,1,2026-08-05,1
2497,13850,1,1,2026-08-05,3
2498,20655,1,1,2026-08-05,3
2499,20452,1,1,2026-08-05,3
2500,30860,1,1,2026-08-05,3
2501,31992,1,1,2026-08-05,3
2502,46477,1,1,2026-08-05,3
2503,40029,1,1,2026-08-05,3
2504,41140,1,1,2026-08-05,3
2505,12503,1,1,2026-08-05,3
2506,18715,1,1,2026-08-05,1
2507,6736,1,1,2026-08-05,3
2508,37158,1,1,2026-08-05,3
2509,46659,1,1,2026-08-05,3
2510,1909,1,1,2026-08-05,3
2511,20099,1,1,2026-08-05,3
2512,18493,1,1,2026-08-05,3
2513,18837,1,1,2026-08-05,6
2514,27276,1,1,2026-08-05,3
2515,14879,1,1,2026-08-05,3
2516,9906,1,1,2026-08-05,3
2517,45784,1,1,2026-08-05,3
2518,42918,1,1,2026-08-05,3
2519,12993,1,1,2026-08-05,3
2520,40528,1,1,2026-08-05,3
2521,12183,1,1,2026-08-05,3
2522,7479,1,1,2026-08-05,3
2523,20027,1,1,2026-08-05,3
2524,22626,1,1,2026-08-05,1
2525,27557,1,1,2026-08-05,3
2526,5463,1,1,2026-08-05,1
2527,48410,1,1,2026-08-05,3
2528,3261,1,1,2026-08-05,3
2529,15011,1,1,2026-08-05,1
2530,39589,1,1,2026-08-05,3
2531,8649,1,1,2026-08-05,3
2532,4875,1,1,2026-08-05,5
2533,34663,1,1,2026-08-05,3
2534,1449,1,1,2026-08-05,3
2535,20371,1,1,2026-08-05,3
2536,48663,1,1,2026-08-05,3
2537,10405,1,1,2026-08-05,3
2538,28408,1,1,2026-08-05,3
2539,6475,1,1,2026-08-05,3
2540,26855,1,1,2026-08-05,3
2541,38156,1,1,2026-08-05,3
2542,15303,1,1,2026-08-05,3
2543,11908,1,1,2026-08-05,3
2544,30197,1,1,2026-08-05,1
2545,15111,1,1,2026-08-05,3
2546,30589,1,1,2026-08-05,6
2547,26163,1,1,2026-08-05,4
2548,5838,1,1,2026-08-05,3
2549,41330,1,1,2026-08-05,3
2550,49276,1,1,2026-08-05,3
2551,37995,1,1,2026-08-05,3
2552,15411,1,1,2026-08-05,3
2553,19931,1,1,2026-08-05,3
2554,27994,1,1,2026-08-05,1
2555,27604,1,1,2026-08-05,4
2556,21781,1,1,2026-08-05,3
2557,2326,1,1,2026-08-05,5
2558,34473,1,1,2026-08-05,3
2559,27707,1,1,2026-08-05,3
2560,13393,1,1,2026-08-05,3
2561,38784,1,1,2026-08-05,1
2562,41243,1,1,2026-08-05,3
2563,47917,1,1,2026-08-05,3
2564,2030,1,1,2026-08-05,3
2565,41123,1,1,2026-08-05,3
2566,7253,1,1,2026-08-05,3
2567,43119,1,1,2026-08-05,3
2568,36371,1,1,2026-08-05,3
2569,6741,1,1,2026-08-05,3
2570,24721,1,1,2026-08-05,3
2571,20257,1,1,2026-08-05,4
2572,7387,1,1,2026-08-05,3
2573,24166,1,1,2026-08-05,3
2574,30211,1,1,2026-08-05,3
2575,22616,1,1,2026-08-05,3
2576,420,1,1,2026-08-05,3
2577,19957,1,1,2026-08-05,3
2578,8084,1,1,2026-08-05,3
2579,32029,1,1,2026-08-05,3
2580,3015,1,1,2026-08-05,1
2581,3434,1,1,2026-08-05,3
2582,8237,1,1,2026-08-05,3
2583,16972,1,1,2026-08-05,3
2584,39085,1,1,2026-08-05,3
2585,12556,1,1,2026-08-05,1
2586,27733,1,1,2026-08-05,3
2587,6991,1,1,2026-08-05,3
2588,17282,1,1,2026-08-05,3
2589,49217,1,1,2026-08-05,3
2590,38386,1,1,2026-08-05,3
2591,16738,1,1,2026-08-05,1
2592,4489,1,1,2026-08-05,3
2593,36769,1,1,2026-08-05,3
2594,12571,1,1,2026-08-05,3
2595,15107,1,1,2026-08-05,3
2596,41977,1,1,2026-08-05,4
2597,19087,1,1,2026-08-05,3
2598,15874,1,1,2026-08-05,3
2599,2115,1,1,2026-08-05,3
2600,27114,1,1,2026-08-05,3
2601,42133,1,1,2026-08-05,3
2602,45214,1,1,2026-08-05,3
2603,14675,1,1,2026-08-05,3
2604,12065,1,1,2026-08-05,1
2605,46855,1,1,2026-08-05,3
2606,8895,1,1,2026-08-05,3
2607,49526,1,1,2026-08-05,3
2608,32740,1,1,2026-08-05,3
2609,12246,1,1,2026-08-05,3
2610,16183,1,1,2026-08-05,3
2611,29799,1,1,2026-08-05,1
2612,34085,1,1,2026-08-05,3
2613,36870,1,1,2026-08-05,3
2614,33865,1,1,2026-08-05,3
2615,44086,1,1,2026-08-05,3
2616,8217,1,1,2026-08-05,4
2617,28687,1,1,2026-08-05,4
2618,31730,1,1,2026-08-05,3
2619,36169,1,1,2026-08-05,3
2620,18396,1,1,2026-08-05,3
2621,48578,1,1,2026-08-05,3
2622,48885,1,1,2026-08-05,3
2623,4000,1,1,2026-08-05,3
2624,9803,1,1,2026-08-05,3
2625,7618,1,1,2026-08-05,3
2626,9126,1,1,2026-08-05,3
2627,39186,1,1,2026-08-05,1
2628,6029,1,1,2026-08-05,3
2629,3198,1,1,2026-08-05,3
2630,15151,1,1,2026-08-05,3
2631,46661,1,1,2026-08-05,3
2632,49552,1,1,2026-08-05,4
2633,37192,1,1,2026-08-05,3
2634,36295,1,1,2026-08-05,4
2635,36867,1,1,2026-08-05,3
2636,33011,1,1,2026-08-05,3
2637,43245,1,1,2026-08-05,3
2638,26090,1,1,2026-08-05,5
2639,40277,1,1,2026-08-05,3
2640,41561,1,1,2026-08-05,3
2641,35882,1,1,2026-08-05,3
2642,33758,1,1,2026-08-05,3
2643,42476,1,1,2026-08-05,1
2644,30534,1,1,2026-08-05,3
2645,1574,1,1,2026-08-05,3
2646,20614,1,1,2026-08-05,3
2647,26007,1,1,2026-08-05,3
2648,14354,1,1,2026-08-05,3
2649,22211,1,1,2026-08-05,3
2650,20783,1,1,2026-08-05,1
2651,26124,1,1,2026-08-05,4
2652,1372,1,1,2026-08-05,3
2653,22,1,1,2026-08-05,3
2654,12496,1,1,2026-08-05,3
2655,45333,1,1,2026-08-05,3
2656,15490,1,1,2026-08-05,6
2657,40616,1,1,2026-08-05,3
2658,42280,1,1,2026-08-05,3
2659,27907,1,1,2026-08-05,3
2660,38655,1,1,2026-08-05,3
2661,6194,1,1,2026-08-05,3
2662,48447,1,1,2026-08-05,3
2663,37405,1,1,2026-08-05,1
2664,1988,1,1,2026-08-05,3
2665,27546,1,1,2026-08-05,3
2666,7514,1,1,2026-08-05,5
2667,21629,1,1,2026-08-05,4
2668,48897,1,1,2026-08-05,3
2669,557,1,1,2026-08-05,3
2670,6310,1,1,2026-08-05,3
2671,44101,1,1,2026-08-05,3
2672,39132,1,1,2026-08-05,3
2673,46334,1,1,2026-08-05,3
2674,5354,1,1,2026-08-05,3
2675,48106,1,1,2026-08-05,1
2676,4474,1,1,2026-08-05,3
2677,36730,1,1,2026-08-05,3
2678,1110,1,1,2026-08-05,3
2679,43080,1,1,2026-08-05,3
2680,24101,1,1,2026-08-05,3
2681,13715,1,1,2026-08-05,3
2682,5036,1,1,2026-08-05,3
2683,35905,1,1,2026-08-05,5
2684,25485,1,1,2026-08-05,1
2685,13181,1,1,2026-08-05,3
2686,10127,1,1,2026-08-05,3
2687,11768,1,1,2026-08-05,3
2688,43480,1,1,2026-08-05,3
2689,32777,1,1,2026-08-05,3
2690,17514,1,1,2026-08-05,3
2691,15396,1,1,2026-08-05,1
2692,9673,1,1,2026-08-05,3
2693,36930,1,1,2026-08-05,3
2694,13299,1,1,2026-08-05,3
2695,27243,1,1,2026-08-05,3
2696,19676,1,1,2026-08-05,3
2697,15577,1,1,2026-08-05,3
2698,1411,1,1,2026-08-05,3
2699,22780,1,1,2026-08-05,3
2700,47844,1,1,2026-08-05,3
2701,7114,1,1,2026-08-05,3
2702,28058,1,1,2026-08-05,3
2703,4210,1,1,2026-08-05,3
2704,32228,1,1,2026-08-05,3
2705,24666,1,1,2026-08-05,3
2706,37564,1,1,2026-08-05,4
2707,5540,1,1,2026-08-05,4
2708,44936,1,1,2026-08-05,3
2709,40803,1,1,2026-08-05,3
2710,25314,1,1,2026-08-05,1
2711,1279,1,1,2026-08-05,1
2712,45251,1,1,2026-08-05,3
2713,39958,1,1,2026-08-05,3
2714,3129,1,1,2026-08-05,3
2715,16737,1,1,2026-08-05,3
2716,34516,1,1,2026-08-05,3
2717,36241,1,1,2026-08-05,3
2718,46919,1,1,2026-08-05,3
2719,49020,1,1,2026-08-05,3
2720,25607,1,1,2026-08-05,3
2721,16864,1,1,2026-08-05,4
2722,19941,1,1,2026-08-05,3
2723,33664,1,1,2026-08-05,3
2724,49189,1,1,2026-08-05,3
2725,48391,1,1,2026-08-05,3
2726,18470,1,1,2026-08-05,3
2727,3096,1,1,2026-08-05,3
2728,22279,1,1,2026-08-05,3
2729,3710,1,1,2026-08-05,3
2730,2533,1,1,2026-08-05,4
2731,31167,1,1,2026-08-05,3
2732,4602,1,1,2026-08-05,3
2733,30814,1,1,2026-08-05,3
2734,46488,1,1,2026-08-05,1
2735,47176,1,1,2026-08-05,3
2736,5366,1,1,2026-08-05,4
2737,30912,1,1,2026-08-05,3
2738,37455,1,1,2026-08-05,3
2739,28367,1,1,2026-08-05,3
2740,7866,1,1,2026-08-05,3
2741,45808,1,1,2026-08-05,1
2742,8121,1,1,2026-08-05,4
2743,8274,1,1,2026-08-05,4
2744,23287,1,1,2026-08-05,3
2745,20510,1,1,2026-08-05,3
2746,17665,1,1,2026-08-05,1
2747,11366,1,1,2026-08-05,3
2748,38702,1,1,2026-08-05,4
2749,14946,1,1,2026-08-05,3
2750,37041,1,1,2026-08-05,3
2751,44317,1,1,2026-08-05,3
2752,3674,1,1,2026-08-05,3
2753,41893,1,1,2026-08-05,3
2754,13666,1,1,2026-08-05,3
2755,39687,1,1,2026-08-05,3
2756,32858,1,1,2026-08-05,3
2757,38355,1,1,2026-08-05,3
2758,12295,1,1,2026-08-05,4
2759,25030,1,1,2026-08-05,4
2760,20676,1,1,2026-08-05,3
2761,21372,1,1,2026-08-05,3
2762,24399,1,1,2026-08-05,3
2763,35752,1,1,2026-08-05,3
2764,43773,1,1,2026-08-05,3
2765,17357,1,1,2026-08-05,3
2766,11061,1,1,2026-08-05,3
2767,21965,1,1,2026-08-05,4
2768,21009,1,1,2026-08-05,3
2769,30920,1,1,2026-08-05,1
2770,36105,1,1,2026-08-05,3
2771,35274,1,1,2026-08-05,3
2772,43263,1,1,2026-08-05,3
2773,7121,1,1,2026-08-05,4
2774,14992,1,1,2026-08-05,3
2775,12661,1,1,2026-08-05,3
2776,16577,1,1,2026-08-05,1
2777,22359,1,1,2026-08-05,3
2778,6065,1,1,2026-08-05,3
2779,39283,1,1,2026-08-05,3
2780,11590,1,1,2026-08-05,3
2781,127,1,1,2026-08-05,4
2782,35001,1,1,2026-08-05,3
2783,49287,1,1,2026-08-05,3
2784,22252,1,1,2026-08-05,3
2785,11413,1,1,2026-08-05,3
2786,23563,1,1,2026-08-05,3
2787,9060,1,1,2026-08-05,3
2788,27609,1,1,2026-08-05,3
2789,40217,1,1,2026-08-05,3
2790,27888,1,1,2026-08-05,3
2791,886,1,1,2026-08-05,3
2792,1904,1,1,2026-08-05,3
2793,41057,1,1,2026-08-05,3
2794,32855,1,1,2026-08-05,3
2795,7107,1,1,2026-08-05,3
2796,25727,1,1,2026-08-05,4
2797,10448,1,1,2026-08-05,1
2798,34131,1,1,2026-08-05,3
2799,22763,1,1,2026-08-05,3
2800,5268,1,1,2026-08-05,3
2801,28771,1,1,2026-08-05,3
2802,32182,1,1,2026-08-05,4
2803,5543,1,1,2026-08-05,3
2804,25621,1,1,2026-08-05,3
2805,20864,1,1,2026-08-05,3
2806,34070,1,1,2026-08-05,3
2807,43093,1,1,2026-08-05,3
2808,39219,1,1,2026-08-05,3
2809,20069,1,1,2026-08-05,3
2810,42954,1,1,2026-08-05,1
2811,41747,1,1,2026-08-05,3
2812,30630,1,1,2026-08-05,3
2813,24086,1,1,2026-08-05,3
2814,3051,1,1,2026-08-05,3
2815,25667,1,1,2026-08-05,3
2816,742,1,1,2026-08-05,1
2817,17042,1,1,2026-08-05,3
2818,31238,1,1,2026-08-05,6
2819,6023,1,1,2026-08-05,5
2820,43423,1,1,2026-08-05,1
2821,42858,1,1,2026-08-05,6
2822,17809,1,1,2026-08-05,3
2823,34757,1,1,2026-08-05,3
2824,39025,1,1,2026-08-05,3
2825,35101,1,1,2026-08-05,3
2826,31242,1,1,2026-08-05,3
2827,824,1,1,2026-08-05,3
2828,31857,1,1,2026-08-05,4
2829,14283,1,1,2026-08-05,3
2830,19593,1,1,2026-08-05,3
2831,10246,1,1,2026-08-05,3
2832,7248,1,1,2026-08-05,3
2833,44464,1,1,2026-08-05,3
2834,20927,1,1,2026-08-05,3
2835,10433,1,1,2026-08-05,4
2836,40872,1,1,2026-08-05,5
2837,39210,1,1,2026-08-05,4
2838,22253,1,1,2026-08-05,3
2839,49786,1,1,2026-08-05,3
2840,21697,1,1,2026-08-05,3
2841,12458,1,1,2026-08-05,3
2842,24564,1,1,2026-08-05,3
2843,36148,1,1,2026-08-05,3
2844,20298,1,1,2026-08-05,1
2845,40204,1,1,2026-08-05,4
2846,14552,1,1,2026-08-05,3
2847,2894,1,1,2026-08-05,3
2848,6961,1,1,2026-08-05,3
2849,47946,1,1,2026-08-05,3
2850,44988,1,1,2026-08-05,3
2851,26074,1,1,2026-08-05,3
2852,3743,1,1,2026-08-05,3
2853,361,1,1,2026-08-05,3
2854,32749,1,1,2026-08-05,3
2855,39267,1,1,2026-08-05,3
2856,20441,1,1,2026-08-05,3
2857,40362,1,1,2026-08-05,4
2858,9750,1,1,2026-08-05,3
2859,33825,1,1,2026-08-05,3
2860,18833,1,1,2026-08-05,3
2861,35133,1,1,2026-08-05,3
2862,49440,1,1,2026-08-05,3
2863,6437,1,1,2026-08-05,3
2864,47186,1,1,2026-08-05,3
2865,40503,1,1,2026-08-05,4
2866,15406,1,1,2026-08-05,1
2867,37828,1,1,2026-08-05,3
2868,8330,1,1,2026-08-05,3
2869,43702,1,1,2026-08-05,3
2870,19125,1,1,2026-08-05,3
2871,44867,1,1,2026-08-05,3
2872,4024,1,1,2026-08-05,3
2873,47498,1,1,2026-08-05,5
2874,37545,1,1,2026-08-05,3
2875,3472,1,1,2026-08-05,3
2876,20753,1,1,2026-08-05,3
2877,32984,1,1,2026-08-05,3
2878,26239,1,1,2026-08-05,3
2879,34006,1,1,2026-08-05,3
2880,31427,1,1,2026-08-05,3
2881,3537,1,1,2026-08-05,3
2882,46077,1,1,2026-08-05,3
2883,47096,1,1,2026-08-05,1
2884,40697,1,1,2026-08-05,1
2885,15662,1,1,2026-08-05,3
2886,11429,1,1,2026-08-05,3
2887,12249,1,1,2026-08-05,3
2888,36075,1,1,2026-08-05,3
2889,26960,1,1,2026-08-05,3
2890,25729,1,1,2026-08-05,3
2891,14980,1,1,2026-08-05,3
2892,40825,1,1,2026-08-05,3
2893,13693,1,1,2026-08-05,3
2894,10510,1,1,2026-08-05,3
2895,35509,1,1,2026-08-05,3
2896,29735,1,1,2026-08-05,3
2897,44314,1,1,2026-08-05,3
2898,31263,1,1,2026-08-05,3
2899,13731,1,1,2026-08-05,3
2900,17597,1,1,2026-08-05,3
2901,27681,1,1,2026-08-05,3
2902,43819,1,1,2026-08-05,1
2903,9354,1,1,2026-08-05,3
2904,47540,1,1,2026-08-05,3
2905,10822,1,1,2026-08-05,3
2906,219,1,1,2026-08-05,1
2907,37247,1,1,2026-08-05,3
2908,11388,1,1,2026-08-05,3
2909,23161,1,1,2026-08-05,3
2910,8447,1,1,2026-08-05,3
2911,45708,1,1,2026-08-05,3
2912,28976,1,1,2026-08-05,3
2913,15413,1,1,2026-08-05,4
2914,39513,1,1,2026-08-05,5
2915,44930,1,1,2026-08-05,3
2916,37342,1,1,2026-08-05,3
2917,2857,1,1,2026-08-05,3
2918,45419,1,1,2026-08-05,6
2919,25309,1,1,2026-08-05,3
2920,43477,1,1,2026-08-05,3
2921,12745,1,1,2026-08-05,3
2922,47572,1,1,2026-08-05,3
2923,29335,1,1,2026-08-05,3
2924,40226,1,1,2026-08-05,3
2925,24757,1,1,2026-08-05,3
2926,39545,1,1,2026-08-05,4
2927,41887,1,1,2026-08-05,3
2928,23018,1,1,2026-08-05,4
2929,13712,1,1,2026-08-05,3
2930,48681,1,1,2026-08-05,3
2931,15746,1,1,2026-08-05,3
2932,42565,1,1,2026-08-05,3
2933,24570,1,1,2026-08-05,3
2934,9827,1,1,2026-08-05,3
2935,16843,1,1,2026-08-05,1
2936,1598,1,1,2026-08-05,3
2937,5954,1,1,2026-08-05,3
2938,30123,1,1,2026-08-05,3
2939,30137,1,1,2026-08-05,4
2940,23485,1,1,2026-08-05,3
2941,28619,1,1,2026-08-05,3
2942,45544,1,1,2026-08-05,3
2943,5120,1,1,2026-08-05,1
2944,32916,1,1,2026-08-05,3
2945,843,1,1,2026-08-05,3
2946,926,1,1,2026-08-05,3
2947,46520,1,1,2026-08-05,3
2948,6218,1,1,2026-08-05,3
2949,23685,1,1,2026-08-05,1
2950,26320,1,1,2026-08-05,4
2951,45595,1,1,2026-08-05,3
2952,37250,1,1,2026-08-05,3
2953,41542,1,1,2026-08-05,3
2954,47592,1,1,2026-08-05,3
2955,41516,1,1,2026-08-05,3
2956,8111,1,1,2026-08-05,4
2957,5025,1,1,2026-08-05,3
2958,31123,1,1,2026-08-05,3
2959,44899,1,1,2026-08-05,3
2960,21639,1,1,2026-08-05,3
2961,48401,1,1,2026-08-05,3
2962,43795,1,1,2026-08-05,3
2963,9507,1,1,2026-08-05,3
2964,10728,1,1,2026-08-05,3
2965,49288,1,1,2026-08-05,3
2966,6733,1,1,2026-08-05,3
2967,13149,1,1,2026-08-05,3
2968,22333,1,1,2026-08-05,3
2969,28892,1,1,2026-08-05,3
2970,42681,1,1,2026-08-05,3
2971,23991,1,1,2026-08-05,4
2972,20928,1,1,2026-08-05,3
2973,6715,1,1,2026-08-05,3
2974,6783,1,1,2026-08-05,3
2975,30883,1,1,2026-08-05,3
2976,18092,1,1,2026-08-05,4
2977,29472,1,1,2026-08-05,3
2978,1967,1,1,2026-08-05,3
2979,44950,1,1,2026-08-05,4
2980,48586,1,1,2026-08-05,3
2981,32416,1,1,2026-08-05,3
2982,43484,1,1,2026-08-05,3
2983,48650,1,1,2026-08-05,3
2984,19252,1,1,2026-08-05,3
2985,15799,1,1,2026-08-05,3
2986,344,1,1,2026-08-05,3
2987,14893,1,1,2026-08-05,3
2988,31668,1,1,2026-08-05,4
2989,43019,1,1,2026-08-05,3
2990,21164,1,1,2026-08-05,3
2991,914,1,1,2026-08-05,3
2992,35870,1,1,2026-08-05,3
2993,3792,1,1,2026-08-05,3
2994,16493,1,1,2026-08-05,3
2995,15751,1,1,2026-08-05,3
2996,16593,1,1,2026-08-05,1
2997,37902,1,1,2026-08-05,3
2998,42973,1,1,2026-08-05,3
2999,38607,1,1,2026-08-05,3
3000,16762,1,1,2026-08-05,3
3001,32536,1,1,2026-08-05,3
3002,1166,1,1,2026-08-05,3
3003,46989,1,1,2026-08-05,3
3004,9314,1,1,2026-08-05,3
3005,991,1,1,2026-08-05,3
3006,40120,1,1,2026-08-05,3
3007,1303,1,1,2026-08-05,3
3008,45900,1,1,2026-08-05,3
3009,30511,1,1,2026-08-05,3
3010,24777,1,1,2026-08-05,3
3011,8577,1,1,2026-08-05,3
3012,49544,1,1,2026-08-05,3
3013,44974,1,1,2026-08-05,3
3014,2747,1,1,2026-08-05,4
3015,7969,1,1,2026-08-05,3
3016,13968,1,1,2026-08-05,3
3017,16298,1,1,2026-08-05,3
3018,44560,1,1,2026-08-05,3
3019,8972,1,1,2026-08-05,3
3020,44643,1,1,2026-08-05,4
3021,15412,1,1,2026-08-05,1
3022,8449,1,1,2026-08-05,3
3023,24047,1,1,2026-08-05,3
3024,32928,1,1,2026-08-05,3
3025,49137,1,1,2026-08-05,5
3026,12733,1,1,2026-08-05,3
3027,2756,1,1,2026-08-05,3
3028,39971,1,1,2026-08-05,3
3029,4502,1,1,2026-08-05,3
3030,1131,1,1,2026-08-05,3
3031,10713,1,1,2026-08-05,1
3032,19552,1,1,2026-08-05,1
3033,25873,1,1,2026-08-05,3
3034,19738,1,1,2026-08-05,3
3035,33884,1,1,2026-08-05,3
3036,31903,1,1,2026-08-05,3
3037,37755,1,1,2026-08-05,3
3038,38265,1,1,2026-08-05,3
3039,36340,1,1,2026-08-05,3
3040,40903,1,1,2026-08-05,4
3041,45423,1,1,2026-08-05,3
3042,29158,1,1,2026-08-05,3
3043,18619,1,1,2026-08-05,4
3044,42459,1,1,2026-08-05,3
3045,47154,1,1,2026-08-05,3
3046,10630,1,1,2026-08-05,3
3047,29647,1,1,2026-08-05,3
3048,27386,1,1,2026-08-05,3
3049,27934,1,1,2026-08-05,3
3050,4971,1,1,2026-08-05,3
3051,28750,1,1,2026-08-05,3
3052,25638,1,1,2026-08-05,3
3053,34753,3,1,2026-08-05,3
3054,26247,3,1,2026-08-05,2
3055,18975,3,1,2026-08-05,3
3056,31940,3,1,2026-08-05,2
3057,34934,3,1,2026-08-05,1
3058,40242,3,1,2026-08-05,2
3059,19090,3,1,2026-08-05,3
3060,2504,3,1,2026-08-05,2
3061,6226,3,1,2026-08-05,1
3062,37223,3,1,2026-08-05,3
3063,18114,3,1,2026-08-05,4
3064,33,3,1,2026-08-05,3
3065,30029,3,1,2026-08-05,3
3066,45556,3,1,2026-08-05,2
3067,15218,3,1,2026-08-05,3
3068,30798,3,1,2026-08-05,2
3069,10255,3,1,2026-08-05,3
3070,30089,3,1,2026-08-05,1
3071,37977,3,1,2026-08-05,2
3072,40963,3,1,2026-08-05,1
3073,22835,3,1,2026-08-05,2
3074,21077,3,1,2026-08-05,3
3075,44426,3,1,2026-08-05,3
3076,3717,3,1,2026-08-05,2
3077,26808,3,1,2026-08-05,2
3078,8116,3,1,2026-08-05,1
3079,1542,3,1,2026-08-05,3
3080,17664,3,1,2026-08-05,2
3081,36629,3,1,2026-08-05,2
3082,47918,3,1,2026-08-05,3
3083,23090,3,1,2026-08-05,1
3084,4763,3,1,2026-08-05,4
3085,17403,3,1,2026-08-05,3
3086,44032,3,1,2026-08-05,3
3087,16900,3,1,2026-08-05,3
3088,13545,3,1,2026-08-05,3
3089,11508,3,1,2026-08-05,3
3090,28347,3,1,2026-08-05,3
3091,48903,3,1,2026-08-05,3
3092,24904,3,1,2026-08-05,3
3093,36616,3,1,2026-08-05,1
3094,41655,3,1,2026-08-05,1
3095,39508,3,1,2026-08-05,2
3096,24435,3,1,2026-08-05,4
3097,21665,3,1,2026-08-05,1
3098,48868,3,1,2026-08-05,3
3099,35086,3,1,2026-08-05,3
3100,33831,3,1,2026-08-05,3
3101,42812,3,1,2026-08-05,1
3102,48967,3,1,2026-08-05,4
3103,19754,3,1,2026-08-05,3
3104,23386,3,1,2026-08-05,2
3105,20164,3,1,2026-08-05,2
3106,21221,3,1,2026-08-05,2
3107,31752,3,1,2026-08-05,2
3108,43197,3,1,2026-08-05,1
3109,10144,3,1,2026-08-05,1
3110,31360,3,1,2026-08-05,2
3111,49627,3,1,2026-08-05,1
3112,16320,3,1,2026-08-05,3
3113,21680,3,1,2026-08-05,3
3114,49924,3,1,2026-08-05,2
3115,29782,3,1,2026-08-05,3
3116,48982,3,1,2026-08-05,1
3117,41404,3,1,2026-08-05,3
3118,13942,3,1,2026-08-05,3
3119,20276,3,1,2026-08-05,2
3120,8374,3,1,2026-08-05,4
3121,32356,3,1,2026-08-05,1
3122,20674,3,1,2026-08-05,3
3123,45223,3,1,2026-08-05,3
3124,42191,3,1,2026-08-05,2
3125,40638,3,1,2026-08-05,3
3126,21590,3,1,2026-08-05,3
3127,7237,3,1,2026-08-05,4
3128,45596,3,1,2026-08-05,3
3129,5317,3,1,2026-08-05,2
3130,33432,3,1,2026-08-05,1
3131,32833,3,1,2026-08-05,3
3132,37870,3,1,2026-08-05,3
3133,25769,3,1,2026-08-05,2
3134,5821,3,1,2026-08-05,1
3135,19255,3,1,2026-08-05,1
3136,10708,3,1,2026-08-05,2
3137,1342,3,1,2026-08-05,3
3138,17054,3,1,2026-08-05,3
3139,27805,3,1,2026-08-05,3
3140,8968,3,1,2026-08-05,3
3141,30759,3,1,2026-08-05,2
3142,8270,3,1,2026-08-05,4
3143,45116,3,1,2026-08-05,2
3144,47629,3,1,2026-08-05,2
3145,49742,3,1,2026-08-05,3
3146,11554,3,1,2026-08-05,3
3147,17704,3,1,2026-08-05,2
3148,19156,3,1,2026-08-05,1
3149,16059,3,1,2026-08-05,2
3150,38309,3,1,2026-08-05,1
3151,23084,3,1,2026-08-05,3
3152,10475,3,1,2026-08-05,3
3153,6219,3,1,2026-08-05,2
3154,47938,3,1,2026-08-05,3
3155,47170,3,1,2026-08-05,3
3156,8492,3,1,2026-08-05,4
3157,31249,3,1,2026-08-05,3
3158,39863,3,1,2026-08-05,3
3159,23782,3,1,2026-08-05,2
3160,8159,3,1,2026-08-05,1
3161,13137,3,1,2026-08-05,2
3162,26796,3,1,2026-08-05,3
3163,24671,3,1,2026-08-05,3
3164,46307,3,1,2026-08-05,1
3165,43844,3,1,2026-08-05,1
3166,2553,3,1,2026-08-05,4
3167,12446,3,1,2026-08-05,1
3168,25424,3,1,2026-08-05,2
3169,44766,3,1,2026-08-05,3
3170,18141,3,1,2026-08-05,3
3171,40330,3,1,2026-08-05,3
3172,7129,3,1,2026-08-05,3
3173,23003,3,1,2026-08-05,3
3174,10094,3,1,2026-08-05,3
3175,872,3,1,2026-08-05,1
3176,22783,3,1,2026-08-05,1
3177,17480,3,1,2026-08-05,2
3178,28322,3,1,2026-08-05,3
3179,32500,3,1,2026-08-05,1
3180,32564,3,1,2026-08-05,3
3181,48773,3,1,2026-08-05,1
3182,28452,3,1,2026-08-05,4
3183,35931,3,1,2026-08-05,3
3184,25041,3,1,2026-08-05,4
3185,1300,3,1,2026-08-05,3
3186,13724,3,1,2026-08-05,3
3187,36856,3,1,2026-08-05,3
3188,35865,3,1,2026-08-05,3
3189,39516,3,1,2026-08-05,3
3190,2376,3,1,2026-08-05,2
3191,23344,3,1,2026-08-05,2
3192,20809,3,1,2026-08-05,1
3193,36329,3,1,2026-08-05,3
3194,4604,3,1,2026-08-05,1
3195,43180,3,1,2026-08-05,1
3196,8354,3,1,2026-08-05,3
3197,15440,3,1,2026-08-05,1
3198,14263,3,1,2026-08-05,3
3199,24246,3,1,2026-08-05,2
3200,26877,3,1,2026-08-05,2
3201,17314,3,1,2026-08-05,6
3202,15651,3,1,2026-08-05,3
3203,11051,3,1,2026-08-05,2
3204,49634,3,1,2026-08-05,3
3205,27576,3,1,2026-08-05,2
3206,29692,3,1,2026-08-05,1
3207,31555,3,1,2026-08-05,3
3208,29121,3,1,2026-08-05,3
3209,15395,3,1,2026-08-05,2
3210,43894,3,1,2026-08-05,1
3211,45288,3,1,2026-08-05,3
3212,6212,3,1,2026-08-05,3
3213,44970,3,1,2026-08-05,2
3214,49037,3,1,2026-08-05,3
3215,9484,3,1,2026-08-05,3
3216,4384,3,1,2026-08-05,3
3217,7965,3,1,2026-08-05,3
3218,7266,3,1,2026-08-05,2
3219,4480,3,1,2026-08-05,2
3220,37946,3,1,2026-08-05,2
3221,41090,3,1,2026-08-05,1
3222,11470,3,1,2026-08-05,2
3223,39541,3,1,2026-08-05,3
3224,2005,3,1,2026-08-05,3
3225,28016,3,1,2026-08-05,3
3226,1665,3,1,2026-08-05,3
3227,33252,3,1,2026-08-05,2
3228,39211,3,1,2026-08-05,2
3229,4605,3,1,2026-08-05,2
3230,6253,3,1,2026-08-05,3
3231,39067,3,1,2026-08-05,2
3232,15315,3,1,2026-08-05,3
3233,23348,3,1,2026-08-05,2
3234,17619,3,1,2026-08-05,2
3235,29228,3,1,2026-08-05,2
3236,36573,3,1,2026-08-05,3
3237,35601,3,1,2026-08-05,3
3238,3815,3,1,2026-08-05,2
3239,15365,3,1,2026-08-05,1
3240,17827,3,1,2026-08-05,2
3241,14898,3,1,2026-08-05,2
3242,27414,3,1,2026-08-05,3
3243,14567,3,1,2026-08-05,3
3244,33948,3,1,2026-08-05,2
3245,29633,3,1,2026-08-05,4
3246,45004,3,1,2026-08-05,1
3247,34036,3,1,2026-08-05,3
3248,19020,3,1,2026-08-05,3
3249,36881,3,1,2026-08-05,3
3250,10470,3,1,2026-08-05,1
3251,38723,3,1,2026-08-05,3
3252,41004,3,1,2026-08-05,1
3253,4553,3,1,2026-08-05,1
3254,18208,3,1,2026-08-05,1
3255,37812,3,1,2026-08-05,3
3256,31413,3,1,2026-08-05,3
3257,30905,3,1,2026-08-05,4
3258,4473,3,1,2026-08-05,3
3259,8464,3,1,2026-08-05,2
3260,7705,3,1,2026-08-05,2
3261,18865,3,1,2026-08-05,1
3262,32149,3,1,2026-08-05,3
3263,46642,3,1,2026-08-05,2
3264,10745,3,1,2026-08-05,5
3265,12675,3,1,2026-08-05,3
3266,3496,3,1,2026-08-05,3
3267,8105,3,1,2026-08-05,3
3268,19386,3,1,2026-08-05,4
3269,12717,3,1,2026-08-05,2
3270,10558,3,1,2026-08-05,2
3271,45253,3,1,2026-08-05,2
3272,46651,3,1,2026-08-05,3
3273,19297,3,1,2026-08-05,3
3274,27775,3,1,2026-08-05,5
3275,10787,3,1,2026-08-05,2
3276,9462,3,1,2026-08-05,3
3277,23169,3,1,2026-08-05,4
3278,11542,3,1,2026-08-05,2
3279,24781,3,1,2026-08-05,2
3280,27588,3,1,2026-08-05,1
3281,10505,3,1,2026-08-05,1
3282,35120,3,1,2026-08-05,3
3283,22826,3,1,2026-08-05,4
3284,13954,3,1,2026-08-05,1
3285,26672,3,1,2026-08-05,5
3286,29923,3,1,2026-08-05,2
3287,6378,3,1,2026-08-05,2
3288,31357,3,1,2026-08-05,1
3289,49793,3,1,2026-08-05,3
3290,13962,3,1,2026-08-05,2
3291,28278,3,1,2026-08-05,3
3292,24054,3,1,2026-08-05,1
3293,14314,3,1,2026-08-05,4
3294,22370,3,1,2026-08-05,2
3295,17006,3,1,2026-08-05,3
3296,27515,3,1,2026-08-05,1
3297,7294,3,1,2026-08-05,3
3298,7908,3,1,2026-08-05,3
3299,44737,3,1,2026-08-05,3
3300,18365,3,1,2026-08-05,3
3301,33381,3,1,2026-08-05,3
3302,47416,3,1,2026-08-05,3
3303,47155,3,1,2026-08-05,2
3304,49664,3,1,2026-08-05,3
3305,7272,3,1,2026-08-05,1
3306,6576,3,1,2026-08-05,2
3307,6449,3,1,2026-08-05,2
3308,27728,3,1,2026-08-05,2
3309,35385,3,1,2026-08-05,2
3310,47423,3,1,2026-08-05,2
3311,49272,3,1,2026-08-05,4
3312,13997,3,1,2026-08-05,2
3313,5760,3,1,2026-08-05,3
3314,10966,3,1,2026-08-05,3
3315,31943,3,1,2026-08-05,2
3316,10514,3,1,2026-08-05,2
3317,49183,3,1,2026-08-05,3
3318,34773,3,1,2026-08-05,1
3319,34330,3,1,2026-08-05,2
3320,32293,3,1,2026-08-05,1
3321,47828,3,1,2026-08-05,3
3322,4392,3,1,2026-08-05,3
3323,42688,3,1,2026-08-05,1
3324,6745,3,1,2026-08-05,2
3325,22633,3,1,2026-08-05,1
3326,35167,3,1,2026-08-05,3
3327,7039,3,1,2026-08-05,3
3328,7296,3,1,2026-08-05,2
3329,42423,3,1,2026-08-05,3
3330,19505,3,1,2026-08-05,1
3331,40090,3,1,2026-08-05,2
3332,27824,3,1,2026-08-05,4
3333,11415,3,1,2026-08-05,3
3334,12858,3,1,2026-08-05,2
3335,22455,3,1,2026-08-05,3
3336,41587,3,1,2026-08-05,1
3337,46726,3,1,2026-08-05,2
3338,26861,3,1,2026-08-05,3
3339,39078,3,1,2026-08-05,3
3340,44365,3,1,2026-08-05,3
3341,4144,3,1,2026-08-05,3
3342,22587,3,1,2026-08-05,3
3343,49937,3,1,2026-08-05,4
3344,23188,3,1,2026-08-05,3
3345,8052,3,1,2026-08-05,5
3346,46842,3,1,2026-08-05,3
3347,9495,3,1,2026-08-05,3
3348,6616,3,1,2026-08-05,1
3349,48938,3,1,2026-08-05,3
3350,40054,3,1,2026-08-05,1
3351,12315,3,1,2026-08-05,3
3352,29863,3,1,2026-08-05,3
3353,40158,3,1,2026-08-05,3
3354,16651,3,1,2026-08-05,2
3355,28851,3,1,2026-08-05,3
3356,6756,3,1,2026-08-05,2
3357,42343,3,1,2026-08-05,3
3358,32480,3,1,2026-08-05,3
3359,29111,3,1,2026-08-05,1
3360,5518,3,1,2026-08-05,4
3361,47067,3,1,2026-08-05,3
3362,4006,3,1,2026-08-05,2
3363,4684,3,1,2026-08-05,1
3364,8934,3,1,2026-08-05,1
3365,37733,3,1,2026-08-05,2
3366,8650,3,2,2026-08-05,1
3367,342,3,2,2026-08-05,2
3368,29500,3,2,2026-08-05,3
3369,6361,3,2,2026-08-05,1
3370,30172,3,2,2026-08-05,3
3371,16200,3,2,2026-08-05,1
3372,36416,3,2,2026-08-05,2
3373,2185,3,2,2026-08-05,2
3374,45928,3,2,2026-08-05,5
3375,2452,3,2,2026-08-05,2
3376,9319,3,2,2026-08-05,5
3377,47404,3,2,2026-08-05,2
3378,47042,3,2,2026-08-05,3
3379,38165,3,2,2026-08-05,1
3380,49267,3,2,2026-08-05,3
3381,3093,3,2,2026-08-05,3
3382,41508,3,2,2026-08-05,3
3383,3929,3,2,2026-08-05,2
3384,27211,3,2,2026-08-05,3
3385,92,3,2,2026-08-05,3
3386,10537,3,2,2026-08-05,3
3387,25912,3,2,2026-08-05,3
3388,21017,3,2,2026-08-05,2
3389,9779,3,2,2026-08-05,2
3390,48151,3,2,2026-08-05,4
3391,43109,3,2,2026-08-05,3
3392,36193,3,2,2026-08-05,3
3393,41934,3,2,2026-08-05,3
3394,46996,3,2,2026-08-05,1
3395,10476,3,2,2026-08-05,3
3396,45217,3,2,2026-08-05,3
3397,15848,3,2,2026-08-05,2
3398,6937,3,2,2026-08-05,1
3399,26879,3,2,2026-08-05,3
3400,25666,3,2,2026-08-05,3
3401,33436,3,2,2026-08-05,3
3402,18847,3,2,2026-08-05,3
3403,33863,3,2,2026-08-05,1
3404,41097,3,2,2026-08-05,2
3405,41821,3,2,2026-08-05,3
3406,47089,3,2,2026-08-05,3
3407,41380,3,2,2026-08-05,2
3408,42412,3,2,2026-08-05,3
3409,14451,3,2,2026-08-05,2
3410,45834,3,2,2026-08-05,3
3411,6885,3,2,2026-08-05,3
3412,11456,3,2,2026-08-05,3
3413,13349,3,2,2026-08-05,3
3414,49660,3,2,2026-08-05,3
3415,46227,3,2,2026-08-05,3
3416,8413,3,2,2026-08-05,3
3417,45764,3,2,2026-08-05,3
3418,37795,3,2,2026-08-05,1
3419,18910,3,2,2026-08-05,1
3420,27160,3,2,2026-08-05,3
3421,32185,3,2,2026-08-05,1
3422,21223,3,2,2026-08-05,3
3423,901,3,2,2026-08-05,2
3424,30651,3,2,2026-08-05,1
3425,23767,3,2,2026-08-05,3
3426,24651,3,2,2026-08-05,2
3427,37540,3,2,2026-08-05,3
3428,19496,3,2,2026-08-05,2
3429,32155,2,1,2026-08-05,4
3430,34492,2,1,2026-08-05,3
3431,45766,2,1,2026-08-05,3
3432,17203,2,1,2026-08-05,3
3433,42028,2,1,2026-08-05,4
3434,18025,2,1,2026-08-05,4
3435,37053,2,1,2026-08-05,4
3436,29830,2,1,2026-08-05,2
3437,24044,2,1,2026-08-05,3
3438,5215,2,1,2026-08-05,4
3439,32295,2,1,2026-08-05,1
3440,4582,2,1,2026-08-05,4
3441,9229,2,1,2026-08-05,3
3442,44329,2,1,2026-08-05,1
3443,415,2,1,2026-08-05,3
3444,17685,2,1,2026-08-05,3
3445,42638,2,1,2026-08-05,4
3446,29133,2,1,2026-08-05,3
3447,15977,2,1,2026-08-05,4
3448,2737,2,1,2026-08-05,4
3449,27961,2,1,2026-08-05,4
3450,35514,2,1,2026-08-05,4
3451,17578,2,1,2026-08-05,3
3452,42862,2,1,2026-08-05,3
3453,20095,2,1,2026-08-05,3
3454,23070,2,1,2026-08-05,4
3455,2300,2,1,2026-08-05,4
3456,15920,2,1,2026-08-05,3
3457,36553,2,1,2026-08-05,4
3458,12177,2,1,2026-08-05,4
3459,20976,2,1,2026-08-05,3
3460,36710,2,1,2026-08-05,1
3461,23355,2,1,2026-08-05,3
3462,40918,2,1,2026-08-05,4
3463,40243,2,1,2026-08-05,1
3464,42619,2,1,2026-08-05,1
3465,23587,2,1,2026-08-05,1
3466,19323,2,1,2026-08-05,2
3467,24116,2,1,2026-08-05,3
3468,43236,2,1,2026-08-05,3
3469,47249,2,1,2026-08-05,3
3470,31257,2,1,2026-08-05,1
3471,29968,2,1,2026-08-05,3
3472,49960,2,1,2026-08-05,4
3473,11964,2,1,2026-08-05,4
3474,46652,2,1,2026-08-05,4
3475,868,2,1,2026-08-05,4
3476,9727,2,1,2026-08-05,4
3477,41721,2,1,2026-08-05,3
3478,10160,2,1,2026-08-05,4
3479,47209,2,1,2026-08-05,1
3480,44598,2,1,2026-08-05,4
3481,32481,2,1,2026-08-05,3
3482,11238,2,1,2026-08-05,4
3483,21920,2,1,2026-08-05,3
3484,31318,2,1,2026-08-05,1
3485,32884,2,1,2026-08-05,4
3486,22602,2,1,2026-08-05,3
3487,39935,2,1,2026-08-05,3
3488,5164,2,1,2026-08-05,4
3489,38646,2,1,2026-08-05,3
3490,19362,2,1,2026-08-05,4
3491,12906,2,1,2026-08-05,3
3492,36680,2,1,2026-08-05,4
3493,17102,2,1,2026-08-05,4
3494,256,2,1,2026-08-05,3
3495,11942,2,1,2026-08-05,3
3496,20003,2,1,2026-08-05,1
3497,40716,2,1,2026-08-05,4
3498,243,2,1,2026-08-05,4
3499,15840,2,1,2026-08-05,4
3500,43960,2,1,2026-08-05,3
3501,7475,2,1,2026-08-05,1
3502,41284,2,1,2026-08-05,4
3503,39650,2,1,2026-08-05,3
3504,14367,2,1,2026-08-05,3
3505,47131,2,1,2026-08-05,4
3506,26444,2,1,2026-08-05,4
3507,19837,2,1,2026-08-05,3
3508,30549,2,1,2026-08-05,1
3509,38282,2,1,2026-08-05,4
3510,44445,2,1,2026-08-05,3
3511,2632,2,1,2026-08-05,3
3512,16318,2,1,2026-08-05,3
3513,13192,2,1,2026-08-05,3
3514,25260,2,1,2026-08-05,1
3515,7264,2,1,2026-08-05,1
3516,9726,2,1,2026-08-05,1
3517,13186,2,1,2026-08-05,3
3518,27431,2,1,2026-08-05,3
3519,28970,2,1,2026-08-05,3
3520,27503,2,1,2026-08-05,4
3521,36904,2,1,2026-08-05,4
3522,47280,2,1,2026-08-05,3
3523,14633,2,1,2026-08-05,4
3524,13031,2,1,2026-08-05,3
3525,21268,2,1,2026-08-05,3
3526,30436,2,1,2026-08-05,4
3527,6131,2,1,2026-08-05,4
3528,41409,2,1,2026-08-05,4
3529,15123,2,1,2026-08-05,1
3530,31497,2,1,2026-08-05,5
3531,41990,2,1,2026-08-05,4
3532,24351,2,1,2026-08-05,3
3533,27899,2,1,2026-08-05,3
3534,38508,2,1,2026-08-05,3
3535,34092,2,1,2026-08-05,3
3536,30339,2,1,2026-08-05,3
3537,6628,2,1,2026-08-05,3
3538,43232,2,1,2026-08-05,3
3539,14690,2,1,2026-08-05,3
3540,19271,2,1,2026-08-05,1
3541,41578,2,1,2026-08-05,6
3542,14498,2,1,2026-08-05,3
3543,10796,2,1,2026-08-05,3
3544,32019,2,1,2026-08-05,3
3545,11963,2,1,2026-08-05,3
3546,38277,2,1,2026-08-05,2
3547,4102,2,1,2026-08-05,3
3548,47307,2,1,2026-08-05,4
3549,44044,2,1,2026-08-05,1
3550,20302,2,1,2026-08-05,3
3551,15437,2,1,2026-08-05,4
3552,3121,2,1,2026-08-05,3
3553,16152,2,1,2026-08-05,3
3554,41695,2,2,2026-08-05,3
3555,24600,2,2,2026-08-05,3
3556,36263,2,2,2026-08-05,4
3557,46528,2,2,2026-08-05,3
3558,35655,2,2,2026-08-05,3
3559,38531,2,2,2026-08-05,4
3560,19631,2,2,2026-08-05,3
3561,19521,2,2,2026-08-05,4
3562,30075,2,2,2026-08-05,3
3563,10404,2,2,2026-08-05,4
3564,41960,2,2,2026-08-05,3
3565,11289,2,2,2026-08-05,3
3566,1265,2,2,2026-08-05,3
3567,4261,2,2,2026-08-05,4
3568,13229,2,2,2026-08-05,4
3569,44068,2,2,2026-08-05,3
3570,28048,2,2,2026-08-05,4
3571,38617,2,2,2026-08-05,4
3572,35930,2,2,2026-08-05,1
3573,44797,2,2,2026-08-05,3
3574,42248,2,2,2026-08-05,3
3575,912,2,2,2026-08-05,4
3576,28607,2,2,2026-08-05,3
3577,15137,2,2,2026-08-05,4
3578,11726,2,2,2026-08-05,1
3579,20723,2,2,2026-08-05,2
3580,19230,2,2,2026-08-05,1
3581,29765,2,2,2026-08-05,4
3582,1893,2,2,2026-08-05,5
3583,5975,2,2,2026-08-05,3
3584,10674,2,2,2026-08-05,3
3585,17497,2,2,2026-08-05,2
3586,11625,2,2,2026-08-05,3
3587,41273,2,2,2026-08-05,3
3588,41257,2,2,2026-08-05,4
3589,30093,2,2,2026-08-05,3
3590,44073,2,2,2026-08-05,3
3591,33487,2,2,2026-08-05,3
3592,41696,2,2,2026-08-05,3
3593,4051,2,2,2026-08-05,4
3594,25980,2,2,2026-08-05,3
3595,23878,2,2,2026-08-05,4
3596,49206,2,2,2026-08-05,3
3597,22561,2,2,2026-08-05,3
3598,47348,2,2,2026-08-05,2
3599,29281,2,2,2026-08-05,3
3600,43575,2,2,2026-08-05,4
3601,32664,2,2,2026-08-05,4
3602,18860,2,2,2026-08-05,3
3603,31604,2,2,2026-08-05,3
3604,39272,2,4,2026-08-05,4
3605,21467,2,4,2026-08-05,1
3606,4177,2,4,2026-08-05,3
3607,48555,2,4,2026-08-05,3
3608,27596,2,4,2026-08-05,2
3609,30208,2,4,2026-08-05,4
3610,31565,2,4,2026-08-05,1
3611,35289,2,4,2026-08-05,3
3612,47866,2,4,2026-08-05,3
3613,11874,2,4,2026-08-05,2
3614,41844,2,4,2026-08-05,4
3615,34841,2,4,2026-08-05,4
3616,23818,2,4,2026-08-05,3
3617,13771,2,4,2026-08-05,4
3618,37786,2,4,2026-08-05,3
3619,30713,2,4,2026-08-05,4
3620,19850,2,4,2026-08-05,3
3621,20982,2,4,2026-08-05,4
3622,44165,2,4,2026-08-05,2
3623,29156,2,4,2026-08-05,3
3624,1989,2,4,2026-08-05,3
3625,7951,2,4,2026-08-05,3
3626,38671,2,4,2026-08-05,4
3627,5431,2,4,2026-08-05,3
3628,47320,2,4,2026-08-05,1
3629,44380,2,4,2026-08-05,3
3630,14178,2,4,2026-08-05,3
3631,42698,2,4,2026-08-05,3
3632,32754,2,4,2026-08-05,4
3633,21360,2,4,2026-08-05,2
3634,26613,2,4,2026-08-05,3
3635,17020,2,4,2026-08-05,3
3636,44036,2,4,2026-08-05,3
3637,31244,2,4,2026-08-05,3
3638,11410,2,4,2026-08-05,3
3639,46323,2,4,2026-08-05,3
3640,21674,2,4,2026-08-05,3
3641,17769,2,4,2026-08-05,1
3642,7697,2,4,2026-08-05,3
3643,22056,2,4,2026-08-05,4
3644,34009,2,4,2026-08-05,4
3645,23043,2,4,2026-08-05,4
3646,46441,2,4,2026-08-05,4
3647,21927,2,4,2026-08-05,4
3648,41920,2,4,2026-08-05,4
3649,26447,2,4,2026-08-05,4
3650,10077,2,4,2026-08-05,4
3651,38256,2,4,2026-08-05,4
3652,14834,2,4,2026-08-05,3
3653,46502,2,4,2026-08-05,3
3654,12974,2,4,2026-08-05,4
3655,5515,2,4,2026-08-05,3
3656,37416,2,4,2026-08-05,3
3657,44269,2,4,2026-08-05,4
3658,25515,2,4,2026-08-05,4
3659,34758,2,4,2026-08-05,4
3660,16692,2,4,2026-08-05,4
3661,12203,2,4,2026-08-05,3
3662,14449,2,4,2026-08-05,3
3663,8051,2,4,2026-08-05,3
3664,2416,2,4,2026-08-05,4
3665,6468,2,4,2026-08-05,2
3666,49783,2,4,2026-08-05,3
3667,25961,2,4,2026-08-05,1
3668,7051,2,4,2026-08-05,3
3669,17653,2,4,2026-08-05,5
3670,27502,2,4,2026-08-05,3
3671,6515,2,4,2026-08-05,3
3672,22772,2,4,2026-08-05,3
3673,46619,2,4,2026-08-05,3
3674,48080,2,4,2026-08-05,3
3675,29183,2,4,2026-08-05,1
3676,31459,2,4,2026-08-05,2
3677,3035,2,4,2026-08-05,3
3678,39105,2,4,2026-08-05,3
3679,17380,1,1,2026-08-06,4
3680,32894,1,1,2026-08-06,3
3681,30848,1,1,2026-08-06,4
3682,40921,1,1,2026-08-06,3
3683,5919,1,1,2026-08-06,3
3684,10466,1,1,2026-08-06,5
3685,32859,1,1,2026-08-06,3
3686,5207,1,1,2026-08-06,3
3687,13093,1,1,2026-08-06,3
3688,22596,1,1,2026-08-06,3
3689,43416,1,1,2026-08-06,3
3690,2502,1,1,2026-08-06,1
3691,28689,1,1,2026-08-06,3
3692,41910,1,1,2026-08-06,3
3693,39441,1,1,2026-08-06,1
3694,37424,1,1,2026-08-06,3
3695,15374,1,1,2026-08-06,3
3696,28881,1,1,2026-08-06,3
3697,2298,1,1,2026-08-06,3
3698,20124,1,1,2026-08-06,4
3699,28710,1,1,2026-08-06,3
3700,8426,1,1,2026-08-06,3
3701,31043,1,1,2026-08-06,3
3702,7751,1,1,2026-08-06,3
3703,3468,1,1,2026-08-06,3
3704,29324,1,1,2026-08-06,3
3705,18126,1,1,2026-08-06,3
3706,38815,1,1,2026-08-06,3
3707,44709,1,1,2026-08-06,1
3708,16446,1,1,2026-08-06,3
3709,8686,1,1,2026-08-06,1
3710,9053,1,1,2026-08-06,3
3711,8150,1,1,2026-08-06,3
3712,46873,1,1,2026-08-06,3
3713,15543,1,1,2026-08-06,3
3714,36414,1,1,2026-08-06,4
3715,2012,1,1,2026-08-06,3
3716,10270,1,1,2026-08-06,4
3717,3907,1,1,2026-08-06,5
3718,32078,1,1,2026-08-06,3
3719,38496,1,1,2026-08-06,1
3720,38879,1,1,2026-08-06,3
3721,11015,1,1,2026-08-06,3
3722,35595,1,1,2026-08-06,4
3723,31212,1,1,2026-08-06,3
3724,17631,1,1,2026-08-06,3
3725,24389,1,1,2026-08-06,3
3726,6142,1,1,2026-08-06,3
3727,27958,1,1,2026-08-06,3
3728,35160,1,1,2026-08-06,3
3729,38049,1,1,2026-08-06,3
3730,15105,1,1,2026-08-06,3
3731,21299,1,1,2026-08-06,3
3732,6161,1,1,2026-08-06,3
3733,24251,1,1,2026-08-06,4
3734,36030,1,1,2026-08-06,3
3735,29933,1,1,2026-08-06,3
3736,19644,1,1,2026-08-06,3
3737,31729,1,1,2026-08-06,3
3738,46205,1,1,2026-08-06,3
3739,48769,1,1,2026-08-06,4
3740,33769,1,1,2026-08-06,3
3741,43027,1,1,2026-08-06,3
3742,14584,1,1,2026-08-06,3
3743,29428,1,1,2026-08-06,3
3744,38763,1,1,2026-08-06,3
3745,3773,1,1,2026-08-06,1
3746,12554,1,1,2026-08-06,4
3747,23855,1,1,2026-08-06,3
3748,4137,1,1,2026-08-06,3
3749,32998,1,1,2026-08-06,3
3750,17290,1,1,2026-08-06,3
3751,8015,1,1,2026-08-06,3
3752,10786,1,1,2026-08-06,3
3753,14351,1,1,2026-08-06,3
3754,47549,1,1,2026-08-06,3
3755,8876,1,1,2026-08-06,3
3756,12390,1,1,2026-08-06,3
3757,38008,1,1,2026-08-06,3
3758,45307,1,1,2026-08-06,3
3759,35794,1,1,2026-08-06,3
3760,19901,1,1,2026-08-06,1
3761,18883,1,1,2026-08-06,3
3762,4139,1,1,2026-08-06,3
3763,4316,1,1,2026-08-06,3
3764,24134,1,1,2026-08-06,3
3765,14527,1,1,2026-08-06,1
3766,30594,1,1,2026-08-06,3
3767,34908,1,1,2026-08-06,3
3768,11818,1,1,2026-08-06,3
3769,27046,1,1,2026-08-06,3
3770,12551,1,1,2026-08-06,1
3771,38500,1,1,2026-08-06,4
3772,38106,1,1,2026-08-06,3
3773,4974,1,1,2026-08-06,1
3774,24511,1,1,2026-08-06,3
3775,30370,1,1,2026-08-06,3
3776,44251,1,1,2026-08-06,4
3777,12445,1,1,2026-08-06,3
3778,7560,1,1,2026-08-06,3
3779,25009,1,1,2026-08-06,3
3780,48075,1,1,2026-08-06,3
3781,47059,1,1,2026-08-06,3
3782,41724,1,1,2026-08-06,3
3783,42708,1,1,2026-08-06,3
3784,36181,1,1,2026-08-06,1
3785,3148,1,1,2026-08-06,3
3786,42507,1,1,2026-08-06,3
3787,43441,1,1,2026-08-06,3
3788,7351,1,1,2026-08-06,3
3789,29139,1,1,2026-08-06,3
3790,8839,1,1,2026-08-06,3
3791,11988,1,1,2026-08-06,4
3792,48506,1,1,2026-08-06,3
3793,49585,1,1,2026-08-06,3
3794,19314,1,1,2026-08-06,3
3795,20851,1,1,2026-08-06,1
3796,7083,1,1,2026-08-06,4
3797,15549,1,1,2026-08-06,3
3798,14540,1,1,2026-08-06,6
3799,49350,1,1,2026-08-06,3
3800,30033,1,1,2026-08-06,3
3801,23734,1,1,2026-08-06,3
3802,22969,1,1,2026-08-06,3
3803,30836,1,1,2026-08-06,3
3804,13283,1,1,2026-08-06,3
3805,43362,1,1,2026-08-06,3
3806,23124,1,1,2026-08-06,3
3807,14493,1,1,2026-08-06,3
3808,13923,1,1,2026-08-06,3
3809,40425,1,1,2026-08-06,3
3810,26851,1,1,2026-08-06,3
3811,15192,1,1,2026-08-06,3
3812,27447,1,1,2026-08-06,3
3813,6105,1,1,2026-08-06,3
3814,32911,1,1,2026-08-06,3
3815,44603,1,1,2026-08-06,3
3816,10263,1,1,2026-08-06,3
3817,17830,1,1,2026-08-06,3
3818,21407,1,1,2026-08-06,3
3819,9334,1,1,2026-08-06,3
3820,2627,1,1,2026-08-06,3
3821,47038,1,1,2026-08-06,4
3822,29914,1,1,2026-08-06,3
3823,47703,1,1,2026-08-06,3
3824,27842,1,1,2026-08-06,3
3825,26519,1,1,2026-08-06,3
3826,46878,1,1,2026-08-06,3
3827,23931,1,1,2026-08-06,3
3828,11545,1,1,2026-08-06,3
3829,37705,1,1,2026-08-06,5
3830,30209,1,1,2026-08-06,3
3831,34271,1,1,2026-08-06,3
3832,12137,1,1,2026-08-06,3
3833,23442,1,1,2026-08-06,3
3834,11788,1,1,2026-08-06,3
3835,21119,1,1,2026-08-06,3
3836,27585,1,1,2026-08-06,3
3837,41666,1,1,2026-08-06,3
3838,1727,1,1,2026-08-06,4
3839,39171,1,1,2026-08-06,3
3840,18826,1,1,2026-08-06,4
3841,36427,1,1,2026-08-06,3
3842,48655,1,1,2026-08-06,3
3843,29425,1,1,2026-08-06,3
3844,11587,1,1,2026-08-06,3
3845,33279,1,1,2026-08-06,3
3846,16031,1,1,2026-08-06,3
3847,6651,1,1,2026-08-06,3
3848,37901,1,1,2026-08-06,3
3849,13921,1,1,2026-08-06,3
3850,13127,1,1,2026-08-06,1
3851,31747,1,1,2026-08-06,3
3852,20184,1,1,2026-08-06,3
3853,17542,1,1,2026-08-06,3
3854,2169,1,1,2026-08-06,3
3855,7558,1,1,2026-08-06,3
3856,37620,1,1,2026-08-06,3
3857,22726,1,1,2026-08-06,3
3858,33019,1,1,2026-08-06,3
3859,19784,1,1,2026-08-06,3
3860,33776,1,1,2026-08-06,3
3861,1564,1,1,2026-08-06,4
3862,43041,1,1,2026-08-06,3
3863,20716,1,1,2026-08-06,3
3864,48099,1,1,2026-08-06,3
3865,10579,1,1,2026-08-06,3
3866,42237,1,1,2026-08-06,3
3867,48019,1,1,2026-08-06,3
3868,28108,1,1,2026-08-06,3
3869,23269,1,1,2026-08-06,3
3870,10823,1,1,2026-08-06,1
3871,45729,1,1,2026-08-06,4
3872,20703,1,1,2026-08-06,3
3873,24844,1,1,2026-08-06,3
3874,4318,1,1,2026-08-06,3
3875,27453,1,1,2026-08-06,3
3876,46783,1,1,2026-08-06,3
3877,14755,1,1,2026-08-06,3
3878,17967,1,1,2026-08-06,1
3879,19033,1,1,2026-08-06,3
3880,31901,1,1,2026-08-06,3
3881,32840,1,1,2026-08-06,3
3882,2149,1,1,2026-08-06,1
3883,43086,1,1,2026-08-06,3
3884,20080,1,1,2026-08-06,3
3885,44058,1,1,2026-08-06,3
3886,4349,1,1,2026-08-06,5
3887,22205,1,1,2026-08-06,3
3888,18461,1,1,2026-08-06,4
3889,17346,1,1,2026-08-06,3
3890,40380,1,1,2026-08-06,3
3891,33864,1,1,2026-08-06,3
3892,18194,1,1,2026-08-06,3
3893,412,1,1,2026-08-06,4
3894,10355,1,1,2026-08-06,3
3895,1443,1,1,2026-08-06,3
3896,4816,1,1,2026-08-06,3
3897,8592,1,1,2026-08-06,3
3898,23848,1,1,2026-08-06,3
3899,46057,1,1,2026-08-06,3
3900,31287,1,1,2026-08-06,3
3901,5491,1,1,2026-08-06,3
3902,4496,1,1,2026-08-06,3
3903,30873,1,1,2026-08-06,3
3904,19670,1,1,2026-08-06,3
3905,12158,1,1,2026-08-06,3
3906,20271,1,1,2026-08-06,3
3907,49644,1,1,2026-08-06,4
3908,41271,1,1,2026-08-06,3
3909,38697,1,1,2026-08-06,3
3910,42333,1,1,2026-08-06,4
3911,45848,1,1,2026-08-06,3
3912,40980,1,1,2026-08-06,1
3913,32429,1,1,2026-08-06,3
3914,10171,1,1,2026-08-06,4
3915,20678,1,1,2026-08-06,3
3916,37348,1,1,2026-08-06,1
3917,42562,1,1,2026-08-06,3
3918,43183,1,1,2026-08-06,1
3919,8630,1,1,2026-08-06,1
3920,10001,1,1,2026-08-06,3
3921,35037,1,1,2026-08-06,3
3922,28514,1,1,2026-08-06,3
3923,19766,1,1,2026-08-06,3
3924,2367,1,1,2026-08-06,3
3925,41384,1,1,2026-08-06,1
3926,33462,1,1,2026-08-06,3
3927,2125,1,1,2026-08-06,3
3928,10817,1,1,2026-08-06,4
3929,12022,1,1,2026-08-06,3
3930,24687,1,1,2026-08-06,3
3931,3746,1,1,2026-08-06,3
3932,4877,1,1,2026-08-06,3
3933,14798,1,1,2026-08-06,3
3934,22149,1,1,2026-08-06,3
3935,44311,1,1,2026-08-06,3
3936,49673,1,1,2026-08-06,3
3937,8938,1,1,2026-08-06,3
3938,14512,1,1,2026-08-06,3
3939,3788,1,1,2026-08-06,1
3940,33456,1,1,2026-08-06,3
3941,27267,1,1,2026-08-06,3
3942,2351,1,1,2026-08-06,3
3943,19895,1,1,2026-08-06,3
3944,42899,1,1,2026-08-06,3
3945,11739,1,1,2026-08-06,3
3946,25569,1,1,2026-08-06,3
3947,11807,1,1,2026-08-06,4
3948,14405,1,1,2026-08-06,3
3949,38035,1,1,2026-08-06,3
3950,48151,1,1,2026-08-06,4
3951,45198,1,1,2026-08-06,3
3952,28620,1,1,2026-08-06,3
3953,16709,1,1,2026-08-06,3
3954,9169,1,1,2026-08-06,3
3955,18907,1,1,2026-08-06,3
3956,11056,1,1,2026-08-06,4
3957,49113,1,1,2026-08-06,3
3958,46052,1,1,2026-08-06,4
3959,30141,1,1,2026-08-06,3
3960,45679,1,1,2026-08-06,3
3961,2009,1,1,2026-08-06,3
3962,9344,1,1,2026-08-06,3
3963,37233,1,1,2026-08-06,3
3964,6028,1,1,2026-08-06,3
3965,14302,1,1,2026-08-06,4
3966,23288,1,1,2026-08-06,3
3967,32115,1,1,2026-08-06,3
3968,3286,1,1,2026-08-06,3
3969,48172,1,1,2026-08-06,3
3970,44731,1,1,2026-08-06,3
3971,27837,1,1,2026-08-06,3
3972,48195,1,1,2026-08-06,4
3973,18115,1,1,2026-08-06,3
3974,2442,1,1,2026-08-06,3
3975,10074,1,1,2026-08-06,4
3976,40208,1,1,2026-08-06,3
3977,14093,1,1,2026-08-06,3
3978,34439,1,1,2026-08-06,1
3979,48018,1,1,2026-08-06,3
3980,39805,1,1,2026-08-06,3
3981,15523,1,1,2026-08-06,3
3982,1762,1,1,2026-08-06,3
3983,4410,1,1,2026-08-06,3
3984,27507,1,1,2026-08-06,3
3985,28629,1,1,2026-08-06,3
3986,2798,1,1,2026-08-06,3
3987,23500,1,1,2026-08-06,3
3988,24238,1,1,2026-08-06,5
3989,46190,1,1,2026-08-06,3
3990,2143,1,1,2026-08-06,3
3991,44478,1,1,2026-08-06,3
3992,33900,1,1,2026-08-06,3
3993,19654,1,1,2026-08-06,3
3994,6509,1,1,2026-08-06,1
3995,8405,1,1,2026-08-06,3
3996,19764,1,1,2026-08-06,1
3997,10550,1,1,2026-08-06,3
3998,44146,1,1,2026-08-06,1
3999,22322,1,1,2026-08-06,5
4000,23836,1,1,2026-08-06,3
4001,11038,1,1,2026-08-06,3
4002,47118,1,1,2026-08-06,3
4003,25868,1,1,2026-08-06,3
4004,48160,1,1,2026-08-06,3
4005,9805,1,1,2026-08-06,4
4006,40255,1,1,2026-08-06,3
4007,32471,1,1,2026-08-06,3
4008,12155,1,1,2026-08-06,3
4009,39708,1,1,2026-08-06,3
4010,15103,1,1,2026-08-06,3
4011,13461,1,1,2026-08-06,3
4012,12027,1,1,2026-08-06,3
4013,49106,1,1,2026-08-06,3
4014,2832,1,1,2026-08-06,3
4015,41548,1,1,2026-08-06,3
4016,41975,1,1,2026-08-06,3
4017,28992,1,1,2026-08-06,3
4018,38071,1,1,2026-08-06,3
4019,35063,1,1,2026-08-06,3
4020,29679,1,1,2026-08-06,3
4021,14565,1,1,2026-08-06,4
4022,47524,1,1,2026-08-06,3
4023,25319,1,1,2026-08-06,3
4024,38880,1,1,2026-08-06,3
4025,8806,1,1,2026-08-06,3
4026,21366,1,1,2026-08-06,1
4027,638,1,1,2026-08-06,3
4028,35275,1,1,2026-08-06,3
4029,48438,1,1,2026-08-06,3
4030,6374,1,1,2026-08-06,3
4031,15124,1,1,2026-08-06,3
4032,9505,1,1,2026-08-06,3
4033,24501,1,1,2026-08-06,3
4034,44296,1,1,2026-08-06,3
4035,20665,1,1,2026-08-06,3
4036,27844,1,1,2026-08-06,6
4037,24912,1,1,2026-08-06,3
4038,44049,1,1,2026-08-06,3
4039,46168,1,1,2026-08-06,3
4040,43623,1,1,2026-08-06,3
4041,12176,1,1,2026-08-06,3
4042,30376,1,1,2026-08-06,3
4043,23234,1,1,2026-08-06,3
4044,34807,1,1,2026-08-06,3
4045,26345,1,1,2026-08-06,3
4046,12433,1,1,2026-08-06,1
4047,37811,1,1,2026-08-06,5
4048,44747,1,1,2026-08-06,4
4049,49496,1,1,2026-08-06,3
4050,38882,1,1,2026-08-06,3
4051,47686,1,1,2026-08-06,3
4052,32526,1,1,2026-08-06,3
4053,33405,1,1,2026-08-06,1
4054,45754,1,1,2026-08-06,3
4055,14929,1,1,2026-08-06,3
4056,4263,1,1,2026-08-06,3
4057,15976,1,1,2026-08-06,1
4058,49534,1,1,2026-08-06,3
4059,12958,1,1,2026-08-06,3
4060,32168,1,1,2026-08-06,3
4061,8981,1,1,2026-08-06,3
4062,11877,1,1,2026-08-06,3
4063,45537,1,1,2026-08-06,3
4064,400,1,1,2026-08-06,3
4065,13738,1,1,2026-08-06,3
4066,29825,1,1,2026-08-06,1
4067,40220,1,1,2026-08-06,3
4068,24430,1,1,2026-08-06,3
4069,20109,1,1,2026-08-06,1
4070,9638,1,1,2026-08-06,3
4071,17836,1,1,2026-08-06,3
4072,25185,1,1,2026-08-06,3
4073,10995,1,1,2026-08-06,3
4074,8967,1,1,2026-08-06,3
4075,44873,1,1,2026-08-06,3
4076,6193,1,1,2026-08-06,3
4077,17174,1,1,2026-08-06,3
4078,22349,1,1,2026-08-06,3
4079,795,1,1,2026-08-06,3
4080,5021,1,1,2026-08-06,3
4081,44680,1,1,2026-08-06,3
4082,21654,1,1,2026-08-06,3
4083,42590,1,1,2026-08-06,4
4084,38846,1,1,2026-08-06,3
4085,49808,1,1,2026-08-06,4
4086,42107,1,1,2026-08-06,3
4087,11316,1,1,2026-08-06,3
4088,46,1,1,2026-08-06,3
4089,10382,1,1,2026-08-06,6
4090,44939,1,1,2026-08-06,3
4091,22580,1,1,2026-08-06,3
4092,1621,1,1,2026-08-06,4
4093,46999,1,1,2026-08-06,3
4094,25439,1,1,2026-08-06,3
4095,24843,1,1,2026-08-06,3
4096,5045,1,1,2026-08-06,3
4097,9411,1,1,2026-08-06,3
4098,3527,1,1,2026-08-06,4
4099,43485,1,1,2026-08-06,3
4100,23172,1,1,2026-08-06,3
4101,48128,1,1,2026-08-06,3
4102,33027,1,1,2026-08-06,3
4103,42202,1,1,2026-08-06,3
4104,12384,1,1,2026-08-06,3
4105,23558,1,1,2026-08-06,3
4106,41065,1,1,2026-08-06,3
4107,22622,1,1,2026-08-06,3
4108,33043,1,1,2026-08-06,3
4109,37606,1,1,2026-08-06,3
4110,1421,1,1,2026-08-06,3
4111,42733,1,1,2026-08-06,3
4112,44195,1,1,2026-08-06,3
4113,43904,1,1,2026-08-06,3
4114,3377,1,1,2026-08-06,3
4115,20843,1,1,2026-08-06,3
4116,20767,1,1,2026-08-06,3
4117,20044,1,1,2026-08-06,3
4118,3164,1,1,2026-08-06,3
4119,12587,1,1,2026-08-06,3
4120,42753,1,1,2026-08-06,3
4121,8990,1,1,2026-08-06,3
4122,376,1,1,2026-08-06,3
4123,39707,1,1,2026-08-06,3
4124,11855,1,1,2026-08-06,3
4125,41212,1,1,2026-08-06,3
4126,47808,1,1,2026-08-06,3
4127,19012,1,1,2026-08-06,3
4128,4201,1,1,2026-08-06,5
4129,43233,1,1,2026-08-06,3
4130,46523,1,1,2026-08-06,3
4131,18376,1,1,2026-08-06,3
4132,47220,1,1,2026-08-06,1
4133,9781,1,1,2026-08-06,5
4134,6400,1,1,2026-08-06,4
4135,45952,1,1,2026-08-06,3
4136,35407,1,1,2026-08-06,3
4137,24833,1,1,2026-08-06,3
4138,22328,1,1,2026-08-06,3
4139,29052,1,1,2026-08-06,3
4140,924,1,1,2026-08-06,3
4141,17049,1,1,2026-08-06,3
4142,22185,1,1,2026-08-06,3
4143,28674,1,1,2026-08-06,3
4144,42680,1,1,2026-08-06,3
4145,14553,1,1,2026-08-06,3
4146,41176,1,1,2026-08-06,3
4147,41039,1,1,2026-08-06,3
4148,36023,1,1,2026-08-06,3
4149,44883,1,1,2026-08-06,3
4150,22740,1,1,2026-08-06,3
4151,5225,1,1,2026-08-06,3
4152,16260,1,1,2026-08-06,3
4153,14355,1,1,2026-08-06,1
4154,48124,1,1,2026-08-06,3
4155,31117,1,1,2026-08-06,3
4156,29372,1,1,2026-08-06,3
4157,36086,1,1,2026-08-06,1
4158,32415,1,1,2026-08-06,3
4159,24444,1,1,2026-08-06,3
4160,21837,1,1,2026-08-06,3
4161,6210,1,1,2026-08-06,3
4162,22059,1,1,2026-08-06,3
4163,20160,1,1,2026-08-06,3
4164,43303,1,1,2026-08-06,3
4165,6419,1,1,2026-08-06,3
4166,7218,1,1,2026-08-06,1
4167,340,1,1,2026-08-06,3
4168,6372,1,1,2026-08-06,3
4169,46978,1,1,2026-08-06,3
4170,20968,1,1,2026-08-06,1
4171,18030,1,1,2026-08-06,3
4172,49364,1,1,2026-08-06,3
4173,9013,1,1,2026-08-06,3
4174,36182,1,1,2026-08-06,1
4175,48116,1,1,2026-08-06,3
4176,4580,1,1,2026-08-06,3
4177,27828,1,1,2026-08-06,3
4178,17556,1,1,2026-08-06,1
4179,38653,1,1,2026-08-06,3
4180,45008,1,1,2026-08-06,3
4181,13765,1,1,2026-08-06,3
4182,19916,1,1,2026-08-06,1
4183,4150,1,1,2026-08-06,3
4184,15649,1,1,2026-08-06,3
4185,2663,1,1,2026-08-06,3
4186,43803,1,1,2026-08-06,3
4187,44136,1,1,2026-08-06,3
4188,23981,1,1,2026-08-06,3
4189,33891,1,1,2026-08-06,3
4190,45583,1,1,2026-08-06,3
4191,48493,1,1,2026-08-06,3
4192,20416,1,1,2026-08-06,3
4193,21852,1,1,2026-08-06,4
4194,13322,1,1,2026-08-06,3
4195,26941,1,1,2026-08-06,3
4196,3220,1,1,2026-08-06,3
4197,26812,1,1,2026-08-06,3
4198,18548,1,1,2026-08-06,3
4199,13503,1,1,2026-08-06,3
4200,46808,1,1,2026-08-06,3
4201,6557,1,1,2026-08-06,3
4202,38756,1,1,2026-08-06,3
4203,27831,1,1,2026-08-06,4
4204,39301,1,1,2026-08-06,1
4205,10982,1,1,2026-08-06,1
4206,16796,1,1,2026-08-06,3
4207,46733,1,1,2026-08-06,3
4208,24428,1,1,2026-08-06,3
4209,511,1,1,2026-08-06,3
4210,40627,1,1,2026-08-06,3
4211,41864,1,1,2026-08-06,3
4212,40505,1,1,2026-08-06,3
4213,3473,1,1,2026-08-06,3
4214,10528,1,1,2026-08-06,3
4215,35174,1,1,2026-08-06,3
4216,45648,1,1,2026-08-06,3
4217,23650,1,1,2026-08-06,1
4218,2335,1,1,2026-08-06,3
4219,4379,1,1,2026-08-06,3
4220,18467,1,1,2026-08-06,4
4221,1174,1,1,2026-08-06,3
4222,5744,1,1,2026-08-06,4
4223,34744,1,1,2026-08-06,3
4224,41718,1,1,2026-08-06,3
4225,3692,1,1,2026-08-06,4
4226,11820,1,1,2026-08-06,3
4227,2525,1,1,2026-08-06,3
4228,10201,1,1,2026-08-06,3
4229,39214,1,1,2026-08-06,4
4230,48098,1,1,2026-08-06,1
4231,1400,1,1,2026-08-06,3
4232,20837,1,1,2026-08-06,3
4233,4628,1,1,2026-08-06,1
4234,19545,1,1,2026-08-06,3
4235,36606,1,1,2026-08-06,5
4236,39424,1,1,2026-08-06,3
4237,31688,1,1,2026-08-06,4
4238,21632,1,1,2026-08-06,3
4239,44702,1,1,2026-08-06,3
4240,40537,1,1,2026-08-06,3
4241,43596,1,1,2026-08-06,5
4242,11251,1,1,2026-08-06,4
4243,16999,1,1,2026-08-06,3
4244,13484,1,1,2026-08-06,3
4245,12742,1,1,2026-08-06,3
4246,42738,1,1,2026-08-06,3
4247,4801,1,1,2026-08-06,3
4248,25509,1,1,2026-08-06,3
4249,6032,1,1,2026-08-06,3
4250,36971,1,1,2026-08-06,3
4251,25226,1,1,2026-08-06,3
4252,36590,1,1,2026-08-06,1
4253,14273,1,1,2026-08-06,3
4254,15061,1,1,2026-08-06,3
4255,4597,1,1,2026-08-06,3
4256,16151,1,1,2026-08-06,3
4257,34940,1,1,2026-08-06,3
4258,45478,1,1,2026-08-06,3
4259,23361,1,1,2026-08-06,3
4260,4092,1,1,2026-08-06,3
4261,6754,1,1,2026-08-06,1
4262,47736,1,1,2026-08-06,3
4263,14641,1,1,2026-08-06,3
4264,37820,1,1,2026-08-06,3
4265,878,1,1,2026-08-06,3
4266,31270,1,1,2026-08-06,3
4267,18169,1,1,2026-08-06,3
4268,38334,1,1,2026-08-06,3
4269,49024,1,1,2026-08-06,3
4270,42461,1,1,2026-08-06,3
4271,8039,1,1,2026-08-06,3
4272,33708,1,1,2026-08-06,3
4273,4964,1,1,2026-08-06,3
4274,16611,1,1,2026-08-06,3
4275,48908,1,1,2026-08-06,3
4276,15738,1,1,2026-08-06,3
4277,9747,1,1,2026-08-06,3
4278,12711,1,1,2026-08-06,3
4279,1498,1,1,2026-08-06,3
4280,1385,1,1,2026-08-06,3
4281,12222,1,1,2026-08-06,3
4282,46965,1,1,2026-08-06,1
4283,6111,1,1,2026-08-06,1
4284,9472,1,1,2026-08-06,1
4285,46914,1,1,2026-08-06,4
4286,6171,1,1,2026-08-06,1
4287,7066,1,1,2026-08-06,3
4288,36569,1,1,2026-08-06,3
4289,21913,1,1,2026-08-06,3
4290,45844,1,1,2026-08-06,3
4291,25336,1,1,2026-08-06,3
4292,42986,1,1,2026-08-06,3
4293,15229,1,1,2026-08-06,3
4294,11491,1,1,2026-08-06,3
4295,8797,1,1,2026-08-06,4
4296,35115,1,1,2026-08-06,3
4297,41486,1,1,2026-08-06,3
4298,38799,1,1,2026-08-06,3
4299,44243,1,1,2026-08-06,4
4300,1680,1,1,2026-08-06,3
4301,13141,1,1,2026-08-06,3
4302,15736,1,1,2026-08-06,3
4303,9220,1,1,2026-08-06,1
4304,4759,3,1,2026-08-06,3
4305,45633,3,1,2026-08-06,3
4306,33582,3,1,2026-08-06,2
4307,3902,3,1,2026-08-06,3
4308,49514,3,1,2026-08-06,1
4309,37498,3,1,2026-08-06,2
4310,11939,3,1,2026-08-06,3
4311,5091,3,1,2026-08-06,3
4312,41058,3,1,2026-08-06,3
4313,13041,3,1,2026-08-06,1
4314,18773,3,1,2026-08-06,2
4315,44280,3,1,2026-08-06,3
4316,14934,3,1,2026-08-06,2
4317,12954,3,1,2026-08-06,4
4318,41712,3,1,2026-08-06,4
4319,21722,3,1,2026-08-06,2
4320,1448,3,1,2026-08-06,3
4321,20321,3,1,2026-08-06,3
4322,14145,3,1,2026-08-06,2
4323,20305,3,1,2026-08-06,3
4324,17151,3,1,2026-08-06,3
4325,48065,3,1,2026-08-06,3
4326,33198,3,1,2026-08-06,2
4327,41044,3,1,2026-08-06,4
4328,43552,3,1,2026-08-06,4
4329,34054,3,1,2026-08-06,2
4330,40299,3,1,2026-08-06,3
4331,49151,3,1,2026-08-06,3
4332,37622,3,1,2026-08-06,3
4333,46009,3,1,2026-08-06,3
4334,8378,3,1,2026-08-06,3
4335,38364,3,1,2026-08-06,4
4336,13207,3,1,2026-08-06,2
4337,1846,3,1,2026-08-06,4
4338,35231,3,1,2026-08-06,3
4339,31895,3,1,2026-08-06,5
4340,2862,3,1,2026-08-06,6
4341,17029,3,1,2026-08-06,3
4342,23194,3,1,2026-08-06,3
4343,21304,3,1,2026-08-06,2
4344,26871,3,1,2026-08-06,3
4345,15839,3,1,2026-08-06,3
4346,19483,3,1,2026-08-06,3
4347,38683,3,1,2026-08-06,3
4348,23083,3,1,2026-08-06,4
4349,17723,3,1,2026-08-06,3
4350,2052,3,1,2026-08-06,2
4351,3256,3,1,2026-08-06,3
4352,34616,3,1,2026-08-06,3
4353,40972,3,1,2026-08-06,1
4354,1399,3,1,2026-08-06,2
4355,34214,3,1,2026-08-06,3
4356,10081,3,1,2026-08-06,4
4357,11728,3,1,2026-08-06,4
4358,7127,3,1,2026-08-06,3
4359,40828,3,1,2026-08-06,2
4360,32468,3,1,2026-08-06,1
4361,15110,3,1,2026-08-06,2
4362,23408,3,1,2026-08-06,1
4363,16934,3,1,2026-08-06,2
4364,38204,3,1,2026-08-06,2
4365,47472,3,1,2026-08-06,3
4366,589,3,1,2026-08-06,4
4367,2782,3,1,2026-08-06,2
4368,14154,3,1,2026-08-06,1
4369,13037,3,1,2026-08-06,2
4370,9772,3,1,2026-08-06,3
4371,11504,3,1,2026-08-06,3
4372,33178,3,1,2026-08-06,1
4373,19229,3,1,2026-08-06,2
4374,10121,3,1,2026-08-06,1
4375,41076,3,1,2026-08-06,2
4376,38273,3,1,2026-08-06,4
4377,16722,3,1,2026-08-06,2
4378,23551,3,1,2026-08-06,2
4379,25977,3,1,2026-08-06,3
4380,22606,3,1,2026-08-06,3
4381,13381,3,1,2026-08-06,2
4382,429,3,1,2026-08-06,3
4383,30730,3,1,2026-08-06,3
4384,4568,3,1,2026-08-06,3
4385,36012,3,1,2026-08-06,2
4386,46708,3,1,2026-08-06,3
4387,46462,3,1,2026-08-06,3
4388,13001,3,1,2026-08-06,1
4389,626,3,1,2026-08-06,3
4390,8212,3,1,2026-08-06,1
4391,26934,3,1,2026-08-06,3
4392,2327,3,1,2026-08-06,1
4393,39884,3,1,2026-08-06,3
4394,41487,3,1,2026-08-06,3
4395,44738,3,1,2026-08-06,2
4396,28724,3,1,2026-08-06,3
4397,1239,3,1,2026-08-06,3
4398,11913,3,1,2026-08-06,1
4399,10128,3,1,2026-08-06,3
4400,74,3,1,2026-08-06,3
4401,31547,3,1,2026-08-06,3
4402,49956,3,1,2026-08-06,2
4403,49240,3,1,2026-08-06,1
4404,29017,3,1,2026-08-06,3
4405,14590,3,1,2026-08-06,3
4406,42179,3,1,2026-08-06,4
4407,11921,3,1,2026-08-06,3
4408,6209,3,1,2026-08-06,4
4409,45233,3,1,2026-08-06,3
4410,43344,3,1,2026-08-06,3
4411,10495,3,1,2026-08-06,2
4412,46662,3,1,2026-08-06,3
4413,30404,3,1,2026-08-06,2
4414,1216,3,1,2026-08-06,1
4415,43342,3,1,2026-08-06,3
4416,9451,3,1,2026-08-06,2
4417,1922,3,1,2026-08-06,2
4418,1257,3,1,2026-08-06,2
4419,2105,3,1,2026-08-06,3
4420,14052,3,1,2026-08-06,2
4421,32725,3,1,2026-08-06,3
4422,23822,3,1,2026-08-06,3
4423,8383,3,1,2026-08-06,3
4424,28600,3,1,2026-08-06,3
4425,42804,3,1,2026-08-06,2
4426,33727,3,1,2026-08-06,3
4427,45711,3,1,2026-08-06,1
4428,46721,3,1,2026-08-06,3
4429,8110,3,1,2026-08-06,1
4430,26249,3,1,2026-08-06,1
4431,10287,3,1,2026-08-06,3
4432,19659,3,1,2026-08-06,3
4433,11800,3,1,2026-08-06,2
4434,32311,3,1,2026-08-06,3
4435,21788,3,1,2026-08-06,3
4436,43983,3,1,2026-08-06,3
4437,32890,3,1,2026-08-06,3
4438,1017,3,1,2026-08-06,3
4439,31549,3,1,2026-08-06,1
4440,12366,3,1,2026-08-06,2
4441,7580,3,1,2026-08-06,4
4442,5670,3,1,2026-08-06,3
4443,23345,3,1,2026-08-06,3
4444,33621,3,1,2026-08-06,3
4445,47667,3,1,2026-08-06,3
4446,7915,3,1,2026-08-06,3
4447,29513,3,1,2026-08-06,3
4448,40406,3,1,2026-08-06,2
4449,10803,3,1,2026-08-06,2
4450,36592,3,1,2026-08-06,3
4451,26365,3,1,2026-08-06,3
4452,30130,3,1,2026-08-06,3
4453,38648,3,1,2026-08-06,3
4454,49279,3,1,2026-08-06,3
4455,21567,3,1,2026-08-06,2
4456,7274,3,1,2026-08-06,2
4457,10399,3,1,2026-08-06,3
4458,24919,3,1,2026-08-06,1
4459,10520,3,1,2026-08-06,2
4460,15846,3,1,2026-08-06,2
4461,16657,3,1,2026-08-06,2
4462,3588,3,1,2026-08-06,3
4463,6274,3,1,2026-08-06,3
4464,2411,3,1,2026-08-06,2
4465,48683,3,1,2026-08-06,3
4466,16715,3,1,2026-08-06,1
4467,26791,3,1,2026-08-06,1
4468,6869,3,1,2026-08-06,3
4469,33628,3,1,2026-08-06,2
4470,14891,3,1,2026-08-06,3
4471,14208,3,1,2026-08-06,1
4472,25120,3,1,2026-08-06,4
4473,9972,3,1,2026-08-06,3
4474,32510,3,1,2026-08-06,2
4475,2459,3,1,2026-08-06,2
4476,1306,3,1,2026-08-06,3
4477,10346,3,1,2026-08-06,2
4478,24152,3,1,2026-08-06,2
4479,31087,3,1,2026-08-06,3
4480,36195,3,1,2026-08-06,2
4481,25562,3,1,2026-08-06,3
4482,7115,3,1,2026-08-06,3
4483,5654,3,1,2026-08-06,3
4484,47406,3,1,2026-08-06,3
4485,24697,3,1,2026-08-06,5
4486,27467,3,1,2026-08-06,3
4487,8261,3,1,2026-08-06,3
4488,17273,3,1,2026-08-06,3
4489,1772,3,1,2026-08-06,2
4490,4152,3,1,2026-08-06,2
4491,44856,3,1,2026-08-06,3
4492,7244,3,1,2026-08-06,3
4493,40997,3,1,2026-08-06,3
4494,17147,3,1,2026-08-06,3
4495,43591,3,1,2026-08-06,3
4496,31717,3,1,2026-08-06,3
4497,12208,3,1,2026-08-06,3
4498,19502,3,1,2026-08-06,2
4499,17144,3,1,2026-08-06,2
4500,23707,3,1,2026-08-06,2
4501,44805,3,1,2026-08-06,3
4502,3778,3,1,2026-08-06,3
4503,9713,3,1,2026-08-06,3
4504,14619,3,1,2026-08-06,3
4505,10339,3,1,2026-08-06,3
4506,38612,3,1,2026-08-06,1
4507,10992,3,1,2026-08-06,2
4508,7216,3,1,2026-08-06,2
4509,44479,3,1,2026-08-06,1
4510,31483,3,1,2026-08-06,3
4511,34206,3,1,2026-08-06,3
4512,15020,3,1,2026-08-06,3
4513,14040,3,1,2026-08-06,1
4514,43122,3,1,2026-08-06,1
4515,3584,3,1,2026-08-06,4
4516,30118,3,1,2026-08-06,2
4517,45845,3,1,2026-08-06,6
4518,33820,3,1,2026-08-06,3
4519,37016,3,1,2026-08-06,2
4520,22449,3,1,2026-08-06,3
4521,22310,3,1,2026-08-06,3
4522,23373,3,1,2026-08-06,1
4523,11621,3,1,2026-08-06,3
4524,44430,3,1,2026-08-06,3
4525,14029,3,1,2026-08-06,2
4526,44713,3,1,2026-08-06,3
4527,33985,3,1,2026-08-06,1
4528,46859,3,1,2026-08-06,3
4529,46654,3,1,2026-08-06,3
4530,14973,3,1,2026-08-06,3
4531,25370,3,1,2026-08-06,3
4532,38809,3,1,2026-08-06,3
4533,20663,3,1,2026-08-06,3
4534,34821,3,1,2026-08-06,3
4535,33960,3,1,2026-08-06,3
4536,23535,3,1,2026-08-06,3
4537,20659,3,1,2026-08-06,3
4538,29823,3,1,2026-08-06,2
4539,36226,3,1,2026-08-06,4
4540,38213,3,1,2026-08-06,1
4541,28074,3,1,2026-08-06,3
4542,16426,3,1,2026-08-06,3
4543,39088,3,1,2026-08-06,1
4544,26915,3,1,2026-08-06,1
4545,30646,3,1,2026-08-06,3
4546,24743,3,1,2026-08-06,3
4547,18217,3,1,2026-08-06,3
4548,31166,3,1,2026-08-06,3
4549,8957,3,1,2026-08-06,1
4550,6136,3,1,2026-08-06,1
4551,38089,3,1,2026-08-06,2
4552,1818,3,1,2026-08-06,3
4553,9160,3,1,2026-08-06,2
4554,11614,3,1,2026-08-06,1
4555,478,3,1,2026-08-06,3
4556,40791,3,1,2026-08-06,2
4557,1089,3,1,2026-08-06,3
4558,17739,3,1,2026-08-06,3
4559,34209,3,1,2026-08-06,2
4560,42442,3,1,2026-08-06,3
4561,16824,3,1,2026-08-06,3
4562,39144,3,1,2026-08-06,3
4563,13277,3,1,2026-08-06,3
4564,30937,3,1,2026-08-06,3
4565,13635,3,1,2026-08-06,3
4566,44249,3,1,2026-08-06,3
4567,26872,3,1,2026-08-06,3
4568,40050,3,1,2026-08-06,2
4569,31063,3,1,2026-08-06,3
4570,42262,3,1,2026-08-06,3
4571,35033,3,1,2026-08-06,2
4572,23789,3,1,2026-08-06,1
4573,27337,3,1,2026-08-06,3
4574,2902,3,1,2026-08-06,2
4575,37560,3,1,2026-08-06,3
4576,26149,3,1,2026-08-06,4
4577,37460,3,1,2026-08-06,2
4578,42998,3,1,2026-08-06,1
4579,8122,3,1,2026-08-06,3
4580,42018,3,1,2026-08-06,3
4581,48107,3,1,2026-08-06,2
4582,3831,3,1,2026-08-06,3
4583,40069,3,1,2026-08-06,3
4584,27141,3,1,2026-08-06,3
4585,35323,3,1,2026-08-06,3
4586,35032,3,1,2026-08-06,2
4587,46426,3,1,2026-08-06,3
4588,49466,3,1,2026-08-06,3
4589,49616,3,1,2026-08-06,2
4590,22085,3,1,2026-08-06,3
4591,13800,3,1,2026-08-06,3
4592,8466,3,1,2026-08-06,3
4593,3830,3,1,2026-08-06,2
4594,27305,3,1,2026-08-06,3
4595,41546,3,1,2026-08-06,3
4596,22413,3,1,2026-08-06,3
4597,5902,3,1,2026-08-06,1
4598,6256,3,1,2026-08-06,1
4599,5815,3,1,2026-08-06,2
4600,14264,3,1,2026-08-06,1
4601,3297,3,1,2026-08-06,3
4602,32083,3,1,2026-08-06,4
4603,45303,3,1,2026-08-06,1
4604,46931,3,1,2026-08-06,3
4605,7933,3,1,2026-08-06,3
4606,49237,3,1,2026-08-06,1
4607,21659,3,1,2026-08-06,3
4608,37236,3,1,2026-08-06,2
4609,4120,3,1,2026-08-06,3
4610,22319,3,1,2026-08-06,3
4611,19963,3,1,2026-08-06,3
4612,33298,3,1,2026-08-06,1
4613,41697,3,1,2026-08-06,2
4614,32235,3,1,2026-08-06,4
4615,36247,3,1,2026-08-06,1
4616,28927,3,1,2026-08-06,2
4617,25565,3,2,2026-08-06,2
4618,37919,3,2,2026-08-06,3
4619,9462,3,2,2026-08-06,2
4620,22272,3,2,2026-08-06,5
4621,43359,3,2,2026-08-06,2
4622,14856,3,2,2026-08-06,3
4623,29694,3,2,2026-08-06,3
4624,7937,3,2,2026-08-06,3
4625,40414,3,2,2026-08-06,3
4626,756,3,2,2026-08-06,1
4627,3040,3,2,2026-08-06,3
4628,23584,3,2,2026-08-06,3
4629,12004,3,2,2026-08-06,3
4630,26879,3,2,2026-08-06,3
4631,48265,3,2,2026-08-06,3
4632,29407,3,2,2026-08-06,3
4633,8841,3,2,2026-08-06,1
4634,35542,3,2,2026-08-06,3
4635,18093,3,2,2026-08-06,3
4636,28041,3,2,2026-08-06,2
4637,36250,3,2,2026-08-06,5
4638,28596,3,2,2026-08-06,2
4639,47739,3,2,2026-08-06,2
4640,14385,3,2,2026-08-06,2
4641,14248,3,2,2026-08-06,3
4642,5410,3,2,2026-08-06,3
4643,47353,3,2,2026-08-06,3
4644,26364,3,2,2026-08-06,3
4645,37478,3,2,2026-08-06,3
4646,12459,3,2,2026-08-06,3
4647,42747,3,2,2026-08-06,1
4648,19965,3,2,2026-08-06,2
4649,4044,3,2,2026-08-06,2
4650,19179,3,2,2026-08-06,3
4651,11421,3,2,2026-08-06,4
4652,49200,3,2,2026-08-06,1
4653,22755,3,2,2026-08-06,3
4654,47449,3,2,2026-08-06,4
4655,46138,3,2,2026-08-06,2
4656,15631,3,2,2026-08-06,2
4657,37640,3,2,2026-08-06,3
4658,4307,3,2,2026-08-06,3
4659,35618,3,2,2026-08-06,3
4660,17015,3,2,2026-08-06,2
4661,16099,3,2,2026-08-06,2
4662,390,3,2,2026-08-06,3
4663,41129,3,2,2026-08-06,3
4664,17107,3,2,2026-08-06,3
4665,4781,3,2,2026-08-06,5
4666,10147,3,2,2026-08-06,3
4667,29212,3,2,2026-08-06,3
4668,34918,3,2,2026-08-06,3
4669,12992,3,2,2026-08-06,5
4670,9216,3,2,2026-08-06,3
4671,17326,3,2,2026-08-06,1
4672,36077,3,2,2026-08-06,1
4673,32003,3,2,2026-08-06,5
4674,23838,3,2,2026-08-06,1
4675,22157,3,2,2026-08-06,3
4676,37221,3,2,2026-08-06,3
4677,26953,3,2,2026-08-06,2
4678,49698,3,2,2026-08-06,3
4679,6947,3,2,2026-08-06,3
4680,49851,2,1,2026-08-06,3
4681,45804,2,1,2026-08-06,3
4682,27376,2,1,2026-08-06,4
4683,38757,2,1,2026-08-06,3
4684,18095,2,1,2026-08-06,3
4685,29964,2,1,2026-08-06,4
4686,6157,2,1,2026-08-06,4
4687,618,2,1,2026-08-06,4
4688,18828,2,1,2026-08-06,4
4689,37467,2,1,2026-08-06,3
4690,10556,2,1,2026-08-06,4
4691,42139,2,1,2026-08-06,3
4692,44544,2,1,2026-08-06,1
4693,35659,2,1,2026-08-06,1
4694,38206,2,1,2026-08-06,3
4695,7622,2,1,2026-08-06,4
4696,16029,2,1,2026-08-06,4
4697,10614,2,1,2026-08-06,4
4698,8459,2,1,2026-08-06,4
4699,28703,2,1,2026-08-06,3
4700,13023,2,1,2026-08-06,4
4701,27567,2,1,2026-08-06,3
4702,45414,2,1,2026-08-06,4
4703,41458,2,1,2026-08-06,4
4704,2766,2,1,2026-08-06,3
4705,1886,2,1,2026-08-06,3
4706,46317,2,1,2026-08-06,4
4707,46692,2,1,2026-08-06,3
4708,40344,2,1,2026-08-06,4
4709,5556,2,1,2026-08-06,3
4710,27868,2,1,2026-08-06,3
4711,38249,2,1,2026-08-06,2
4712,5945,2,1,2026-08-06,3
4713,35246,2,1,2026-08-06,2
4714,18957,2,1,2026-08-06,3
4715,48712,2,1,2026-08-06,3
4716,20139,2,1,2026-08-06,4
4717,23570,2,1,2026-08-06,3
4718,47327,2,1,2026-08-06,4
4719,25282,2,1,2026-08-06,4
4720,22250,2,1,2026-08-06,1
4721,7267,2,1,2026-08-06,4
4722,158,2,1,2026-08-06,3
4723,37370,2,1,2026-08-06,4
4724,4284,2,1,2026-08-06,3
4725,14933,2,1,2026-08-06,2
4726,14827,2,1,2026-08-06,4
4727,21079,2,1,2026-08-06,3
4728,13844,2,1,2026-08-06,4
4729,35660,2,1,2026-08-06,3
4730,21008,2,1,2026-08-06,4
4731,38861,2,1,2026-08-06,3
4732,43023,2,1,2026-08-06,4
4733,265,2,1,2026-08-06,4
4734,33236,2,1,2026-08-06,1
4735,6216,2,1,2026-08-06,4
4736,39387,2,1,2026-08-06,2
4737,15467,2,1,2026-08-06,4
4738,4703,2,1,2026-08-06,1
4739,19630,2,1,2026-08-06,4
4740,3721,2,1,2026-08-06,4
4741,35419,2,1,2026-08-06,4
4742,5288,2,1,2026-08-06,3
4743,35350,2,1,2026-08-06,3
4744,17286,2,1,2026-08-06,4
4745,27222,2,1,2026-08-06,4
4746,42173,2,1,2026-08-06,4
4747,6541,2,1,2026-08-06,3
4748,33535,2,1,2026-08-06,4
4749,19061,2,1,2026-08-06,4
4750,3511,2,1,2026-08-06,1
4751,15134,2,1,2026-08-06,4
4752,44471,2,1,2026-08-06,3
4753,21100,2,1,2026-08-06,3
4754,47160,2,1,2026-08-06,3
4755,34149,2,1,2026-08-06,1
4756,26036,2,1,2026-08-06,3
4757,17062,2,1,2026-08-06,2
4758,49336,2,1,2026-08-06,1
4759,21476,2,1,2026-08-06,1
4760,8448,2,1,2026-08-06,3
4761,14340,2,1,2026-08-06,3
4762,33415,2,1,2026-08-06,1
4763,36362,2,1,2026-08-06,3
4764,39710,2,1,2026-08-06,4
4765,32963,2,1,2026-08-06,1
4766,44627,2,1,2026-08-06,3
4767,32974,2,1,2026-08-06,3
4768,45380,2,1,2026-08-06,1
4769,20437,2,1,2026-08-06,3
4770,8713,2,1,2026-08-06,4
4771,18440,2,1,2026-08-06,3
4772,11344,2,1,2026-08-06,3
4773,27255,2,1,2026-08-06,4
4774,11030,2,1,2026-08-06,3
4775,18810,2,1,2026-08-06,3
4776,37576,2,1,2026-08-06,3
4777,19892,2,1,2026-08-06,4
4778,29817,2,1,2026-08-06,1
4779,14150,2,1,2026-08-06,3
4780,12646,2,1,2026-08-06,3
4781,3173,2,1,2026-08-06,3
4782,12972,2,1,2026-08-06,1
4783,10288,2,1,2026-08-06,3
4784,14000,2,1,2026-08-06,2
4785,20729,2,1,2026-08-06,4
4786,24194,2,1,2026-08-06,3
4787,20895,2,1,2026-08-06,1
4788,37760,2,1,2026-08-06,3
4789,22471,2,1,2026-08-06,3
4790,36497,2,1,2026-08-06,4
4791,32077,2,1,2026-08-06,3
4792,31214,2,1,2026-08-06,3
4793,45569,2,1,2026-08-06,4
4794,25643,2,1,2026-08-06,3
4795,10022,2,1,2026-08-06,1
4796,19842,2,1,2026-08-06,3
4797,29798,2,1,2026-08-06,1
4798,11859,2,1,2026-08-06,3
4799,9651,2,1,2026-08-06,4
4800,6821,2,1,2026-08-06,3
4801,35121,2,1,2026-08-06,1
4802,23139,2,1,2026-08-06,3
4803,24640,2,1,2026-08-06,3
4804,44885,2,1,2026-08-06,2
4805,28521,2,2,2026-08-06,4
4806,45461,2,2,2026-08-06,2
4807,24887,2,2,2026-08-06,3
4808,9161,2,2,2026-08-06,3
4809,38339,2,2,2026-08-06,3
4810,34896,2,2,2026-08-06,3
4811,11966,2,2,2026-08-06,3
4812,42659,2,2,2026-08-06,4
4813,22878,2,2,2026-08-06,4
4814,2841,2,2,2026-08-06,3
4815,9807,2,2,2026-08-06,4
4816,29657,2,2,2026-08-06,4
4817,22513,2,2,2026-08-06,4
4818,9844,2,2,2026-08-06,4
4819,29687,2,2,2026-08-06,4
4820,6932,2,2,2026-08-06,3
4821,15121,2,2,2026-08-06,1
4822,37469,2,2,2026-08-06,4
4823,29267,2,2,2026-08-06,3
4824,16564,2,2,2026-08-06,4
4825,47283,2,2,2026-08-06,3
4826,8790,2,2,2026-08-06,3
4827,4968,2,2,2026-08-06,3
4828,8255,2,2,2026-08-06,1
4829,36970,2,2,2026-08-06,4
4830,17606,2,2,2026-08-06,4
4831,11141,2,2,2026-08-06,3
4832,28961,2,2,2026-08-06,3
4833,14989,2,2,2026-08-06,3
4834,25923,2,2,2026-08-06,4
4835,41873,2,2,2026-08-06,3
4836,13720,2,2,2026-08-06,3
4837,14162,2,2,2026-08-06,3
4838,36650,2,2,2026-08-06,1
4839,37335,2,2,2026-08-06,4
4840,20248,2,2,2026-08-06,4
4841,43,2,2,2026-08-06,3
4842,47242,2,2,2026-08-06,3
4843,32976,2,2,2026-08-06,3
4844,25440,2,2,2026-08-06,4
4845,24031,2,2,2026-08-06,3
4846,16118,2,2,2026-08-06,3
4847,3098,2,2,2026-08-06,4
4848,8004,2,2,2026-08-06,3
4849,36670,2,2,2026-08-06,4
4850,14678,2,2,2026-08-06,3
4851,30520,2,2,2026-08-06,3
4852,45057,2,2,2026-08-06,3
4853,23328,2,2,2026-08-06,3
4854,10638,2,2,2026-08-06,3
4855,14834,2,4,2026-08-06,3
4856,20358,2,4,2026-08-06,4
4857,17199,2,4,2026-08-06,3
4858,14484,2,4,2026-08-06,4
4859,46642,2,4,2026-08-06,2
4860,42843,2,4,2026-08-06,2
4861,39984,2,4,2026-08-06,4
4862,10427,2,4,2026-08-06,3
4863,46673,2,4,2026-08-06,3
4864,46990,2,4,2026-08-06,4
4865,44269,2,4,2026-08-06,3
4866,27728,2,4,2026-08-06,2
4867,27156,2,4,2026-08-06,3
4868,31565,2,4,2026-08-06,3
4869,29290,2,4,2026-08-06,3
4870,35780,2,4,2026-08-06,3
4871,13137,2,4,2026-08-06,4
4872,42619,2,4,2026-08-06,4
4873,35773,2,4,2026-08-06,4
4874,13057,2,4,2026-08-06,3
4875,48088,2,4,2026-08-06,3
4876,31835,2,4,2026-08-06,3
4877,23661,2,4,2026-08-06,4
4878,34910,2,4,2026-08-06,1
4879,41989,2,4,2026-08-06,1
4880,32805,2,4,2026-08-06,3
4881,22531,2,4,2026-08-06,4
4882,42698,2,4,2026-08-06,4
4883,22954,2,4,2026-08-06,3
4884,8055,2,4,2026-08-06,4
4885,48515,2,4,2026-08-06,4
4886,19593,2,4,2026-08-06,3
4887,39928,2,4,2026-08-06,4
4888,23317,2,4,2026-08-06,3
4889,15994,2,4,2026-08-06,3
4890,9506,2,4,2026-08-06,3
4891,9582,2,4,2026-08-06,3
4892,40415,2,4,2026-08-06,3
4893,26740,2,4,2026-08-06,3
4894,45227,2,4,2026-08-06,3
4895,4791,2,4,2026-08-06,4
4896,22772,2,4,2026-08-06,3
4897,25912,2,4,2026-08-06,4
4898,28016,2,4,2026-08-06,3
4899,11822,2,4,2026-08-06,4
4900,10930,2,4,2026-08-06,2
4901,32250,2,4,2026-08-06,3
4902,14757,2,4,2026-08-06,3
4903,37047,2,4,2026-08-06,3
4904,38954,2,4,2026-08-06,1
4905,35601,2,4,2026-08-06,1
4906,27596,2,4,2026-08-06,3
4907,32182,2,4,2026-08-06,3
4908,10657,2,4,2026-08-06,4
4909,12472,2,4,2026-08-06,4
4910,31794,2,4,2026-08-06,1
4911,17685,2,4,2026-08-06,3
4912,43613,2,4,2026-08-06,3
4913,7311,2,4,2026-08-06,3
4914,9617,2,4,2026-08-06,3
4915,30996,2,4,2026-08-06,3
4916,5431,2,4,2026-08-06,4
4917,2533,2,4,2026-08-06,4
4918,17952,2,4,2026-08-06,3
4919,44586,2,4,2026-08-06,2
4920,48693,2,4,2026-08-06,3
4921,19275,2,4,2026-08-06,4
4922,15019,2,4,2026-08-06,4
4923,8986,2,4,2026-08-06,2
4924,25656,2,4,2026-08-06,4
4925,36167,2,4,2026-08-06,6
4926,16692,2,4,2026-08-06,3
4927,26247,2,4,2026-08-06,2
4928,45261,2,4,2026-08-06,3
4929,4553,2,4,2026-08-06,3
4930,19541,1,1,2026-08-07,3
4931,12167,1,1,2026-08-07,3
4932,11053,1,1,2026-08-07,3
4933,36392,1,1,2026-08-07,3
4934,6040,1,1,2026-08-07,3
4935,10248,1,1,2026-08-07,3
4936,122,1,1,2026-08-07,3
4937,36604,1,1,2026-08-07,1
4938,39104,1,1,2026-08-07,3
4939,27405,1,1,2026-08-07,3
4940,37511,1,1,2026-08-07,3
4941,17694,1,1,2026-08-07,3
4942,19393,1,1,2026-08-07,3
4943,24792,1,1,2026-08-07,3
4944,23077,1,1,2026-08-07,3
4945,41468,1,1,2026-08-07,3
4946,8119,1,1,2026-08-07,3
4947,39732,1,1,2026-08-07,3
4948,44087,1,1,2026-08-07,3
4949,19136,1,1,2026-08-07,3
4950,26674,1,1,2026-08-07,3
4951,26523,1,1,2026-08-07,3
4952,9379,1,1,2026-08-07,3
4953,12820,1,1,2026-08-07,3
4954,36165,1,1,2026-08-07,3
4955,23149,1,1,2026-08-07,3
4956,1821,1,1,2026-08-07,3
4957,12202,1,1,2026-08-07,4
4958,3077,1,1,2026-08-07,3
4959,21073,1,1,2026-08-07,3
4960,45199,1,1,2026-08-07,1
4961,30662,1,1,2026-08-07,3
4962,41197,1,1,2026-08-07,3
4963,24102,1,1,2026-08-07,3
4964,7170,1,1,2026-08-07,3
4965,35400,1,1,2026-08-07,4
4966,20204,1,1,2026-08-07,3
4967,28330,1,1,2026-08-07,3
4968,49683,1,1,2026-08-07,3
4969,26663,1,1,2026-08-07,3
4970,39008,1,1,2026-08-07,1
4971,18147,1,1,2026-08-07,3
4972,20434,1,1,2026-08-07,3
4973,28031,1,1,2026-08-07,3
4974,45450,1,1,2026-08-07,3
4975,13120,1,1,2026-08-07,3
4976,11870,1,1,2026-08-07,3
4977,17205,1,1,2026-08-07,3
4978,38586,1,1,2026-08-07,3
4979,48118,1,1,2026-08-07,3
4980,22854,1,1,2026-08-07,3
4981,43406,1,1,2026-08-07,1
4982,11129,1,1,2026-08-07,3
4983,12762,1,1,2026-08-07,3
4984,28018,1,1,2026-08-07,3
4985,47290,1,1,2026-08-07,3
4986,8539,1,1,2026-08-07,4
4987,6215,1,1,2026-08-07,3
4988,28707,1,1,2026-08-07,3
4989,25570,1,1,2026-08-07,3
4990,23000,1,1,2026-08-07,4
4991,31367,1,1,2026-08-07,3
4992,8308,1,1,2026-08-07,3
4993,39035,1,1,2026-08-07,3
4994,45299,1,1,2026-08-07,3
4995,17304,1,1,2026-08-07,3
4996,9870,1,1,2026-08-07,3
4997,16714,1,1,2026-08-07,3
4998,17323,1,1,2026-08-07,3
4999,19823,1,1,2026-08-07,3
5000,47429,1,1,2026-08-07,3
5001,48878,1,1,2026-08-07,3
5002,6138,1,1,2026-08-07,3
5003,18174,1,1,2026-08-07,3
5004,46959,1,1,2026-08-07,3
5005,23893,1,1,2026-08-07,3
5006,7226,1,1,2026-08-07,3
5007,29544,1,1,2026-08-07,1
5008,29092,1,1,2026-08-07,3
5009,38372,1,1,2026-08-07,5
5010,47464,1,1,2026-08-07,3
5011,38247,1,1,2026-08-07,3
5012,25825,1,1,2026-08-07,3
5013,28145,1,1,2026-08-07,3
5014,13868,1,1,2026-08-07,3
5015,14759,1,1,2026-08-07,3
5016,38330,1,1,2026-08-07,3
5017,11234,1,1,2026-08-07,3
5018,12007,1,1,2026-08-07,4
5019,30723,1,1,2026-08-07,3
5020,10619,1,1,2026-08-07,3
5021,39299,1,1,2026-08-07,3
5022,40279,1,1,2026-08-07,3
5023,4231,1,1,2026-08-07,3
5024,37623,1,1,2026-08-07,3
5025,20325,1,1,2026-08-07,3
5026,47617,1,1,2026-08-07,3
5027,1664,1,1,2026-08-07,3
5028,2206,1,1,2026-08-07,3
5029,22831,1,1,2026-08-07,3
5030,36607,1,1,2026-08-07,1
5031,16505,1,1,2026-08-07,3
5032,37245,1,1,2026-08-07,3
5033,25158,1,1,2026-08-07,3
5034,30703,1,1,2026-08-07,6
5035,20249,1,1,2026-08-07,3
5036,32287,1,1,2026-08-07,3
5037,12481,1,1,2026-08-07,3
5038,31708,1,1,2026-08-07,3
5039,18081,1,1,2026-08-07,1
5040,7638,1,1,2026-08-07,3
5041,32016,1,1,2026-08-07,3
5042,46700,1,1,2026-08-07,3
5043,25409,1,1,2026-08-07,1
5044,5839,1,1,2026-08-07,1
5045,40788,1,1,2026-08-07,3
5046,5701,1,1,2026-08-07,3
5047,25951,1,1,2026-08-07,3
5048,12917,1,1,2026-08-07,3
5049,12603,1,1,2026-08-07,3
5050,31932,1,1,2026-08-07,3
5051,32255,1,1,2026-08-07,3
5052,17244,1,1,2026-08-07,3
5053,18654,1,1,2026-08-07,3
5054,41036,1,1,2026-08-07,3
5055,10358,1,1,2026-08-07,3
5056,16048,1,1,2026-08-07,3
5057,17744,1,1,2026-08-07,1
5058,16184,1,1,2026-08-07,3
5059,15435,1,1,2026-08-07,3
5060,9010,1,1,2026-08-07,3
5061,38753,1,1,2026-08-07,3
5062,4659,1,1,2026-08-07,5
5063,17178,1,1,2026-08-07,1
5064,1310,1,1,2026-08-07,4
5065,11785,1,1,2026-08-07,3
5066,2819,1,1,2026-08-07,4
5067,11868,1,1,2026-08-07,3
5068,34350,1,1,2026-08-07,3
5069,16543,1,1,2026-08-07,3
5070,24057,1,1,2026-08-07,3
5071,9222,1,1,2026-08-07,3
5072,26374,1,1,2026-08-07,3
5073,30122,1,1,2026-08-07,3
5074,48941,1,1,2026-08-07,3
5075,21339,1,1,2026-08-07,3
5076,7441,1,1,2026-08-07,3
5077,7034,1,1,2026-08-07,3
5078,36351,1,1,2026-08-07,3
5079,36917,1,1,2026-08-07,3
5080,8919,1,1,2026-08-07,3
5081,14060,1,1,2026-08-07,3
5082,5736,1,1,2026-08-07,3
5083,26664,1,1,2026-08-07,3
5084,9699,1,1,2026-08-07,4
5085,28500,1,1,2026-08-07,3
5086,39432,1,1,2026-08-07,3
5087,28576,1,1,2026-08-07,3
5088,37525,1,1,2026-08-07,4
5089,41255,1,1,2026-08-07,4
5090,27524,1,1,2026-08-07,3
5091,24595,1,1,2026-08-07,3
5092,48327,1,1,2026-08-07,1
5093,32953,1,1,2026-08-07,3
5094,46660,1,1,2026-08-07,3
5095,2128,1,1,2026-08-07,3
5096,12982,1,1,2026-08-07,3
5097,132,1,1,2026-08-07,3
5098,35181,1,1,2026-08-07,3
5099,23501,1,1,2026-08-07,3
5100,46525,1,1,2026-08-07,3
5101,34423,1,1,2026-08-07,3
5102,19992,1,1,2026-08-07,3
5103,41210,1,1,2026-08-07,3
5104,24817,1,1,2026-08-07,3
5105,43734,1,1,2026-08-07,3
5106,2820,1,1,2026-08-07,3
5107,15987,1,1,2026-08-07,3
5108,47751,1,1,2026-08-07,3
5109,11759,1,1,2026-08-07,3
5110,23266,1,1,2026-08-07,3
5111,18945,1,1,2026-08-07,3
5112,1560,1,1,2026-08-07,4
5113,33268,1,1,2026-08-07,3
5114,1646,1,1,2026-08-07,3
5115,43688,1,1,2026-08-07,3
5116,32101,1,1,2026-08-07,3
5117,43539,1,1,2026-08-07,3
5118,46181,1,1,2026-08-07,3
5119,33975,1,1,2026-08-07,3
5120,24933,1,1,2026-08-07,3
5121,29920,1,1,2026-08-07,3
5122,44131,1,1,2026-08-07,3
5123,24137,1,1,2026-08-07,3
5124,7293,1,1,2026-08-07,4
5125,8944,1,1,2026-08-07,3
5126,23279,1,1,2026-08-07,3
5127,21441,1,1,2026-08-07,3
5128,693,1,1,2026-08-07,3
5129,6942,1,1,2026-08-07,4
5130,47600,1,1,2026-08-07,3
5131,46336,1,1,2026-08-07,3
5132,44681,1,1,2026-08-07,3
5133,45110,1,1,2026-08-07,3
5134,49252,1,1,2026-08-07,3
5135,30624,1,1,2026-08-07,3
5136,4354,1,1,2026-08-07,1
5137,46680,1,1,2026-08-07,3
5138,36503,1,1,2026-08-07,3
5139,11695,1,1,2026-08-07,3
5140,33541,1,1,2026-08-07,3
5141,24393,1,1,2026-08-07,3
5142,18618,1,1,2026-08-07,3
5143,43854,1,1,2026-08-07,3
5144,34638,1,1,2026-08-07,3
5145,5297,1,1,2026-08-07,3
5146,29989,1,1,2026-08-07,3
5147,32731,1,1,2026-08-07,1
5148,10564,1,1,2026-08-07,3
5149,3126,1,1,2026-08-07,3
5150,40593,1,1,2026-08-07,3
5151,35013,1,1,2026-08-07,3
5152,21931,1,1,2026-08-07,3
5153,10126,1,1,2026-08-07,3
5154,39899,1,1,2026-08-07,1
5155,48308,1,1,2026-08-07,3
5156,8510,1,1,2026-08-07,3
5157,9098,1,1,2026-08-07,3
5158,14888,1,1,2026-08-07,3
5159,8460,1,1,2026-08-07,4
5160,38366,1,1,2026-08-07,3
5161,28695,1,1,2026-08-07,1
5162,33486,1,1,2026-08-07,1
5163,29879,1,1,2026-08-07,3
5164,17754,1,1,2026-08-07,3
5165,23880,1,1,2026-08-07,3
5166,32434,1,1,2026-08-07,3
5167,28741,1,1,2026-08-07,3
5168,9216,1,1,2026-08-07,3
5169,44934,1,1,2026-08-07,1
5170,9543,1,1,2026-08-07,3
5171,5912,1,1,2026-08-07,3
5172,39553,1,1,2026-08-07,3
5173,25166,1,1,2026-08-07,1
5174,2885,1,1,2026-08-07,3
5175,4264,1,1,2026-08-07,3
5176,230,1,1,2026-08-07,3
5177,17703,1,1,2026-08-07,1
5178,309,1,1,2026-08-07,5
5179,6178,1,1,2026-08-07,3
5180,30979,1,1,2026-08-07,3
5181,9829,1,1,2026-08-07,3
5182,5362,1,1,2026-08-07,4
5183,5927,1,1,2026-08-07,3
5184,8094,1,1,2026-08-07,4
5185,11984,1,1,2026-08-07,1
5186,6808,1,1,2026-08-07,3
5187,653,1,1,2026-08-07,3
5188,27033,1,1,2026-08-07,3
5189,33872,1,1,2026-08-07,3
5190,27094,1,1,2026-08-07,3
5191,32066,1,1,2026-08-07,4
5192,35128,1,1,2026-08-07,3
5193,41700,1,1,2026-08-07,3
5194,43507,1,1,2026-08-07,1
5195,12812,1,1,2026-08-07,3
5196,23899,1,1,2026-08-07,3
5197,11886,1,1,2026-08-07,1
5198,48860,1,1,2026-08-07,3
5199,28971,1,1,2026-08-07,3
5200,35443,1,1,2026-08-07,3
5201,8670,1,1,2026-08-07,3
5202,13212,1,1,2026-08-07,3
5203,41634,1,1,2026-08-07,3
5204,6902,1,1,2026-08-07,3
5205,43230,1,1,2026-08-07,3
5206,6897,1,1,2026-08-07,3
5207,28073,1,1,2026-08-07,3
5208,28547,1,1,2026-08-07,3
5209,20664,1,1,2026-08-07,3
5210,10829,1,1,2026-08-07,3
5211,48204,1,1,2026-08-07,3
5212,15494,1,1,2026-08-07,3
5213,42670,1,1,2026-08-07,3
5214,47161,1,1,2026-08-07,4
5215,40269,1,1,2026-08-07,3
5216,8831,1,1,2026-08-07,3
5217,32929,1,1,2026-08-07,3
5218,12020,1,1,2026-08-07,3
5219,39173,1,1,2026-08-07,3
5220,23655,1,1,2026-08-07,3
5221,22985,1,1,2026-08-07,3
5222,43826,1,1,2026-08-07,3
5223,7201,1,1,2026-08-07,3
5224,9278,1,1,2026-08-07,3
5225,43348,1,1,2026-08-07,3
5226,28681,1,1,2026-08-07,3
5227,22643,1,1,2026-08-07,3
5228,20364,1,1,2026-08-07,3
5229,4920,1,1,2026-08-07,3
5230,14857,1,1,2026-08-07,3
5231,1758,1,1,2026-08-07,3
5232,5157,1,1,2026-08-07,1
5233,16250,1,1,2026-08-07,3
5234,26956,1,1,2026-08-07,3
5235,15463,1,1,2026-08-07,3
5236,7113,1,1,2026-08-07,3
5237,9233,1,1,2026-08-07,3
5238,6908,1,1,2026-08-07,1
5239,28518,1,1,2026-08-07,3
5240,15390,1,1,2026-08-07,1
5241,26299,1,1,2026-08-07,3
5242,3043,1,1,2026-08-07,3
5243,44281,1,1,2026-08-07,3
5244,10983,1,1,2026-08-07,3
5245,34269,1,1,2026-08-07,3
5246,16206,1,1,2026-08-07,3
5247,24092,1,1,2026-08-07,1
5248,45620,1,1,2026-08-07,3
5249,10091,1,1,2026-08-07,3
5250,7177,1,1,2026-08-07,5
5251,49593,1,1,2026-08-07,3
5252,4450,1,1,2026-08-07,3
5253,27529,1,1,2026-08-07,3
5254,7738,1,1,2026-08-07,3
5255,18428,1,1,2026-08-07,3
5256,19377,1,1,2026-08-07,3
5257,5816,1,1,2026-08-07,4
5258,8658,1,1,2026-08-07,3
5259,33058,1,1,2026-08-07,3
5260,45640,1,1,2026-08-07,3
5261,40377,1,1,2026-08-07,3
5262,44532,1,1,2026-08-07,3
5263,43334,1,1,2026-08-07,3
5264,10408,1,1,2026-08-07,3
5265,24003,1,1,2026-08-07,4
5266,39902,1,1,2026-08-07,4
5267,29288,1,1,2026-08-07,3
5268,3315,1,1,2026-08-07,3
5269,1751,1,1,2026-08-07,3
5270,4079,1,1,2026-08-07,1
5271,2469,1,1,2026-08-07,3
5272,33033,1,1,2026-08-07,3
5273,41853,1,1,2026-08-07,3
5274,30623,1,1,2026-08-07,3
5275,5365,1,1,2026-08-07,3
5276,3729,1,1,2026-08-07,3
5277,28150,1,1,2026-08-07,3
5278,15927,1,1,2026-08-07,3
5279,11929,1,1,2026-08-07,3
5280,38048,1,1,2026-08-07,3
5281,21301,1,1,2026-08-07,3
5282,17767,1,1,2026-08-07,3
5283,28732,1,1,2026-08-07,3
5284,7963,1,1,2026-08-07,3
5285,1163,1,1,2026-08-07,3
5286,2267,1,1,2026-08-07,3
5287,11893,1,1,2026-08-07,3
5288,13607,1,1,2026-08-07,3
5289,46315,1,1,2026-08-07,3
5290,12755,1,1,2026-08-07,4
5291,204,1,1,2026-08-07,3
5292,13956,1,1,2026-08-07,3
5293,16039,1,1,2026-08-07,3
5294,30755,1,1,2026-08-07,3
5295,27221,1,1,2026-08-07,5
5296,23410,1,1,2026-08-07,3
5297,44700,1,1,2026-08-07,3
5298,32663,1,1,2026-08-07,3
5299,16248,1,1,2026-08-07,3
5300,21202,1,1,2026-08-07,3
5301,26205,1,1,2026-08-07,3
5302,7465,1,1,2026-08-07,3
5303,41455,1,1,2026-08-07,3
5304,21423,1,1,2026-08-07,3
5305,41154,1,1,2026-08-07,3
5306,20777,1,1,2026-08-07,5
5307,43050,1,1,2026-08-07,3
5308,5226,1,1,2026-08-07,4
5309,37920,1,1,2026-08-07,3
5310,13637,1,1,2026-08-07,5
5311,24786,1,1,2026-08-07,3
5312,45051,1,1,2026-08-07,3
5313,14384,1,1,2026-08-07,3
5314,44683,1,1,2026-08-07,3
5315,37886,1,1,2026-08-07,1
5316,3818,1,1,2026-08-07,3
5317,13675,1,1,2026-08-07,3
5318,29711,1,1,2026-08-07,3
5319,47530,1,1,2026-08-07,3
5320,38098,1,1,2026-08-07,3
5321,5550,1,1,2026-08-07,3
5322,33512,1,1,2026-08-07,3
5323,1223,1,1,2026-08-07,3
5324,40439,1,1,2026-08-07,6
5325,20548,1,1,2026-08-07,3
5326,23421,1,1,2026-08-07,3
5327,15212,1,1,2026-08-07,3
5328,43136,1,1,2026-08-07,3
5329,45505,1,1,2026-08-07,3
5330,4072,1,1,2026-08-07,3
5331,23006,1,1,2026-08-07,3
5332,24601,1,1,2026-08-07,3
5333,29764,1,1,2026-08-07,3
5334,48598,1,1,2026-08-07,3
5335,44554,1,1,2026-08-07,3
5336,4436,1,1,2026-08-07,3
5337,11382,1,1,2026-08-07,1
5338,22188,1,1,2026-08-07,5
5339,8293,1,1,2026-08-07,3
5340,23742,1,1,2026-08-07,3
5341,11241,1,1,2026-08-07,3
5342,22181,1,1,2026-08-07,3
5343,32808,1,1,2026-08-07,3
5344,12141,1,1,2026-08-07,3
5345,37188,1,1,2026-08-07,3
5346,23400,1,1,2026-08-07,3
5347,33943,1,1,2026-08-07,3
5348,19368,1,1,2026-08-07,3
5349,20065,1,1,2026-08-07,3
5350,14010,1,1,2026-08-07,3
5351,39478,1,1,2026-08-07,3
5352,37182,1,1,2026-08-07,3
5353,23510,1,1,2026-08-07,3
5354,46325,1,1,2026-08-07,3
5355,34631,1,1,2026-08-07,3
5356,30008,1,1,2026-08-07,3
5357,23069,1,1,2026-08-07,3
5358,10286,1,1,2026-08-07,3
5359,8289,1,1,2026-08-07,3
5360,34280,1,1,2026-08-07,3
5361,35911,1,1,2026-08-07,3
5362,5223,1,1,2026-08-07,3
5363,29205,1,1,2026-08-07,3
5364,23467,1,1,2026-08-07,3
5365,9021,1,1,2026-08-07,1
5366,13087,1,1,2026-08-07,3
5367,1390,1,1,2026-08-07,3
5368,20650,1,1,2026-08-07,1
5369,41157,1,1,2026-08-07,3
5370,27955,1,1,2026-08-07,3
5371,18977,1,1,2026-08-07,3
5372,21234,1,1,2026-08-07,3
5373,25530,1,1,2026-08-07,3
5374,31583,1,1,2026-08-07,4
5375,19089,1,1,2026-08-07,3
5376,27731,1,1,2026-08-07,3
5377,26959,1,1,2026-08-07,3
5378,25191,1,1,2026-08-07,4
5379,19827,1,1,2026-08-07,1
5380,17926,1,1,2026-08-07,3
5381,7689,1,1,2026-08-07,3
5382,25385,1,1,2026-08-07,3
5383,17687,1,1,2026-08-07,4
5384,16367,1,1,2026-08-07,3
5385,19854,1,1,2026-08-07,1
5386,33623,1,1,2026-08-07,3
5387,11033,1,1,2026-08-07,3
5388,14494,1,1,2026-08-07,3
5389,2675,1,1,2026-08-07,3
5390,9585,1,1,2026-08-07,3
5391,38375,1,1,2026-08-07,3
5392,7336,1,1,2026-08-07,4
5393,10183,1,1,2026-08-07,3
5394,14990,1,1,2026-08-07,3
5395,2243,1,1,2026-08-07,4
5396,22509,1,1,2026-08-07,3
5397,17409,1,1,2026-08-07,3
5398,42566,1,1,2026-08-07,3
5399,25196,1,1,2026-08-07,3
5400,8848,1,1,2026-08-07,3
5401,23125,1,1,2026-08-07,4
5402,43919,1,1,2026-08-07,3
5403,3545,1,1,2026-08-07,3
5404,31041,1,1,2026-08-07,1
5405,16591,1,1,2026-08-07,4
5406,22776,1,1,2026-08-07,3
5407,17375,1,1,2026-08-07,3
5408,39949,1,1,2026-08-07,3
5409,38705,1,1,2026-08-07,3
5410,29437,1,1,2026-08-07,3
5411,14725,1,1,2026-08-07,5
5412,33385,1,1,2026-08-07,3
5413,7439,1,1,2026-08-07,3
5414,46328,1,1,2026-08-07,3
5415,38875,1,1,2026-08-07,3
5416,13279,1,1,2026-08-07,3
5417,49666,1,1,2026-08-07,3
5418,7100,1,1,2026-08-07,4
5419,15021,1,1,2026-08-07,3
5420,28944,1,1,2026-08-07,3
5421,12317,1,1,2026-08-07,3
5422,5888,1,1,2026-08-07,3
5423,37577,1,1,2026-08-07,3
5424,36595,1,1,2026-08-07,3
5425,30539,1,1,2026-08-07,3
5426,42421,1,1,2026-08-07,3
5427,39912,1,1,2026-08-07,3
5428,41936,1,1,2026-08-07,3
5429,14265,1,1,2026-08-07,1
5430,13243,1,1,2026-08-07,3
5431,5765,1,1,2026-08-07,3
5432,28075,1,1,2026-08-07,1
5433,40792,1,1,2026-08-07,4
5434,39514,1,1,2026-08-07,3
5435,23565,1,1,2026-08-07,3
5436,4464,1,1,2026-08-07,3
5437,1206,1,1,2026-08-07,3
5438,16998,1,1,2026-08-07,3
5439,5731,1,1,2026-08-07,3
5440,47373,1,1,2026-08-07,3
5441,49799,1,1,2026-08-07,3
5442,45404,1,1,2026-08-07,3
5443,48713,1,1,2026-08-07,3
5444,6090,1,1,2026-08-07,1
5445,26626,1,1,2026-08-07,4
5446,24227,1,1,2026-08-07,3
5447,16589,1,1,2026-08-07,3
5448,7636,1,1,2026-08-07,3
5449,13811,1,1,2026-08-07,3
5450,37551,1,1,2026-08-07,3
5451,43814,1,1,2026-08-07,3
5452,8563,1,1,2026-08-07,3
5453,2366,1,1,2026-08-07,3
5454,41181,1,1,2026-08-07,3
5455,30359,1,1,2026-08-07,3
5456,20849,1,1,2026-08-07,3
5457,27440,1,1,2026-08-07,3
5458,41441,1,1,2026-08-07,3
5459,8504,1,1,2026-08-07,1
5460,35006,1,1,2026-08-07,3
5461,37162,1,1,2026-08-07,3
5462,31165,1,1,2026-08-07,3
5463,10396,1,1,2026-08-07,3
5464,10085,1,1,2026-08-07,3
5465,14020,1,1,2026-08-07,3
5466,48690,1,1,2026-08-07,3
5467,27154,1,1,2026-08-07,3
5468,29852,1,1,2026-08-07,3
5469,49001,1,1,2026-08-07,3
5470,7118,1,1,2026-08-07,3
5471,1695,1,1,2026-08-07,3
5472,3768,1,1,2026-08-07,3
5473,25608,1,1,2026-08-07,3
5474,3843,1,1,2026-08-07,3
5475,17527,1,1,2026-08-07,3
5476,42298,1,1,2026-08-07,3
5477,49340,1,1,2026-08-07,1
5478,1424,1,1,2026-08-07,3
5479,36180,1,1,2026-08-07,3
5480,5852,1,1,2026-08-07,3
5481,43450,1,1,2026-08-07,3
5482,8,1,1,2026-08-07,3
5483,42322,1,1,2026-08-07,3
5484,39644,1,1,2026-08-07,3
5485,25592,1,1,2026-08-07,5
5486,27754,1,1,2026-08-07,3
5487,22159,1,1,2026-08-07,3
5488,5679,1,1,2026-08-07,4
5489,12092,1,1,2026-08-07,3
5490,46825,1,1,2026-08-07,3
5491,22343,1,1,2026-08-07,3
5492,28630,1,1,2026-08-07,3
5493,26194,1,1,2026-08-07,4
5494,18204,1,1,2026-08-07,3
5495,33025,1,1,2026-08-07,3
5496,17607,1,1,2026-08-07,3
5497,36197,1,1,2026-08-07,3
5498,48795,1,1,2026-08-07,3
5499,41931,1,1,2026-08-07,3
5500,6348,1,1,2026-08-07,3
5501,24618,1,1,2026-08-07,3
5502,47434,1,1,2026-08-07,6
5503,39538,1,1,2026-08-07,3
5504,25768,1,1,2026-08-07,4
5505,508,1,1,2026-08-07,3
5506,4858,1,1,2026-08-07,3
5507,7930,1,1,2026-08-07,3
5508,18849,1,1,2026-08-07,3
5509,47025,1,1,2026-08-07,3
5510,18653,1,1,2026-08-07,3
5511,40576,1,1,2026-08-07,3
5512,42231,1,1,2026-08-07,3
5513,46023,1,1,2026-08-07,1
5514,28210,1,1,2026-08-07,3
5515,13770,1,1,2026-08-07,3
5516,1719,1,1,2026-08-07,3
5517,40973,1,1,2026-08-07,3
5518,35062,1,1,2026-08-07,3
5519,36290,1,1,2026-08-07,3
5520,34950,1,1,2026-08-07,3
5521,30501,1,1,2026-08-07,3
5522,28599,1,1,2026-08-07,3
5523,17195,1,1,2026-08-07,3
5524,12056,1,1,2026-08-07,3
5525,32880,1,1,2026-08-07,3
5526,17120,1,1,2026-08-07,3
5527,36480,1,1,2026-08-07,3
5528,26704,1,1,2026-08-07,3
5529,4782,1,1,2026-08-07,3
5530,22677,1,1,2026-08-07,3
5531,41442,1,1,2026-08-07,3
5532,18356,1,1,2026-08-07,3
5533,38622,1,1,2026-08-07,3
5534,28815,1,1,2026-08-07,1
5535,37617,1,1,2026-08-07,3
5536,36286,1,1,2026-08-07,3
5537,16995,1,1,2026-08-07,3
5538,20442,1,1,2026-08-07,1
5539,26847,1,1,2026-08-07,3
5540,20952,1,1,2026-08-07,3
5541,45448,1,1,2026-08-07,4
5542,56,1,1,2026-08-07,3
5543,33217,1,1,2026-08-07,3
5544,35088,1,1,2026-08-07,3
5545,12126,1,1,2026-08-07,4
5546,13075,1,1,2026-08-07,3
5547,15464,1,1,2026-08-07,3
5548,9691,1,1,2026-08-07,5
5549,42675,1,1,2026-08-07,4
5550,13570,1,1,2026-08-07,3
5551,2576,1,1,2026-08-07,3
5552,40163,1,1,2026-08-07,3
5553,43109,1,1,2026-08-07,3
5554,42225,1,1,2026-08-07,3
5555,38476,3,1,2026-08-07,3
5556,36696,3,1,2026-08-07,1
5557,47044,3,1,2026-08-07,3
5558,9414,3,1,2026-08-07,3
5559,36603,3,1,2026-08-07,1
5560,33119,3,1,2026-08-07,3
5561,4977,3,1,2026-08-07,1
5562,17137,3,1,2026-08-07,2
5563,16683,3,1,2026-08-07,5
5564,10951,3,1,2026-08-07,2
5565,9447,3,1,2026-08-07,3
5566,9499,3,1,2026-08-07,3
5567,4301,3,1,2026-08-07,3
5568,29313,3,1,2026-08-07,1
5569,8199,3,1,2026-08-07,2
5570,45128,3,1,2026-08-07,2
5571,6021,3,1,2026-08-07,1
5572,11041,3,1,2026-08-07,3
5573,26723,3,1,2026-08-07,2
5574,7873,3,1,2026-08-07,3
5575,19394,3,1,2026-08-07,3
5576,4165,3,1,2026-08-07,1
5577,8799,3,1,2026-08-07,3
5578,2370,3,1,2026-08-07,3
5579,30224,3,1,2026-08-07,2
5580,25337,3,1,2026-08-07,2
5581,3805,3,1,2026-08-07,3
5582,36000,3,1,2026-08-07,3
5583,17759,3,1,2026-08-07,3
5584,2254,3,1,2026-08-07,3
5585,6981,3,1,2026-08-07,3
5586,40200,3,1,2026-08-07,1
5587,8679,3,1,2026-08-07,3
5588,41741,3,1,2026-08-07,3
5589,23490,3,1,2026-08-07,3
5590,42417,3,1,2026-08-07,3
5591,43995,3,1,2026-08-07,3
5592,17384,3,1,2026-08-07,2
5593,2248,3,1,2026-08-07,2
5594,37379,3,1,2026-08-07,2
5595,11894,3,1,2026-08-07,3
5596,14763,3,1,2026-08-07,3
5597,25508,3,1,2026-08-07,3
5598,25271,3,1,2026-08-07,3
5599,9809,3,1,2026-08-07,3
5600,34475,3,1,2026-08-07,1
5601,17292,3,1,2026-08-07,4
5602,49450,3,1,2026-08-07,2
5603,12671,3,1,2026-08-07,2
5604,4141,3,1,2026-08-07,2
5605,7105,3,1,2026-08-07,1
5606,23780,3,1,2026-08-07,3
5607,49586,3,1,2026-08-07,2
5608,24727,3,1,2026-08-07,3
5609,28093,3,1,2026-08-07,3
5610,27846,3,1,2026-08-07,1
5611,31811,3,1,2026-08-07,1
5612,20534,3,1,2026-08-07,4
5613,1677,3,1,2026-08-07,3
5614,27930,3,1,2026-08-07,1
5615,9236,3,1,2026-08-07,3
5616,39681,3,1,2026-08-07,2
5617,2392,3,1,2026-08-07,1
5618,11688,3,1,2026-08-07,3
5619,32794,3,1,2026-08-07,1
5620,18694,3,1,2026-08-07,3
5621,19143,3,1,2026-08-07,1
5622,21522,3,1,2026-08-07,2
5623,6852,3,1,2026-08-07,3
5624,6537,3,1,2026-08-07,3
5625,18695,3,1,2026-08-07,3
5626,5807,3,1,2026-08-07,2
5627,46082,3,1,2026-08-07,2
5628,17493,3,1,2026-08-07,3
5629,23579,3,1,2026-08-07,3
5630,11751,3,1,2026-08-07,1
5631,2003,3,1,2026-08-07,3
5632,41782,3,1,2026-08-07,1
5633,25448,3,1,2026-08-07,1
5634,24922,3,1,2026-08-07,3
5635,44312,3,1,2026-08-07,2
5636,21246,3,1,2026-08-07,3
5637,44423,3,1,2026-08-07,2
5638,961,3,1,2026-08-07,3
5639,30134,3,1,2026-08-07,3
5640,48628,3,1,2026-08-07,3
5641,15845,3,1,2026-08-07,2
5642,15477,3,1,2026-08-07,3
5643,41077,3,1,2026-08-07,3
5644,43248,3,1,2026-08-07,3
5645,38921,3,1,2026-08-07,2
5646,13957,3,1,2026-08-07,3
5647,19669,3,1,2026-08-07,3
5648,35403,3,1,2026-08-07,3
5649,4837,3,1,2026-08-07,5
5650,24987,3,1,2026-08-07,3
5651,575,3,1,2026-08-07,1
5652,2954,3,1,2026-08-07,2
5653,20381,3,1,2026-08-07,1
5654,42937,3,1,2026-08-07,1
5655,42199,3,1,2026-08-07,2
5656,27205,3,1,2026-08-07,3
5657,1010,3,1,2026-08-07,3
5658,27550,3,1,2026-08-07,2
5659,6770,3,1,2026-08-07,4
5660,11595,3,1,2026-08-07,3
5661,2984,3,1,2026-08-07,3
5662,7484,3,1,2026-08-07,3
5663,234,3,1,2026-08-07,2
5664,19015,3,1,2026-08-07,2
5665,13927,3,1,2026-08-07,2
5666,36841,3,1,2026-08-07,3
5667,4185,3,1,2026-08-07,2
5668,35281,3,1,2026-08-07,3
5669,25934,3,1,2026-08-07,1
5670,20373,3,1,2026-08-07,3
5671,629,3,1,2026-08-07,1
5672,4548,3,1,2026-08-07,3
5673,47240,3,1,2026-08-07,3
5674,46956,3,1,2026-08-07,3
5675,44692,3,1,2026-08-07,3
5676,4991,3,1,2026-08-07,3
5677,17519,3,1,2026-08-07,3
5678,8367,3,1,2026-08-07,3
5679,14134,3,1,2026-08-07,3
5680,32981,3,1,2026-08-07,1
5681,5294,3,1,2026-08-07,3
5682,14511,3,1,2026-08-07,1
5683,7276,3,1,2026-08-07,3
5684,27852,3,1,2026-08-07,4
5685,18406,3,1,2026-08-07,3
5686,1524,3,1,2026-08-07,3
5687,22430,3,1,2026-08-07,3
5688,32757,3,1,2026-08-07,2
5689,39180,3,1,2026-08-07,4
5690,25239,3,1,2026-08-07,1
5691,9054,3,1,2026-08-07,3
5692,11444,3,1,2026-08-07,4
5693,10243,3,1,2026-08-07,3
5694,22216,3,1,2026-08-07,3
5695,27371,3,1,2026-08-07,1
5696,43644,3,1,2026-08-07,1
5697,25998,3,1,2026-08-07,3
5698,22982,3,1,2026-08-07,3
5699,44475,3,1,2026-08-07,4
5700,26922,3,1,2026-08-07,5
5701,10073,3,1,2026-08-07,1
5702,35498,3,1,2026-08-07,2
5703,4664,3,1,2026-08-07,3
5704,15361,3,1,2026-08-07,3
5705,40,3,1,2026-08-07,2
5706,20386,3,1,2026-08-07,3
5707,15721,3,1,2026-08-07,3
5708,20789,3,1,2026-08-07,2
5709,15448,3,1,2026-08-07,1
5710,15572,3,1,2026-08-07,3
5711,2092,3,1,2026-08-07,3
5712,44318,3,1,2026-08-07,3
5713,47047,3,1,2026-08-07,1
5714,44330,3,1,2026-08-07,2
5715,18655,3,1,2026-08-07,3
5716,41818,3,1,2026-08-07,2
5717,38162,3,1,2026-08-07,2
5718,11757,3,1,2026-08-07,1
5719,2935,3,1,2026-08-07,3
5720,34399,3,1,2026-08-07,3
5721,18196,3,1,2026-08-07,2
5722,636,3,1,2026-08-07,1
5723,38371,3,1,2026-08-07,3
5724,8267,3,1,2026-08-07,2
5725,31417,3,1,2026-08-07,1
5726,48739,3,1,2026-08-07,3
5727,29884,3,1,2026-08-07,1
5728,33680,3,1,2026-08-07,1
5729,32647,3,1,2026-08-07,1
5730,7255,3,1,2026-08-07,3
5731,2814,3,1,2026-08-07,2
5732,1018,3,1,2026-08-07,3
5733,30099,3,1,2026-08-07,2
5734,47512,3,1,2026-08-07,2
5735,45868,3,1,2026-08-07,2
5736,37597,3,1,2026-08-07,2
5737,623,3,1,2026-08-07,2
5738,24386,3,1,2026-08-07,3
5739,30945,3,1,2026-08-07,3
5740,5889,3,1,2026-08-07,1
5741,8756,3,1,2026-08-07,3
5742,9207,3,1,2026-08-07,1
5743,38967,3,1,2026-08-07,1
5744,44347,3,1,2026-08-07,3
5745,13458,3,1,2026-08-07,4
5746,9099,3,1,2026-08-07,2
5747,16983,3,1,2026-08-07,3
5748,10806,3,1,2026-08-07,3
5749,25086,3,1,2026-08-07,2
5750,6708,3,1,2026-08-07,4
5751,42735,3,1,2026-08-07,3
5752,16237,3,1,2026-08-07,2
5753,1934,3,1,2026-08-07,1
5754,48848,3,1,2026-08-07,3
5755,41846,3,1,2026-08-07,3
5756,1555,3,1,2026-08-07,3
5757,40315,3,1,2026-08-07,3
5758,39454,3,1,2026-08-07,4
5759,33922,3,1,2026-08-07,3
5760,3464,3,1,2026-08-07,2
5761,10968,3,1,2026-08-07,2
5762,3516,3,1,2026-08-07,1
5763,24609,3,1,2026-08-07,1
5764,28598,3,1,2026-08-07,1
5765,6826,3,1,2026-08-07,2
5766,17256,3,1,2026-08-07,5
5767,703,3,1,2026-08-07,3
5768,29885,3,1,2026-08-07,4
5769,3719,3,1,2026-08-07,3
5770,31178,3,1,2026-08-07,1
5771,16127,3,1,2026-08-07,1
5772,6007,3,1,2026-08-07,1
5773,35294,3,1,2026-08-07,3
5774,11095,3,1,2026-08-07,1
5775,1134,3,1,2026-08-07,2
5776,5983,3,1,2026-08-07,2
5777,722,3,1,2026-08-07,5
5778,18200,3,1,2026-08-07,3
5779,28544,3,1,2026-08-07,1
5780,34606,3,1,2026-08-07,3
5781,25061,3,1,2026-08-07,3
5782,34635,3,1,2026-08-07,1
5783,47297,3,1,2026-08-07,2
5784,6924,3,1,2026-08-07,2
5785,22273,3,1,2026-08-07,3
5786,29309,3,1,2026-08-07,5
5787,39896,3,1,2026-08-07,1
5788,27525,3,1,2026-08-07,3
5789,23757,3,1,2026-08-07,3
5790,35342,3,1,2026-08-07,3
5791,35980,3,1,2026-08-07,2
5792,25586,3,1,2026-08-07,2
5793,14718,3,1,2026-08-07,2
5794,21559,3,1,2026-08-07,2
5795,27213,3,1,2026-08-07,3
5796,1954,3,1,2026-08-07,3
5797,7884,3,1,2026-08-07,3
5798,9183,3,1,2026-08-07,1
5799,14025,3,1,2026-08-07,3
5800,21564,3,1,2026-08-07,3
5801,5798,3,1,2026-08-07,3
5802,1493,3,1,2026-08-07,3
5803,32274,3,1,2026-08-07,2
5804,4401,3,1,2026-08-07,3
5805,17522,3,1,2026-08-07,1
5806,44003,3,1,2026-08-07,3
5807,4085,3,1,2026-08-07,4
5808,46671,3,1,2026-08-07,1
5809,33196,3,1,2026-08-07,2
5810,47254,3,1,2026-08-07,3
5811,19936,3,1,2026-08-07,2
5812,22465,3,1,2026-08-07,3
5813,36536,3,1,2026-08-07,3
5814,38563,3,1,2026-08-07,1
5815,11446,3,1,2026-08-07,2
5816,23701,3,1,2026-08-07,3
5817,46736,3,1,2026-08-07,3
5818,19937,3,1,2026-08-07,2
5819,25044,3,1,2026-08-07,2
5820,40467,3,1,2026-08-07,2
5821,35638,3,1,2026-08-07,2
5822,34850,3,1,2026-08-07,1
5823,43973,3,1,2026-08-07,1
5824,35236,3,1,2026-08-07,3
5825,30909,3,1,2026-08-07,3
5826,33167,3,1,2026-08-07,3
5827,46626,3,1,2026-08-07,3
5828,32687,3,1,2026-08-07,2
5829,22645,3,1,2026-08-07,3
5830,7810,3,1,2026-08-07,1
5831,38283,3,1,2026-08-07,5
5832,48274,3,1,2026-08-07,3
5833,27925,3,1,2026-08-07,3
5834,2591,3,1,2026-08-07,1
5835,36485,3,1,2026-08-07,2
5836,24316,3,1,2026-08-07,3
5837,2584,3,1,2026-08-07,3
5838,16302,3,1,2026-08-07,3
5839,47179,3,1,2026-08-07,2
5840,12186,3,1,2026-08-07,4
5841,11932,3,1,2026-08-07,1
5842,25108,3,1,2026-08-07,4
5843,38998,3,1,2026-08-07,2
5844,45315,3,1,2026-08-07,2
5845,35733,3,1,2026-08-07,3
5846,23052,3,1,2026-08-07,2
5847,22493,3,1,2026-08-07,1
5848,29577,3,1,2026-08-07,1
5849,39785,3,1,2026-08-07,4
5850,23994,3,1,2026-08-07,2
5851,38125,3,1,2026-08-07,1
5852,28494,3,1,2026-08-07,2
5853,29990,3,1,2026-08-07,1
5854,43715,3,1,2026-08-07,2
5855,29869,3,1,2026-08-07,3
5856,10915,3,1,2026-08-07,3
5857,15246,3,1,2026-08-07,4
5858,43453,3,1,2026-08-07,3
5859,43710,3,1,2026-08-07,2
5860,34386,3,1,2026-08-07,2
5861,2614,3,1,2026-08-07,3
5862,18590,3,1,2026-08-07,2
5863,22391,3,1,2026-08-07,3
5864,10341,3,1,2026-08-07,2
5865,16271,3,1,2026-08-07,3
5866,24523,3,1,2026-08-07,3
5867,13574,3,1,2026-08-07,3
5868,38999,3,2,2026-08-07,1
5869,20826,3,2,2026-08-07,2
5870,20937,3,2,2026-08-07,2
5871,13241,3,2,2026-08-07,3
5872,22583,3,2,2026-08-07,3
5873,15584,3,2,2026-08-07,1
5874,36844,3,2,2026-08-07,1
5875,30865,3,2,2026-08-07,3
5876,33220,3,2,2026-08-07,3
5877,6564,3,2,2026-08-07,3
5878,638,3,2,2026-08-07,1
5879,21480,3,2,2026-08-07,1
5880,1747,3,2,2026-08-07,3
5881,35652,3,2,2026-08-07,3
5882,33112,3,2,2026-08-07,1
5883,25417,3,2,2026-08-07,3
5884,27739,3,2,2026-08-07,3
5885,8704,3,2,2026-08-07,3
5886,29946,3,2,2026-08-07,3
5887,584,3,2,2026-08-07,3
5888,16618,3,2,2026-08-07,2
5889,5300,3,2,2026-08-07,3
5890,10657,3,2,2026-08-07,4
5891,44114,3,2,2026-08-07,3
5892,13543,3,2,2026-08-07,3
5893,48167,3,2,2026-08-07,3
5894,37042,3,2,2026-08-07,1
5895,42404,3,2,2026-08-07,3
5896,2841,3,2,2026-08-07,2
5897,41317,3,2,2026-08-07,3
5898,32870,3,2,2026-08-07,1
5899,23075,3,2,2026-08-07,2
5900,17109,3,2,2026-08-07,3
5901,11301,3,2,2026-08-07,4
5902,32850,3,2,2026-08-07,3
5903,19676,3,2,2026-08-07,2
5904,16765,3,2,2026-08-07,2
5905,33462,3,2,2026-08-07,3
5906,5027,3,2,2026-08-07,2
5907,16359,3,2,2026-08-07,3
5908,22014,3,2,2026-08-07,1
5909,2288,3,2,2026-08-07,1
5910,49016,3,2,2026-08-07,2
5911,21076,3,2,2026-08-07,2
5912,10308,3,2,2026-08-07,1
5913,29540,3,2,2026-08-07,3
5914,3618,3,2,2026-08-07,3
5915,46458,3,2,2026-08-07,2
5916,34934,3,2,2026-08-07,3
5917,20464,3,2,2026-08-07,3
5918,39443,3,2,2026-08-07,3
5919,48435,3,2,2026-08-07,3
5920,31060,3,2,2026-08-07,5
5921,20033,3,2,2026-08-07,2
5922,42240,3,2,2026-08-07,3
5923,40665,3,2,2026-08-07,3
5924,15462,3,2,2026-08-07,1
5925,36312,3,2,2026-08-07,3
5926,37359,3,2,2026-08-07,5
5927,19850,3,2,2026-08-07,1
5928,8804,3,2,2026-08-07,3
5929,29480,3,2,2026-08-07,2
5930,12411,3,2,2026-08-07,1
5931,48978,2,1,2026-08-07,3
5932,14615,2,1,2026-08-07,4
5933,21937,2,1,2026-08-07,1
5934,10710,2,1,2026-08-07,3
5935,49069,2,1,2026-08-07,4
5936,32265,2,1,2026-08-07,4
5937,43247,2,1,2026-08-07,2
5938,49098,2,1,2026-08-07,4
5939,14783,2,1,2026-08-07,1
5940,35827,2,1,2026-08-07,1
5941,39986,2,1,2026-08-07,3
5942,26305,2,1,2026-08-07,3
5943,11072,2,1,2026-08-07,3
5944,27929,2,1,2026-08-07,4
5945,20050,2,1,2026-08-07,3
5946,423,2,1,2026-08-07,3
5947,2546,2,1,2026-08-07,1
5948,10812,2,1,2026-08-07,3
5949,2951,2,1,2026-08-07,4
5950,36608,2,1,2026-08-07,4
5951,12749,2,1,2026-08-07,3
5952,2426,2,1,2026-08-07,4
5953,23938,2,1,2026-08-07,3
5954,8882,2,1,2026-08-07,4
5955,29204,2,1,2026-08-07,3
5956,7936,2,1,2026-08-07,3
5957,15087,2,1,2026-08-07,3
5958,2156,2,1,2026-08-07,4
5959,9170,2,1,2026-08-07,4
5960,34765,2,1,2026-08-07,4
5961,31629,2,1,2026-08-07,4
5962,35912,2,1,2026-08-07,4
5963,30496,2,1,2026-08-07,4
5964,14908,2,1,2026-08-07,3
5965,841,2,1,2026-08-07,4
5966,19588,2,1,2026-08-07,3
5967,41341,2,1,2026-08-07,5
5968,14506,2,1,2026-08-07,1
5969,33514,2,1,2026-08-07,3
5970,17417,2,1,2026-08-07,4
5971,33484,2,1,2026-08-07,4
5972,21003,2,1,2026-08-07,3
5973,21108,2,1,2026-08-07,3
5974,49939,2,1,2026-08-07,4
5975,44069,2,1,2026-08-07,4
5976,23167,2,1,2026-08-07,3
5977,21571,2,1,2026-08-07,3
5978,2744,2,1,2026-08-07,3
5979,18621,2,1,2026-08-07,4
5980,9319,2,1,2026-08-07,3
5981,38420,2,1,2026-08-07,5
5982,46583,2,1,2026-08-07,3
5983,43569,2,1,2026-08-07,3
5984,29280,2,1,2026-08-07,3
5985,30732,2,1,2026-08-07,3
5986,23554,2,1,2026-08-07,4
5987,6466,2,1,2026-08-07,4
5988,18852,2,1,2026-08-07,4
5989,8239,2,1,2026-08-07,3
5990,6409,2,1,2026-08-07,4
5991,37918,2,1,2026-08-07,4
5992,21872,2,1,2026-08-07,4
5993,16496,2,1,2026-08-07,4
5994,26000,2,1,2026-08-07,1
5995,14643,2,1,2026-08-07,4
5996,36567,2,1,2026-08-07,3
5997,36568,2,1,2026-08-07,4
5998,11445,2,1,2026-08-07,4
5999,11455,2,1,2026-08-07,3
6000,49741,2,1,2026-08-07,6
6001,2662,2,1,2026-08-07,4
6002,37512,2,1,2026-08-07,4
6003,32606,2,1,2026-08-07,4
6004,40182,2,1,2026-08-07,3
6005,42662,2,1,2026-08-07,3
6006,29114,2,1,2026-08-07,3
6007,31540,2,1,2026-08-07,3
6008,24083,2,1,2026-08-07,4
6009,27450,2,1,2026-08-07,4
6010,1779,2,1,2026-08-07,3
6011,5740,2,1,2026-08-07,4
6012,3985,2,1,2026-08-07,3
6013,24949,2,1,2026-08-07,4
6014,16882,2,1,2026-08-07,4
6015,5750,2,1,2026-08-07,3
6016,26736,2,1,2026-08-07,3
6017,6605,2,1,2026-08-07,2
6018,3365,2,1,2026-08-07,3
6019,6955,2,1,2026-08-07,4
6020,46445,2,1,2026-08-07,4
6021,13790,2,1,2026-08-07,4
6022,11317,2,1,2026-08-07,3
6023,22584,2,1,2026-08-07,1
6024,15781,2,1,2026-08-07,4
6025,42789,2,1,2026-08-07,3
6026,7344,2,1,2026-08-07,4
6027,39031,2,1,2026-08-07,1
6028,15468,2,1,2026-08-07,1
6029,8372,2,1,2026-08-07,4
6030,12880,2,1,2026-08-07,4
6031,48912,2,1,2026-08-07,3
6032,12011,2,1,2026-08-07,4
6033,12913,2,1,2026-08-07,4
6034,24278,2,1,2026-08-07,3
6035,2450,2,1,2026-08-07,4
6036,24703,2,1,2026-08-07,3
6037,11167,2,1,2026-08-07,3
6038,21189,2,1,2026-08-07,4
6039,34909,2,1,2026-08-07,3
6040,33168,2,1,2026-08-07,3
6041,33158,2,1,2026-08-07,1
6042,26177,2,1,2026-08-07,3
6043,26178,2,1,2026-08-07,2
6044,4250,2,1,2026-08-07,4
6045,38039,2,1,2026-08-07,4
6046,29485,2,1,2026-08-07,3
6047,39064,2,1,2026-08-07,3
6048,48085,2,1,2026-08-07,4
6049,4089,2,1,2026-08-07,4
6050,20628,2,1,2026-08-07,2
6051,47535,2,1,2026-08-07,3
6052,8527,2,1,2026-08-07,3
6053,43914,2,1,2026-08-07,2
6054,26048,2,1,2026-08-07,1
6055,45706,2,1,2026-08-07,1
6056,44428,2,2,2026-08-07,5
6057,41015,2,2,2026-08-07,3
6058,23146,2,2,2026-08-07,4
6059,41697,2,2,2026-08-07,4
6060,15007,2,2,2026-08-07,4
6061,32948,2,2,2026-08-07,3
6062,18344,2,2,2026-08-07,5
6063,23934,2,2,2026-08-07,3
6064,7225,2,2,2026-08-07,3
6065,47378,2,2,2026-08-07,4
6066,22401,2,2,2026-08-07,3
6067,15268,2,2,2026-08-07,4
6068,2451,2,2,2026-08-07,3
6069,32030,2,2,2026-08-07,2
6070,26223,2,2,2026-08-07,3
6071,5348,2,2,2026-08-07,3
6072,43225,2,2,2026-08-07,3
6073,27127,2,2,2026-08-07,4
6074,7378,2,2,2026-08-07,2
6075,36681,2,2,2026-08-07,4
6076,21268,2,2,2026-08-07,4
6077,9433,2,2,2026-08-07,4
6078,14595,2,2,2026-08-07,3
6079,46371,2,2,2026-08-07,3
6080,33598,2,2,2026-08-07,4
6081,419,2,2,2026-08-07,3
6082,22913,2,2,2026-08-07,4
6083,37082,2,2,2026-08-07,2
6084,11577,2,2,2026-08-07,3
6085,33692,2,2,2026-08-07,4
6086,8327,2,2,2026-08-07,4
6087,43321,2,2,2026-08-07,3
6088,7266,2,2,2026-08-07,4
6089,25807,2,2,2026-08-07,3
6090,37211,2,2,2026-08-07,3
6091,35910,2,2,2026-08-07,4
6092,761,2,2,2026-08-07,4
6093,10525,2,2,2026-08-07,3
6094,8749,2,2,2026-08-07,3
6095,40406,2,2,2026-08-07,3
6096,38312,2,2,2026-08-07,4
6097,34943,2,2,2026-08-07,4
6098,9421,2,2,2026-08-07,4
6099,1392,2,2,2026-08-07,4
6100,23264,2,2,2026-08-07,4
6101,26031,2,2,2026-08-07,3
6102,49235,2,2,2026-08-07,4
6103,33323,2,2,2026-08-07,4
6104,48498,2,2,2026-08-07,4
6105,2821,2,2,2026-08-07,2
6106,25912,2,4,2026-08-07,3
6107,28347,2,4,2026-08-07,2
6108,39710,2,4,2026-08-07,3
6109,42202,2,4,2026-08-07,1
6110,33891,2,4,2026-08-07,3
6111,11607,2,4,2026-08-07,3
6112,23584,2,4,2026-08-07,3
6113,27337,2,4,2026-08-07,3
6114,46692,2,4,2026-08-07,4
6115,7119,2,4,2026-08-07,3
6116,35289,2,4,2026-08-07,3
6117,29636,2,4,2026-08-07,5
6118,10924,2,4,2026-08-07,1
6119,43689,2,4,2026-08-07,4
6120,43613,2,4,2026-08-07,4
6121,34841,2,4,2026-08-07,4
6122,25627,2,4,2026-08-07,3
6123,9506,2,4,2026-08-07,3
6124,23887,2,4,2026-08-07,3
6125,25643,2,4,2026-08-07,4
6126,5744,2,4,2026-08-07,3
6127,21722,2,4,2026-08-07,3
6128,11859,2,4,2026-08-07,3
6129,824,2,4,2026-08-07,3
6130,17290,2,4,2026-08-07,6
6131,7625,2,4,2026-08-07,4
6132,31449,2,4,2026-08-07,4
6133,29372,2,4,2026-08-07,3
6134,18756,2,4,2026-08-07,1
6135,46990,2,4,2026-08-07,3
6136,2559,2,4,2026-08-07,3
6137,19472,2,4,2026-08-07,2
6138,5954,2,4,2026-08-07,3
6139,24896,2,4,2026-08-07,3
6140,31244,2,4,2026-08-07,4
6141,8983,2,4,2026-08-07,3
6142,36254,2,4,2026-08-07,4
6143,46619,2,4,2026-08-07,4
6144,18345,2,4,2026-08-07,4
6145,41140,2,4,2026-08-07,3
6146,5584,2,4,2026-08-07,3
6147,17203,2,4,2026-08-07,2
6148,40777,2,4,2026-08-07,4
6149,38249,2,4,2026-08-07,3
6150,21360,2,4,2026-08-07,3
6151,32262,2,4,2026-08-07,3
6152,5515,2,4,2026-08-07,1
6153,6515,2,4,2026-08-07,4
6154,32149,2,4,2026-08-07,4
6155,11420,2,4,2026-08-07,5
6156,22205,2,4,2026-08-07,4
6157,47249,2,4,2026-08-07,3
6158,37250,2,4,2026-08-07,4
6159,19135,2,4,2026-08-07,1
6160,6578,2,4,2026-08-07,3
6161,47494,2,4,2026-08-07,3
6162,10022,2,4,2026-08-07,3
6163,26247,2,4,2026-08-07,3
6164,20951,2,4,2026-08-07,5
6165,38671,2,4,2026-08-07,3
6166,49022,2,4,2026-08-07,3
6167,8895,2,4,2026-08-07,3
6168,39453,2,4,2026-08-07,1
6169,8158,2,4,2026-08-07,1
6170,12496,2,4,2026-08-07,3
6171,24668,2,4,2026-08-07,1
6172,44586,2,4,2026-08-07,4
6173,23199,2,4,2026-08-07,3
6174,40726,2,4,2026-08-07,4
6175,29148,2,4,2026-08-07,3
6176,47866,2,4,2026-08-07,3
6177,32859,2,4,2026-08-07,4
6178,3778,2,4,2026-08-07,3
6179,34745,2,4,2026-08-07,1
6180,12490,2,4,2026-08-07,5
6181,23673,1,1,2026-08-10,5
6182,7756,1,1,2026-08-10,3
6183,45558,1,1,2026-08-10,3
6184,49265,1,1,2026-08-10,3
6185,5941,1,1,2026-08-10,3
6186,39471,1,1,2026-08-10,3
6187,32171,1,1,2026-08-10,3
6188,30434,1,1,2026-08-10,3
6189,48094,1,1,2026-08-10,3
6190,19910,1,1,2026-08-10,3
6191,17713,1,1,2026-08-10,3
6192,9247,1,1,2026-08-10,3
6193,7893,1,1,2026-08-10,3
6194,32179,1,1,2026-08-10,3
6195,47078,1,1,2026-08-10,3
6196,36587,1,1,2026-08-10,3
6197,14773,1,1,2026-08-10,1
6198,40276,1,1,2026-08-10,3
6199,22830,1,1,2026-08-10,3
6200,21856,1,1,2026-08-10,3
6201,5129,1,1,2026-08-10,3
6202,23214,1,1,2026-08-10,4
6203,47696,1,1,2026-08-10,3
6204,12419,1,1,2026-08-10,3
6205,25432,1,1,2026-08-10,3
6206,32306,1,1,2026-08-10,3
6207,11639,1,1,2026-08-10,3
6208,2108,1,1,2026-08-10,3
6209,47730,1,1,2026-08-10,3
6210,23944,1,1,2026-08-10,3
6211,6644,1,1,2026-08-10,3
6212,26654,1,1,2026-08-10,3
6213,27299,1,1,2026-08-10,3
6214,31223,1,1,2026-08-10,3
6215,9544,1,1,2026-08-10,4
6216,36732,1,1,2026-08-10,3
6217,41884,1,1,2026-08-10,1
6218,837,1,1,2026-08-10,3
6219,43895,1,1,2026-08-10,3
6220,3204,1,1,2026-08-10,3
6221,6383,1,1,2026-08-10,3
6222,27280,1,1,2026-08-10,3
6223,39987,1,1,2026-08-10,3
6224,46763,1,1,2026-08-10,3
6225,46682,1,1,2026-08-10,6
6226,11710,1,1,2026-08-10,3
6227,48858,1,1,2026-08-10,1
6228,10459,1,1,2026-08-10,3
6229,42480,1,1,2026-08-10,3
6230,32744,1,1,2026-08-10,4
6231,9157,1,1,2026-08-10,4
6232,46289,1,1,2026-08-10,3
6233,7548,1,1,2026-08-10,3
6234,36916,1,1,2026-08-10,3
6235,42724,1,1,2026-08-10,5
6236,7713,1,1,2026-08-10,3
6237,25670,1,1,2026-08-10,3
6238,4423,1,1,2026-08-10,3
6239,32835,1,1,2026-08-10,3
6240,14620,1,1,2026-08-10,3
6241,5412,1,1,2026-08-10,3
6242,140,1,1,2026-08-10,4
6243,3544,1,1,2026-08-10,4
6244,2962,1,1,2026-08-10,3
6245,31803,1,1,2026-08-10,3
6246,24072,1,1,2026-08-10,3
6247,39022,1,1,2026-08-10,3
6248,17117,1,1,2026-08-10,3
6249,33716,1,1,2026-08-10,3
6250,45403,1,1,2026-08-10,4
6251,30701,1,1,2026-08-10,3
6252,9588,1,1,2026-08-10,3
6253,32202,1,1,2026-08-10,3
6254,26403,1,1,2026-08-10,3
6255,20459,1,1,2026-08-10,3
6256,22684,1,1,2026-08-10,3
6257,20107,1,1,2026-08-10,3
6258,1538,1,1,2026-08-10,3
6259,16530,1,1,2026-08-10,3
6260,24696,1,1,2026-08-10,3
6261,25590,1,1,2026-08-10,3
6262,2971,1,1,2026-08-10,3
6263,45500,1,1,2026-08-10,3
6264,12780,1,1,2026-08-10,3
6265,40287,1,1,2026-08-10,4
6266,46685,1,1,2026-08-10,3
6267,34596,1,1,2026-08-10,3
6268,34620,1,1,2026-08-10,3
6269,34153,1,1,2026-08-10,3
6270,42484,1,1,2026-08-10,3
6271,30191,1,1,2026-08-10,4
6272,45231,1,1,2026-08-10,3
6273,28483,1,1,2026-08-10,3
6274,9811,1,1,2026-08-10,3
6275,24531,1,1,2026-08-10,4
6276,10319,1,1,2026-08-10,3
6277,27185,1,1,2026-08-10,3
6278,31347,1,1,2026-08-10,4
6279,41356,1,1,2026-08-10,3
6280,24281,1,1,2026-08-10,3
6281,9702,1,1,2026-08-10,1
6282,37898,1,1,2026-08-10,4
6283,29812,1,1,2026-08-10,3
6284,39786,1,1,2026-08-10,3
6285,18510,1,1,2026-08-10,3
6286,26771,1,1,2026-08-10,3
6287,30596,1,1,2026-08-10,3
6288,44486,1,1,2026-08-10,1
6289,39418,1,1,2026-08-10,3
6290,46123,1,1,2026-08-10,3
6291,37269,1,1,2026-08-10,3
6292,13281,1,1,2026-08-10,3
6293,6048,1,1,2026-08-10,3
6294,37040,1,1,2026-08-10,3
6295,1252,1,1,2026-08-10,5
6296,408,1,1,2026-08-10,3
6297,20287,1,1,2026-08-10,3
6298,36716,1,1,2026-08-10,3
6299,34541,1,1,2026-08-10,3
6300,32658,1,1,2026-08-10,3
6301,35049,1,1,2026-08-10,3
6302,9941,1,1,2026-08-10,3
6303,28281,1,1,2026-08-10,3
6304,48346,1,1,2026-08-10,3
6305,25270,1,1,2026-08-10,3
6306,24648,1,1,2026-08-10,3
6307,33754,1,1,2026-08-10,3
6308,7270,1,1,2026-08-10,4
6309,44225,1,1,2026-08-10,4
6310,13976,1,1,2026-08-10,3
6311,45644,1,1,2026-08-10,3
6312,185,1,1,2026-08-10,3
6313,33297,1,1,2026-08-10,3
6314,39595,1,1,2026-08-10,4
6315,35442,1,1,2026-08-10,3
6316,43599,1,1,2026-08-10,3
6317,35670,1,1,2026-08-10,3
6318,45700,1,1,2026-08-10,3
6319,21396,1,1,2026-08-10,4
6320,23660,1,1,2026-08-10,3
6321,20236,1,1,2026-08-10,3
6322,11591,1,1,2026-08-10,3
6323,8152,1,1,2026-08-10,4
6324,2422,1,1,2026-08-10,3
6325,46524,1,1,2026-08-10,3
6326,10442,1,1,2026-08-10,3
6327,27336,1,1,2026-08-10,3
6328,9516,1,1,2026-08-10,3
6329,14119,1,1,2026-08-10,3
6330,12897,1,1,2026-08-10,3
6331,15206,1,1,2026-08-10,3
6332,40665,1,1,2026-08-10,3
6333,24256,1,1,2026-08-10,3
6334,38640,1,1,2026-08-10,3
6335,12648,1,1,2026-08-10,3
6336,34484,1,1,2026-08-10,3
6337,43020,1,1,2026-08-10,3
6338,3679,1,1,2026-08-10,3
6339,851,1,1,2026-08-10,3
6340,38676,1,1,2026-08-10,3
6341,42561,1,1,2026-08-10,4
6342,3829,1,1,2026-08-10,3
6343,31250,1,1,2026-08-10,3
6344,5608,1,1,2026-08-10,3
6345,35795,1,1,2026-08-10,3
6346,28041,1,1,2026-08-10,3
6347,41175,1,1,2026-08-10,3
6348,12438,1,1,2026-08-10,3
6349,28044,1,1,2026-08-10,1
6350,33888,1,1,2026-08-10,3
6351,29419,1,1,2026-08-10,3
6352,19665,1,1,2026-08-10,3
6353,8621,1,1,2026-08-10,1
6354,32156,1,1,2026-08-10,3
6355,3488,1,1,2026-08-10,1
6356,12788,1,1,2026-08-10,3
6357,40853,1,1,2026-08-10,3
6358,3219,1,1,2026-08-10,3
6359,42374,1,1,2026-08-10,5
6360,13024,1,1,2026-08-10,1
6361,24324,1,1,2026-08-10,3
6362,27417,1,1,2026-08-10,3
6363,27187,1,1,2026-08-10,3
6364,9374,1,1,2026-08-10,3
6365,20366,1,1,2026-08-10,3
6366,34041,1,1,2026-08-10,3
6367,30303,1,1,2026-08-10,3
6368,19043,1,1,2026-08-10,3
6369,23193,1,1,2026-08-10,3
6370,15359,1,1,2026-08-10,3
6371,2959,1,1,2026-08-10,3
6372,21052,1,1,2026-08-10,3
6373,2979,1,1,2026-08-10,3
6374,33021,1,1,2026-08-10,3
6375,31907,1,1,2026-08-10,3
6376,39294,1,1,2026-08-10,3
6377,48605,1,1,2026-08-10,1
6378,2562,1,1,2026-08-10,4
6379,25297,1,1,2026-08-10,1
6380,12896,1,1,2026-08-10,3
6381,4400,1,1,2026-08-10,3
6382,31612,1,1,2026-08-10,3
6383,27939,1,1,2026-08-10,3
6384,30322,1,1,2026-08-10,3
6385,19846,1,1,2026-08-10,3
6386,2510,1,1,2026-08-10,3
6387,35883,1,1,2026-08-10,3
6388,21042,1,1,2026-08-10,3
6389,43355,1,1,2026-08-10,1
6390,1464,1,1,2026-08-10,3
6391,35818,1,1,2026-08-10,3
6392,15048,1,1,2026-08-10,3
6393,5125,1,1,2026-08-10,3
6394,25291,1,1,2026-08-10,4
6395,21026,1,1,2026-08-10,3
6396,48954,1,1,2026-08-10,3
6397,35356,1,1,2026-08-10,3
6398,8793,1,1,2026-08-10,3
6399,33111,1,1,2026-08-10,3
6400,15214,1,1,2026-08-10,5
6401,40893,1,1,2026-08-10,4
6402,28785,1,1,2026-08-10,3
6403,6066,1,1,2026-08-10,3
6404,32637,1,1,2026-08-10,3
6405,40615,1,1,2026-08-10,1
6406,39135,1,1,2026-08-10,3
6407,46203,1,1,2026-08-10,3
6408,40989,1,1,2026-08-10,3
6409,44155,1,1,2026-08-10,3
6410,13660,1,1,2026-08-10,3
6411,41678,1,1,2026-08-10,3
6412,15878,1,1,2026-08-10,3
6413,22551,1,1,2026-08-10,3
6414,1056,1,1,2026-08-10,3
6415,31374,1,1,2026-08-10,3
6416,162,1,1,2026-08-10,3
6417,993,1,1,2026-08-10,3
6418,49519,1,1,2026-08-10,3
6419,2099,1,1,2026-08-10,3
6420,37024,1,1,2026-08-10,3
6421,15267,1,1,2026-08-10,1
6422,193,1,1,2026-08-10,3
6423,954,1,1,2026-08-10,3
6424,7870,1,1,2026-08-10,3
6425,15002,1,1,2026-08-10,4
6426,5126,1,1,2026-08-10,3
6427,38561,1,1,2026-08-10,3
6428,21329,1,1,2026-08-10,3
6429,21785,1,1,2026-08-10,1
6430,28192,1,1,2026-08-10,3
6431,35712,1,1,2026-08-10,3
6432,43999,1,1,2026-08-10,3
6433,42631,1,1,2026-08-10,3
6434,26373,1,1,2026-08-10,3
6435,10335,1,1,2026-08-10,3
6436,7175,1,1,2026-08-10,3
6437,37197,1,1,2026-08-10,3
6438,1282,1,1,2026-08-10,3
6439,49358,1,1,2026-08-10,3
6440,41967,1,1,2026-08-10,3
6441,49845,1,1,2026-08-10,3
6442,5173,1,1,2026-08-10,3
6443,21497,1,1,2026-08-10,1
6444,26898,1,1,2026-08-10,3
6445,13014,1,1,2026-08-10,3
6446,32483,1,1,2026-08-10,3
6447,1044,1,1,2026-08-10,3
6448,48952,1,1,2026-08-10,3
6449,23717,1,1,2026-08-10,3
6450,41575,1,1,2026-08-10,1
6451,41131,1,1,2026-08-10,1
6452,35510,1,1,2026-08-10,3
6453,26329,1,1,2026-08-10,3
6454,47191,1,1,2026-08-10,3
6455,32126,1,1,2026-08-10,3
6456,32091,1,1,2026-08-10,3
6457,25980,1,1,2026-08-10,3
6458,44218,1,1,2026-08-10,3
6459,12722,1,1,2026-08-10,3
6460,42420,1,1,2026-08-10,3
6461,31426,1,1,2026-08-10,3
6462,167,1,1,2026-08-10,3
6463,30595,1,1,2026-08-10,3
6464,5709,1,1,2026-08-10,3
6465,39366,1,1,2026-08-10,3
6466,8200,1,1,2026-08-10,4
6467,38486,1,1,2026-08-10,3
6468,31768,1,1,2026-08-10,3
6469,28320,1,1,2026-08-10,3
6470,13644,1,1,2026-08-10,3
6471,22743,1,1,2026-08-10,3
6472,8728,1,1,2026-08-10,1
6473,19029,1,1,2026-08-10,3
6474,33784,1,1,2026-08-10,3
6475,30699,1,1,2026-08-10,3
6476,47455,1,1,2026-08-10,3
6477,6867,1,1,2026-08-10,3
6478,31915,1,1,2026-08-10,3
6479,20248,1,1,2026-08-10,3
6480,40354,1,1,2026-08-10,3
6481,43948,1,1,2026-08-10,3
6482,24869,1,1,2026-08-10,4
6483,10862,1,1,2026-08-10,3
6484,28803,1,1,2026-08-10,3
6485,30356,1,1,2026-08-10,3
6486,36921,1,1,2026-08-10,4
6487,17517,1,1,2026-08-10,3
6488,40202,1,1,2026-08-10,3
6489,1987,1,1,2026-08-10,3
6490,28349,1,1,2026-08-10,3
6491,3459,1,1,2026-08-10,3
6492,21053,1,1,2026-08-10,3
6493,48737,1,1,2026-08-10,3
6494,47138,1,1,2026-08-10,3
6495,25636,1,1,2026-08-10,3
6496,8642,1,1,2026-08-10,1
6497,49979,1,1,2026-08-10,3
6498,5972,1,1,2026-08-10,3
6499,34352,1,1,2026-08-10,3
6500,12066,1,1,2026-08-10,3
6501,2946,1,1,2026-08-10,3
6502,12014,1,1,2026-08-10,4
6503,20737,1,1,2026-08-10,3
6504,37046,1,1,2026-08-10,3
6505,11805,1,1,2026-08-10,3
6506,5779,1,1,2026-08-10,3
6507,21677,1,1,2026-08-10,3
6508,37465,1,1,2026-08-10,3
6509,21592,1,1,2026-08-10,3
6510,41872,1,1,2026-08-10,3
6511,20170,1,1,2026-08-10,3
6512,6518,1,1,2026-08-10,3
6513,47632,1,1,2026-08-10,3
6514,1509,1,1,2026-08-10,3
6515,44728,1,1,2026-08-10,3
6516,24650,1,1,2026-08-10,3
6517,4477,1,1,2026-08-10,3
6518,19451,1,1,2026-08-10,1
6519,7268,1,1,2026-08-10,1
6520,44634,1,1,2026-08-10,3
6521,26268,1,1,2026-08-10,3
6522,15530,1,1,2026-08-10,3
6523,13021,1,1,2026-08-10,3
6524,22265,1,1,2026-08-10,3
6525,4261,1,1,2026-08-10,3
6526,33328,1,1,2026-08-10,1
6527,46667,1,1,2026-08-10,3
6528,11391,1,1,2026-08-10,3
6529,32107,1,1,2026-08-10,3
6530,2893,1,1,2026-08-10,3
6531,39486,1,1,2026-08-10,3
6532,15984,1,1,2026-08-10,3
6533,37522,1,1,2026-08-10,3
6534,35782,1,1,2026-08-10,3
6535,40834,1,1,2026-08-10,3
6536,33423,1,1,2026-08-10,3
6537,3617,1,1,2026-08-10,3
6538,23202,1,1,2026-08-10,4
6539,13361,1,1,2026-08-10,3
6540,512,1,1,2026-08-10,3
6541,23590,1,1,2026-08-10,3
6542,48881,1,1,2026-08-10,3
6543,42022,1,1,2026-08-10,3
6544,13060,1,1,2026-08-10,3
6545,3602,1,1,2026-08-10,3
6546,9382,1,1,2026-08-10,3
6547,37702,1,1,2026-08-10,3
6548,45037,1,1,2026-08-10,3
6549,33378,1,1,2026-08-10,3
6550,10342,1,1,2026-08-10,3
6551,34831,1,1,2026-08-10,3
6552,27514,1,1,2026-08-10,1
6553,24971,1,1,2026-08-10,3
6554,10471,1,1,2026-08-10,1
6555,47491,1,1,2026-08-10,3
6556,12309,1,1,2026-08-10,3
6557,9593,1,1,2026-08-10,3
6558,43941,1,1,2026-08-10,3
6559,22482,1,1,2026-08-10,6
6560,20900,1,1,2026-08-10,3
6561,44287,1,1,2026-08-10,3
6562,14849,1,1,2026-08-10,3
6563,42269,1,1,2026-08-10,3
6564,7327,1,1,2026-08-10,4
6565,32153,1,1,2026-08-10,3
6566,37537,1,1,2026-08-10,3
6567,24548,1,1,2026-08-10,1
6568,24825,1,1,2026-08-10,3
6569,46304,1,1,2026-08-10,3
6570,31602,1,1,2026-08-10,3
6571,46908,1,1,2026-08-10,3
6572,43627,1,1,2026-08-10,3
6573,21579,1,1,2026-08-10,3
6574,8587,1,1,2026-08-10,3
6575,16366,1,1,2026-08-10,3
6576,7493,1,1,2026-08-10,4
6577,45348,1,1,2026-08-10,3
6578,33901,1,1,2026-08-10,3
6579,24182,1,1,2026-08-10,1
6580,19791,1,1,2026-08-10,3
6581,43982,1,1,2026-08-10,3
6582,21061,1,1,2026-08-10,3
6583,49753,1,1,2026-08-10,3
6584,27792,1,1,2026-08-10,3
6585,49959,1,1,2026-08-10,3
6586,19355,1,1,2026-08-10,3
6587,25365,1,1,2026-08-10,3
6588,24929,1,1,2026-08-10,3
6589,21375,1,1,2026-08-10,3
6590,47677,1,1,2026-08-10,3
6591,28582,1,1,2026-08-10,3
6592,45626,1,1,2026-08-10,3
6593,27262,1,1,2026-08-10,4
6594,18858,1,1,2026-08-10,3
6595,15108,1,1,2026-08-10,3
6596,15027,1,1,2026-08-10,4
6597,36575,1,1,2026-08-10,3
6598,48100,1,1,2026-08-10,3
6599,24195,1,1,2026-08-10,3
6600,47805,1,1,2026-08-10,3
6601,22806,1,1,2026-08-10,3
6602,4624,1,1,2026-08-10,1
6603,21310,1,1,2026-08-10,3
6604,47173,1,1,2026-08-10,3
6605,22671,1,1,2026-08-10,3
6606,39322,1,1,2026-08-10,3
6607,20000,1,1,2026-08-10,3
6608,42630,1,1,2026-08-10,3
6609,18022,1,1,2026-08-10,3
6610,43940,1,1,2026-08-10,3
6611,33379,1,1,2026-08-10,1
6612,37319,1,1,2026-08-10,3
6613,49837,1,1,2026-08-10,1
6614,31058,1,1,2026-08-10,3
6615,24608,1,1,2026-08-10,3
6616,47616,1,1,2026-08-10,3
6617,7853,1,1,2026-08-10,3
6618,1090,1,1,2026-08-10,3
6619,11824,1,1,2026-08-10,3
6620,23094,1,1,2026-08-10,1
6621,19249,1,1,2026-08-10,3
6622,11677,1,1,2026-08-10,3
6623,40347,1,1,2026-08-10,3
6624,46051,1,1,2026-08-10,3
6625,17902,1,1,2026-08-10,3
6626,33649,1,1,2026-08-10,3
6627,32939,1,1,2026-08-10,3
6628,47970,1,1,2026-08-10,3
6629,21388,1,1,2026-08-10,3
6630,32456,1,1,2026-08-10,3
6631,19731,1,1,2026-08-10,3
6632,45936,1,1,2026-08-10,3
6633,2307,1,1,2026-08-10,3
6634,13907,1,1,2026-08-10,3
6635,30074,1,1,2026-08-10,3
6636,30068,1,1,2026-08-10,3
6637,30645,1,1,2026-08-10,3
6638,35007,1,1,2026-08-10,4
6639,43228,1,1,2026-08-10,3
6640,37641,1,1,2026-08-10,4
6641,11928,1,1,2026-08-10,3
6642,25701,1,1,2026-08-10,3
6643,17708,1,1,2026-08-10,3
6644,44014,1,1,2026-08-10,1
6645,34061,1,1,2026-08-10,3
6646,12845,1,1,2026-08-10,3
6647,9939,1,1,2026-08-10,3
6648,14152,1,1,2026-08-10,3
6649,5577,1,1,2026-08-10,3
6650,33881,1,1,2026-08-10,3
6651,33495,1,1,2026-08-10,3
6652,28009,1,1,2026-08-10,3
6653,21474,1,1,2026-08-10,3
6654,48984,1,1,2026-08-10,3
6655,1553,1,1,2026-08-10,3
6656,18689,1,1,2026-08-10,3
6657,40755,1,1,2026-08-10,3
6658,19002,1,1,2026-08-10,3
6659,2325,1,1,2026-08-10,3
6660,36923,1,1,2026-08-10,3
6661,22890,1,1,2026-08-10,3
6662,1968,1,1,2026-08-10,1
6663,27410,1,1,2026-08-10,3
6664,24028,1,1,2026-08-10,3
6665,24190,1,1,2026-08-10,3
6666,8190,1,1,2026-08-10,3
6667,27752,1,1,2026-08-10,3
6668,3954,1,1,2026-08-10,4
6669,6671,1,1,2026-08-10,4
6670,8188,1,1,2026-08-10,3
6671,37292,1,1,2026-08-10,3
6672,33024,1,1,2026-08-10,3
6673,7631,1,1,2026-08-10,3
6674,48844,1,1,2026-08-10,4
6675,39407,1,1,2026-08-10,3
6676,42634,1,1,2026-08-10,3
6677,21576,1,1,2026-08-10,3
6678,7139,1,1,2026-08-10,3
6679,35710,1,1,2026-08-10,1
6680,11574,1,1,2026-08-10,3
6681,15252,1,1,2026-08-10,3
6682,28087,1,1,2026-08-10,3
6683,25689,1,1,2026-08-10,3
6684,44811,1,1,2026-08-10,4
6685,23647,1,1,2026-08-10,3
6686,37570,1,1,2026-08-10,3
6687,30794,1,1,2026-08-10,3
6688,23036,1,1,2026-08-10,1
6689,26992,1,1,2026-08-10,3
6690,43706,1,1,2026-08-10,3
6691,43341,1,1,2026-08-10,3
6692,26044,1,1,2026-08-10,3
6693,43262,1,1,2026-08-10,4
6694,25817,1,1,2026-08-10,3
6695,10743,1,1,2026-08-10,4
6696,11227,1,1,2026-08-10,3
6697,3392,1,1,2026-08-10,3
6698,47409,1,1,2026-08-10,3
6699,42731,1,1,2026-08-10,3
6700,1462,1,1,2026-08-10,3
6701,21325,1,1,2026-08-10,3
6702,22050,1,1,2026-08-10,4
6703,45026,1,1,2026-08-10,3
6704,9009,1,1,2026-08-10,3
6705,10278,1,1,2026-08-10,3
6706,2645,1,1,2026-08-10,3
6707,44029,1,1,2026-08-10,3
6708,37034,1,1,2026-08-10,3
6709,532,1,1,2026-08-10,3
6710,29844,1,1,2026-08-10,3
6711,29632,1,1,2026-08-10,3
6712,26130,1,1,2026-08-10,4
6713,3363,1,1,2026-08-10,1
6714,4454,1,1,2026-08-10,4
6715,792,1,1,2026-08-10,3
6716,9711,1,1,2026-08-10,3
6717,31329,1,1,2026-08-10,4
6718,44831,1,1,2026-08-10,1
6719,13346,1,1,2026-08-10,3
6720,30597,1,1,2026-08-10,3
6721,12031,1,1,2026-08-10,3
6722,1184,1,1,2026-08-10,3
6723,8854,1,1,2026-08-10,3
6724,38261,1,1,2026-08-10,3
6725,8959,1,1,2026-08-10,3
6726,27455,1,1,2026-08-10,3
6727,18267,1,1,2026-08-10,3
6728,25331,1,1,2026-08-10,3
6729,31333,1,1,2026-08-10,3
6730,40941,1,1,2026-08-10,3
6731,48767,1,1,2026-08-10,3
6732,39824,1,1,2026-08-10,3
6733,16710,1,1,2026-08-10,3
6734,1532,1,1,2026-08-10,3
6735,21664,1,1,2026-08-10,3
6736,3636,1,1,2026-08-10,3
6737,16871,1,1,2026-08-10,1
6738,5023,1,1,2026-08-10,3
6739,40383,1,1,2026-08-10,3
6740,1917,1,1,2026-08-10,3
6741,30897,1,1,2026-08-10,3
6742,45397,1,1,2026-08-10,3
6743,27370,1,1,2026-08-10,3
6744,45221,1,1,2026-08-10,3
6745,45824,1,1,2026-08-10,3
6746,36455,1,1,2026-08-10,4
6747,28773,1,1,2026-08-10,1
6748,47794,1,1,2026-08-10,3
6749,42520,1,1,2026-08-10,3
6750,48934,1,1,2026-08-10,1
6751,5445,1,1,2026-08-10,1
6752,4305,1,1,2026-08-10,3
6753,170,1,1,2026-08-10,3
6754,37429,1,1,2026-08-10,3
6755,1877,1,1,2026-08-10,3
6756,46268,1,1,2026-08-10,4
6757,37164,1,1,2026-08-10,3
6758,47913,1,1,2026-08-10,3
6759,3619,1,1,2026-08-10,3
6760,15636,1,1,2026-08-10,1
6761,9610,1,1,2026-08-10,3
6762,45812,1,1,2026-08-10,3
6763,28978,1,1,2026-08-10,3
6764,23800,1,1,2026-08-10,3
6765,41808,1,1,2026-08-10,3
6766,1880,1,1,2026-08-10,3
6767,40113,1,1,2026-08-10,3
6768,18186,1,1,2026-08-10,4
6769,46702,1,1,2026-08-10,3
6770,45830,1,1,2026-08-10,3
6771,2493,1,1,2026-08-10,3
6772,8767,1,1,2026-08-10,3
6773,41452,1,1,2026-08-10,3
6774,24275,1,1,2026-08-10,3
6775,12730,1,1,2026-08-10,3
6776,37848,1,1,2026-08-10,3
6777,655,1,1,2026-08-10,3
6778,30815,1,1,2026-08-10,3
6779,19848,1,1,2026-08-10,3
6780,33869,1,1,2026-08-10,3
6781,7130,1,1,2026-08-10,3
6782,31114,1,1,2026-08-10,3
6783,29585,1,1,2026-08-10,3
6784,20699,1,1,2026-08-10,3
6785,23229,1,1,2026-08-10,3
6786,37126,1,1,2026-08-10,3
6787,32317,1,1,2026-08-10,3
6788,33176,1,1,2026-08-10,3
6789,28010,1,1,2026-08-10,1
6790,16213,1,1,2026-08-10,3
6791,44517,1,1,2026-08-10,3
6792,19695,1,1,2026-08-10,1
6793,7155,1,1,2026-08-10,1
6794,21661,1,1,2026-08-10,3
6795,15293,1,1,2026-08-10,3
6796,27894,1,1,2026-08-10,3
6797,17654,1,1,2026-08-10,6
6798,29771,1,1,2026-08-10,3
6799,6660,1,1,2026-08-10,3
6800,46231,1,1,2026-08-10,3
6801,20619,1,1,2026-08-10,3
6802,17019,1,1,2026-08-10,1
6803,13098,1,1,2026-08-10,3
6804,14131,1,1,2026-08-10,3
6805,42145,1,1,2026-08-10,3
6806,17670,3,1,2026-08-10,2
6807,37227,3,1,2026-08-10,3
6808,7245,3,1,2026-08-10,3
6809,37579,3,1,2026-08-10,3
6810,24377,3,1,2026-08-10,1
6811,31800,3,1,2026-08-10,3
6812,40750,3,1,2026-08-10,2
6813,15031,3,1,2026-08-10,1
6814,1992,3,1,2026-08-10,3
6815,8107,3,1,2026-08-10,2
6816,12527,3,1,2026-08-10,3
6817,43402,3,1,2026-08-10,2
6818,27552,3,1,2026-08-10,3
6819,46967,3,1,2026-08-10,2
6820,21369,3,1,2026-08-10,3
6821,4385,3,1,2026-08-10,2
6822,44396,3,1,2026-08-10,3
6823,31378,3,1,2026-08-10,3
6824,4692,3,1,2026-08-10,3
6825,47180,3,1,2026-08-10,1
6826,6473,3,1,2026-08-10,4
6827,21083,3,1,2026-08-10,3
6828,2589,3,1,2026-08-10,2
6829,20413,3,1,2026-08-10,3
6830,49675,3,1,2026-08-10,3
6831,49538,3,1,2026-08-10,3
6832,13353,3,1,2026-08-10,3
6833,31224,3,1,2026-08-10,2
6834,42538,3,1,2026-08-10,2
6835,36537,3,1,2026-08-10,3
6836,38709,3,1,2026-08-10,3
6837,38121,3,1,2026-08-10,3
6838,27443,3,1,2026-08-10,2
6839,49086,3,1,2026-08-10,2
6840,46415,3,1,2026-08-10,4
6841,44403,3,1,2026-08-10,4
6842,4367,3,1,2026-08-10,3
6843,2007,3,1,2026-08-10,2
6844,49509,3,1,2026-08-10,4
6845,38687,3,1,2026-08-10,1
6846,19131,3,1,2026-08-10,1
6847,44832,3,1,2026-08-10,3
6848,5079,3,1,2026-08-10,2
6849,32222,3,1,2026-08-10,3
6850,25673,3,1,2026-08-10,3
6851,37561,3,1,2026-08-10,3
6852,29138,3,1,2026-08-10,3
6853,34985,3,1,2026-08-10,2
6854,43465,3,1,2026-08-10,3
6855,5814,3,1,2026-08-10,3
6856,46379,3,1,2026-08-10,3
6857,12365,3,1,2026-08-10,3
6858,20957,3,1,2026-08-10,3
6859,43742,3,1,2026-08-10,4
6860,16454,3,1,2026-08-10,3
6861,3457,3,1,2026-08-10,2
6862,37217,3,1,2026-08-10,3
6863,37456,3,1,2026-08-10,2
6864,45923,3,1,2026-08-10,1
6865,26606,3,1,2026-08-10,3
6866,37366,3,1,2026-08-10,3
6867,41440,3,1,2026-08-10,2
6868,44812,3,1,2026-08-10,2
6869,48030,3,1,2026-08-10,3
6870,31074,3,1,2026-08-10,3
6871,14632,3,1,2026-08-10,3
6872,14061,3,1,2026-08-10,2
6873,22981,3,1,2026-08-10,2
6874,11186,3,1,2026-08-10,3
6875,38750,3,1,2026-08-10,3
6876,6470,3,1,2026-08-10,2
6877,14392,3,1,2026-08-10,3
6878,13854,3,1,2026-08-10,4
6879,47,3,1,2026-08-10,4
6880,6597,3,1,2026-08-10,3
6881,29245,3,1,2026-08-10,3
6882,18508,3,1,2026-08-10,3
6883,22649,3,1,2026-08-10,3
6884,35397,3,1,2026-08-10,5
6885,28715,3,1,2026-08-10,2
6886,42713,3,1,2026-08-10,3
6887,149,3,1,2026-08-10,1
6888,41405,3,1,2026-08-10,3
6889,24124,3,1,2026-08-10,1
6890,41730,3,1,2026-08-10,1
6891,14960,3,1,2026-08-10,4
6892,10098,3,1,2026-08-10,1
6893,35872,3,1,2026-08-10,3
6894,47650,3,1,2026-08-10,3
6895,34691,3,1,2026-08-10,3
6896,49468,3,1,2026-08-10,2
6897,24228,3,1,2026-08-10,3
6898,47772,3,1,2026-08-10,2
6899,48662,3,1,2026-08-10,3
6900,12358,3,1,2026-08-10,2
6901,10965,3,1,2026-08-10,4
6902,3093,3,1,2026-08-10,2
6903,14927,3,1,2026-08-10,3
6904,24680,3,1,2026-08-10,3
6905,4370,3,1,2026-08-10,4
6906,3178,3,1,2026-08-10,2
6907,18039,3,1,2026-08-10,3
6908,22371,3,1,2026-08-10,3
6909,894,3,1,2026-08-10,2
6910,15611,3,1,2026-08-10,3
6911,11359,3,1,2026-08-10,4
6912,49015,3,1,2026-08-10,3
6913,12471,3,1,2026-08-10,3
6914,38798,3,1,2026-08-10,1
6915,36649,3,1,2026-08-10,3
6916,5793,3,1,2026-08-10,1
6917,15391,3,1,2026-08-10,5
6918,18009,3,1,2026-08-10,3
6919,47241,3,1,2026-08-10,3
6920,47197,3,1,2026-08-10,3
6921,29387,3,1,2026-08-10,2
6922,13354,3,1,2026-08-10,2
6923,12756,3,1,2026-08-10,4
6924,41411,3,1,2026-08-10,3
6925,48763,3,1,2026-08-10,1
6926,11767,3,1,2026-08-10,3
6927,38688,3,1,2026-08-10,3
6928,6452,3,1,2026-08-10,3
6929,42364,3,1,2026-08-10,3
6930,46398,3,1,2026-08-10,1
6931,32517,3,1,2026-08-10,1
6932,17496,3,1,2026-08-10,4
6933,17727,3,1,2026-08-10,3
6934,20897,3,1,2026-08-10,4
6935,6221,3,1,2026-08-10,1
6936,41304,3,1,2026-08-10,3
6937,39464,3,1,2026-08-10,2
6938,23272,3,1,2026-08-10,2
6939,49143,3,1,2026-08-10,3
6940,30258,3,1,2026-08-10,3
6941,16229,3,1,2026-08-10,1
6942,41836,3,1,2026-08-10,1
6943,42936,3,1,2026-08-10,3
6944,26513,3,1,2026-08-10,2
6945,15260,3,1,2026-08-10,2
6946,21128,3,1,2026-08-10,2
6947,18546,3,1,2026-08-10,3
6948,13028,3,1,2026-08-10,1
6949,34533,3,1,2026-08-10,3
6950,29442,3,1,2026-08-10,1
6951,19000,3,1,2026-08-10,3
6952,35059,3,1,2026-08-10,2
6953,13754,3,1,2026-08-10,3
6954,36775,3,1,2026-08-10,4
6955,8599,3,1,2026-08-10,3
6956,28406,3,1,2026-08-10,2
6957,41694,3,1,2026-08-10,1
6958,3612,3,1,2026-08-10,2
6959,47831,3,1,2026-08-10,1
6960,38619,3,1,2026-08-10,3
6961,14654,3,1,2026-08-10,1
6962,29691,3,1,2026-08-10,3
6963,13972,3,1,2026-08-10,3
6964,34428,3,1,2026-08-10,1
6965,14925,3,1,2026-08-10,3
6966,1956,3,1,2026-08-10,1
6967,30201,3,1,2026-08-10,1
6968,49523,3,1,2026-08-10,2
6969,42655,3,1,2026-08-10,3
6970,41089,3,1,2026-08-10,1
6971,21094,3,1,2026-08-10,2
6972,8808,3,1,2026-08-10,2
6973,46460,3,1,2026-08-10,3
6974,49278,3,1,2026-08-10,1
6975,48142,3,1,2026-08-10,2
6976,18079,3,1,2026-08-10,1
6977,19411,3,1,2026-08-10,3
6978,4029,3,1,2026-08-10,2
6979,34094,3,1,2026-08-10,3
6980,9424,3,1,2026-08-10,3
6981,23145,3,1,2026-08-10,2
6982,3448,3,1,2026-08-10,3
6983,38717,3,1,2026-08-10,3
6984,25140,3,1,2026-08-10,2
6985,14907,3,1,2026-08-10,2
6986,34262,3,1,2026-08-10,2
6987,37189,3,1,2026-08-10,2
6988,38896,3,1,2026-08-10,2
6989,2527,3,1,2026-08-10,3
6990,43,3,1,2026-08-10,1
6991,30536,3,1,2026-08-10,2
6992,29717,3,1,2026-08-10,3
6993,11271,3,1,2026-08-10,3
6994,24029,3,1,2026-08-10,3
6995,17296,3,1,2026-08-10,4
6996,25088,3,1,2026-08-10,2
6997,13188,3,1,2026-08-10,3
6998,42083,3,1,2026-08-10,3
6999,31792,3,1,2026-08-10,3
7000,27737,3,1,2026-08-10,2
7001,13314,3,1,2026-08-10,3
7002,35426,3,1,2026-08-10,2
7003,13646,3,1,2026-08-10,3
7004,24788,3,1,2026-08-10,1
7005,4146,3,1,2026-08-10,1
7006,41850,3,1,2026-08-10,1
7007,2879,3,1,2026-08-10,3
7008,17550,3,1,2026-08-10,2
7009,35914,3,1,2026-08-10,3
7010,17632,3,1,2026-08-10,1
7011,1654,3,1,2026-08-10,2
7012,33163,3,1,2026-08-10,2
7013,29582,3,1,2026-08-10,3
7014,7964,3,1,2026-08-10,3
7015,10334,3,1,2026-08-10,1
7016,13292,3,1,2026-08-10,2
7017,5002,3,1,2026-08-10,3
7018,44908,3,1,2026-08-10,3
7019,32657,3,1,2026-08-10,1
7020,18447,3,1,2026-08-10,3
7021,1268,3,1,2026-08-10,5
7022,2518,3,1,2026-08-10,4
7023,42100,3,1,2026-08-10,3
7024,7467,3,1,2026-08-10,3
7025,36820,3,1,2026-08-10,3
7026,22285,3,1,2026-08-10,2
7027,9285,3,1,2026-08-10,3
7028,15109,3,1,2026-08-10,1
7029,34185,3,1,2026-08-10,5
7030,36401,3,1,2026-08-10,3
7031,6564,3,1,2026-08-10,3
7032,39537,3,1,2026-08-10,2
7033,36016,3,1,2026-08-10,3
7034,43889,3,1,2026-08-10,3
7035,10479,3,1,2026-08-10,2
7036,18709,3,1,2026-08-10,3
7037,2969,3,1,2026-08-10,3
7038,45442,3,1,2026-08-10,2
7039,33129,3,1,2026-08-10,3
7040,6713,3,1,2026-08-10,3
7041,15660,3,1,2026-08-10,3
7042,1789,3,1,2026-08-10,1
7043,31935,3,1,2026-08-10,1
7044,10055,3,1,2026-08-10,4
7045,16933,3,1,2026-08-10,3
7046,31109,3,1,2026-08-10,3
7047,30362,3,1,2026-08-10,2
7048,2838,3,1,2026-08-10,3
7049,38304,3,1,2026-08-10,4
7050,24313,3,1,2026-08-10,1
7051,44337,3,1,2026-08-10,2
7052,38184,3,1,2026-08-10,3
7053,45857,3,1,2026-08-10,1
7054,46518,3,1,2026-08-10,3
7055,41838,3,1,2026-08-10,1
7056,33836,3,1,2026-08-10,2
7057,36185,3,1,2026-08-10,1
7058,36275,3,1,2026-08-10,3
7059,45222,3,1,2026-08-10,2
7060,37214,3,1,2026-08-10,2
7061,27061,3,1,2026-08-10,3
7062,22147,3,1,2026-08-10,3
7063,7607,3,1,2026-08-10,2
7064,7212,3,1,2026-08-10,2
7065,32703,3,1,2026-08-10,1
7066,17000,3,1,2026-08-10,2
7067,29261,3,1,2026-08-10,1
7068,23904,3,1,2026-08-10,3
7069,16949,3,1,2026-08-10,3
7070,25695,3,1,2026-08-10,1
7071,47639,3,1,2026-08-10,4
7072,48766,3,1,2026-08-10,1
7073,13248,3,1,2026-08-10,3
7074,38100,3,1,2026-08-10,1
7075,46982,3,1,2026-08-10,3
7076,43622,3,1,2026-08-10,1
7077,45392,3,1,2026-08-10,1
7078,46417,3,1,2026-08-10,3
7079,41797,3,1,2026-08-10,3
7080,26552,3,1,2026-08-10,3
7081,13531,3,1,2026-08-10,3
7082,33396,3,1,2026-08-10,1
7083,23244,3,1,2026-08-10,3
7084,23844,3,1,2026-08-10,3
7085,22368,3,1,2026-08-10,3
7086,39563,3,1,2026-08-10,2
7087,31370,3,1,2026-08-10,3
7088,20608,3,1,2026-08-10,2
7089,5313,3,1,2026-08-10,2
7090,13677,3,1,2026-08-10,2
7091,48226,3,1,2026-08-10,3
7092,1456,3,1,2026-08-10,3
7093,34215,3,1,2026-08-10,3
7094,33028,3,1,2026-08-10,2
7095,13970,3,1,2026-08-10,2
7096,14432,3,1,2026-08-10,2
7097,27847,3,1,2026-08-10,1
7098,20984,3,1,2026-08-10,2
7099,49785,3,1,2026-08-10,1
7100,3878,3,1,2026-08-10,1
7101,11669,3,1,2026-08-10,3
7102,27031,3,1,2026-08-10,1
7103,26306,3,1,2026-08-10,3
7104,25237,3,1,2026-08-10,5
7105,12229,3,1,2026-08-10,4
7106,7286,3,1,2026-08-10,3
7107,5953,3,1,2026-08-10,3
7108,40910,3,1,2026-08-10,3
7109,27095,3,1,2026-08-10,3
7110,45513,3,1,2026-08-10,4
7111,9402,3,1,2026-08-10,3
7112,13355,3,1,2026-08-10,1
7113,15529,3,1,2026-08-10,1
7114,16865,3,1,2026-08-10,2
7115,22375,3,1,2026-08-10,3
7116,8817,3,1,2026-08-10,4
7117,49333,3,1,2026-08-10,2
7118,25024,3,1,2026-08-10,4
7119,28014,3,2,2026-08-10,3
7120,8675,3,2,2026-08-10,1
7121,15229,3,2,2026-08-10,3
7122,13915,3,2,2026-08-10,2
7123,19136,3,2,2026-08-10,2
7124,12098,3,2,2026-08-10,2
7125,15410,3,2,2026-08-10,3
7126,6691,3,2,2026-08-10,4
7127,2261,3,2,2026-08-10,2
7128,7727,3,2,2026-08-10,4
7129,40165,3,2,2026-08-10,2
7130,16474,3,2,2026-08-10,1
7131,42764,3,2,2026-08-10,3
7132,20777,3,2,2026-08-10,3
7133,9215,3,2,2026-08-10,3
7134,47266,3,2,2026-08-10,2
7135,2654,3,2,2026-08-10,1
7136,6127,3,2,2026-08-10,2
7137,29756,3,2,2026-08-10,1
7138,48749,3,2,2026-08-10,3
7139,49102,3,2,2026-08-10,3
7140,45989,3,2,2026-08-10,2
7141,20912,3,2,2026-08-10,1
7142,28544,3,2,2026-08-10,3
7143,48719,3,2,2026-08-10,3
7144,18446,3,2,2026-08-10,2
7145,14085,3,2,2026-08-10,3
7146,40923,3,2,2026-08-10,3
7147,23384,3,2,2026-08-10,2
7148,45282,3,2,2026-08-10,1
7149,35172,3,2,2026-08-10,2
7150,3542,3,2,2026-08-10,1
7151,27024,3,2,2026-08-10,4
7152,34921,3,2,2026-08-10,3
7153,45647,3,2,2026-08-10,1
7154,28106,3,2,2026-08-10,1
7155,20933,3,2,2026-08-10,3
7156,18407,3,2,2026-08-10,3
7157,39887,3,2,2026-08-10,1
7158,46356,3,2,2026-08-10,3
7159,11638,3,2,2026-08-10,3
7160,10187,3,2,2026-08-10,3
7161,3384,3,2,2026-08-10,3
7162,3631,3,2,2026-08-10,3
7163,14584,3,2,2026-08-10,3
7164,9492,3,2,2026-08-10,1
7165,32936,3,2,2026-08-10,1
7166,46521,3,2,2026-08-10,4
7167,21187,3,2,2026-08-10,3
7168,21337,3,2,2026-08-10,3
7169,453,3,2,2026-08-10,1
7170,37167,3,2,2026-08-10,3
7171,19782,3,2,2026-08-10,3
7172,35310,3,2,2026-08-10,1
7173,29800,3,2,2026-08-10,3
7174,38314,3,2,2026-08-10,4
7175,33872,3,2,2026-08-10,1
7176,7333,3,2,2026-08-10,3
7177,17650,3,2,2026-08-10,1
7178,34602,3,2,2026-08-10,2
7179,27260,3,2,2026-08-10,1
7180,25822,3,2,2026-08-10,2
7181,28875,3,2,2026-08-10,3
7182,5127,2,1,2026-08-10,4
7183,14214,2,1,2026-08-10,3
7184,2778,2,1,2026-08-10,3
7185,4695,2,1,2026-08-10,3
7186,14954,2,1,2026-08-10,4
7187,27878,2,1,2026-08-10,3
7188,19384,2,1,2026-08-10,3
7189,45435,2,1,2026-08-10,1
7190,21503,2,1,2026-08-10,1
7191,31208,2,1,2026-08-10,4
7192,27364,2,1,2026-08-10,1
7193,37206,2,1,2026-08-10,4
7194,49120,2,1,2026-08-10,4
7195,30353,2,1,2026-08-10,2
7196,7249,2,1,2026-08-10,4
7197,10456,2,1,2026-08-10,3
7198,43548,2,1,2026-08-10,3
7199,36742,2,1,2026-08-10,3
7200,40685,2,1,2026-08-10,3
7201,22175,2,1,2026-08-10,3
7202,14362,2,1,2026-08-10,4
7203,12336,2,1,2026-08-10,4
7204,32233,2,1,2026-08-10,4
7205,12326,2,1,2026-08-10,1
7206,49201,2,1,2026-08-10,3
7207,25482,2,1,2026-08-10,3
7208,1487,2,1,2026-08-10,3
7209,31985,2,1,2026-08-10,3
7210,5342,2,1,2026-08-10,3
7211,39,2,1,2026-08-10,3
7212,36501,2,1,2026-08-10,4
7213,43900,2,1,2026-08-10,3
7214,27293,2,1,2026-08-10,2
7215,18877,2,1,2026-08-10,3
7216,4256,2,1,2026-08-10,3
7217,8054,2,1,2026-08-10,4
7218,11812,2,1,2026-08-10,3
7219,30783,2,1,2026-08-10,4
7220,38243,2,1,2026-08-10,3
7221,68,2,1,2026-08-10,3
7222,6175,2,1,2026-08-10,3
7223,30743,2,1,2026-08-10,3
7224,13117,2,1,2026-08-10,4
7225,21561,2,1,2026-08-10,5
7226,28208,2,1,2026-08-10,3
7227,5560,2,1,2026-08-10,1
7228,37005,2,1,2026-08-10,3
7229,26798,2,1,2026-08-10,3
7230,3081,2,1,2026-08-10,4
7231,18724,2,1,2026-08-10,3
7232,38356,2,1,2026-08-10,3
7233,482,2,1,2026-08-10,3
7234,2311,2,1,2026-08-10,3
7235,12306,2,1,2026-08-10,3
7236,19467,2,1,2026-08-10,1
7237,20818,2,1,2026-08-10,4
7238,41132,2,1,2026-08-10,2
7239,13200,2,1,2026-08-10,3
7240,7162,2,1,2026-08-10,4
7241,24524,2,1,2026-08-10,4
7242,42940,2,1,2026-08-10,3
7243,11598,2,1,2026-08-10,3
7244,22526,2,1,2026-08-10,3
7245,29163,2,1,2026-08-10,3
7246,38223,2,1,2026-08-10,1
7247,19891,2,1,2026-08-10,3
7248,29898,2,1,2026-08-10,4
7249,27885,2,1,2026-08-10,3
7250,47270,2,1,2026-08-10,4
7251,45340,2,1,2026-08-10,1
7252,16165,2,1,2026-08-10,3
7253,26169,2,1,2026-08-10,1
7254,47421,2,1,2026-08-10,5
7255,46318,2,1,2026-08-10,4
7256,15014,2,1,2026-08-10,3
7257,14188,2,1,2026-08-10,3
7258,35748,2,1,2026-08-10,5
7259,460,2,1,2026-08-10,1
7260,13247,2,1,2026-08-10,3
7261,20054,2,1,2026-08-10,3
7262,49465,2,1,2026-08-10,3
7263,2532,2,1,2026-08-10,3
7264,28134,2,1,2026-08-10,3
7265,1262,2,1,2026-08-10,3
7266,31380,2,1,2026-08-10,4
7267,37453,2,1,2026-08-10,3
7268,47537,2,1,2026-08-10,3
7269,18964,2,1,2026-08-10,4
7270,25467,2,1,2026-08-10,3
7271,20757,2,1,2026-08-10,4
7272,31311,2,1,2026-08-10,4
7273,5286,2,1,2026-08-10,4
7274,16258,2,1,2026-08-10,1
7275,9418,2,1,2026-08-10,3
7276,19760,2,1,2026-08-10,4
7277,16881,2,1,2026-08-10,3
7278,34225,2,1,2026-08-10,4
7279,39363,2,1,2026-08-10,3
7280,44933,2,1,2026-08-10,4
7281,40052,2,1,2026-08-10,4
7282,26676,2,1,2026-08-10,4
7283,46413,2,1,2026-08-10,2
7284,33846,2,1,2026-08-10,3
7285,25902,2,1,2026-08-10,3
7286,30966,2,1,2026-08-10,4
7287,49810,2,1,2026-08-10,4
7288,3326,2,1,2026-08-10,3
7289,3520,2,1,2026-08-10,4
7290,28059,2,1,2026-08-10,3
7291,38771,2,1,2026-08-10,2
7292,20015,2,1,2026-08-10,3
7293,48235,2,1,2026-08-10,1
7294,42014,2,1,2026-08-10,4
7295,33306,2,1,2026-08-10,4
7296,36489,2,1,2026-08-10,4
7297,27513,2,1,2026-08-10,2
7298,40724,2,1,2026-08-10,3
7299,37155,2,1,2026-08-10,6
7300,10258,2,1,2026-08-10,4
7301,1367,2,1,2026-08-10,3
7302,5069,2,1,2026-08-10,4
7303,4507,2,1,2026-08-10,4
7304,2757,2,1,2026-08-10,3
7305,9722,2,1,2026-08-10,3
7306,20744,2,1,2026-08-10,4
7307,7632,2,2,2026-08-10,3
7308,17960,2,2,2026-08-10,3
7309,27901,2,2,2026-08-10,3
7310,23743,2,2,2026-08-10,3
7311,26372,2,2,2026-08-10,3
7312,4928,2,2,2026-08-10,4
7313,23985,2,2,2026-08-10,3
7314,6347,2,2,2026-08-10,2
7315,41573,2,2,2026-08-10,1
7316,2083,2,2,2026-08-10,4
7317,5047,2,2,2026-08-10,3
7318,16540,2,2,2026-08-10,3
7319,25413,2,2,2026-08-10,3
7320,31788,2,2,2026-08-10,3
7321,39394,2,2,2026-08-10,3
7322,12434,2,2,2026-08-10,4
7323,32212,2,2,2026-08-10,4
7324,31491,2,2,2026-08-10,1
7325,19251,2,2,2026-08-10,3
7326,36146,2,2,2026-08-10,3
7327,31118,2,2,2026-08-10,4
7328,2977,2,2,2026-08-10,1
7329,21853,2,2,2026-08-10,4
7330,27516,2,2,2026-08-10,4
7331,1369,2,2,2026-08-10,3
7332,39109,2,2,2026-08-10,4
7333,2093,2,2,2026-08-10,3
7334,31963,2,2,2026-08-10,4
7335,2436,2,2,2026-08-10,3
7336,19307,2,2,2026-08-10,4
7337,20846,2,2,2026-08-10,4
7338,23213,2,2,2026-08-10,4
7339,8478,2,2,2026-08-10,3
7340,9189,2,2,2026-08-10,3
7341,31940,2,2,2026-08-10,3
7342,16465,2,2,2026-08-10,4
7343,9765,2,2,2026-08-10,3
7344,35475,2,2,2026-08-10,1
7345,30999,2,2,2026-08-10,4
7346,28961,2,2,2026-08-10,3
7347,46965,2,2,2026-08-10,1
7348,22048,2,2,2026-08-10,4
7349,10588,2,2,2026-08-10,4
7350,34295,2,2,2026-08-10,4
7351,12768,2,2,2026-08-10,1
7352,28098,2,2,2026-08-10,4
7353,5365,2,2,2026-08-10,3
7354,3917,2,2,2026-08-10,4
7355,26939,2,2,2026-08-10,3
7356,32319,2,2,2026-08-10,3
7357,13765,2,4,2026-08-10,3
7358,11607,2,4,2026-08-10,3
7359,44462,2,4,2026-08-10,3
7360,45474,2,4,2026-08-10,3
7361,30732,2,4,2026-08-10,1
7362,8158,2,4,2026-08-10,3
7363,29309,2,4,2026-08-10,3
7364,18865,2,4,2026-08-10,3
7365,48150,2,4,2026-08-10,3
7366,4278,2,4,2026-08-10,4
7367,10874,2,4,2026-08-10,2
7368,14834,2,4,2026-08-10,4
7369,19545,2,4,2026-08-10,1
7370,33456,2,4,2026-08-10,3
7371,11822,2,4,2026-08-10,3
7372,41154,2,4,2026-08-10,3
7373,41702,2,4,2026-08-10,4
7374,29872,2,4,2026-08-10,3
7375,34417,2,4,2026-08-10,4
7376,2591,2,4,2026-08-10,3
7377,7218,2,4,2026-08-10,4
7378,31817,2,4,2026-08-10,3
7379,7051,2,4,2026-08-10,4
7380,14675,2,4,2026-08-10,4
7381,22322,2,4,2026-08-10,4
7382,27850,2,4,2026-08-10,3
7383,22596,2,4,2026-08-10,1
7384,18051,2,4,2026-08-10,3
7385,8658,2,4,2026-08-10,4
7386,38861,2,4,2026-08-10,3
7387,32235,2,4,2026-08-10,3
7388,10930,2,4,2026-08-10,3
7389,7452,2,4,2026-08-10,4
7390,16318,2,4,2026-08-10,4
7391,49022,2,4,2026-08-10,1
7392,12496,2,4,2026-08-10,3
7393,1909,2,4,2026-08-10,4
7394,38702,2,4,2026-08-10,4
7395,22954,2,4,2026-08-10,1
7396,45596,2,4,2026-08-10,2
7397,39884,2,4,2026-08-10,3
7398,37870,2,4,2026-08-10,4
7399,18194,2,4,2026-08-10,4
7400,35385,2,4,2026-08-10,3
7401,46116,2,4,2026-08-10,4
7402,45261,2,4,2026-08-10,4
7403,45110,2,4,2026-08-10,3
7404,42368,2,4,2026-08-10,3
7405,15381,2,4,2026-08-10,3
7406,19275,2,4,2026-08-10,4
7407,14567,2,4,2026-08-10,3
7408,32808,2,4,2026-08-10,3
7409,48329,2,4,2026-08-10,3
7410,12203,2,4,2026-08-10,4
7411,27502,2,4,2026-08-10,3
7412,19837,2,4,2026-08-10,1
7413,26723,2,4,2026-08-10,4
7414,43880,2,4,2026-08-10,3
7415,8015,2,4,2026-08-10,3
7416,46733,2,4,2026-08-10,1
7417,39453,2,4,2026-08-10,2
7418,28681,2,4,2026-08-10,3
7419,8797,2,4,2026-08-10,1
7420,40182,2,4,2026-08-10,4
7421,23661,2,4,2026-08-10,4
7422,3907,2,4,2026-08-10,3
7423,46009,2,4,2026-08-10,3
7424,10448,2,4,2026-08-10,4
7425,34744,2,4,2026-08-10,3
7426,20455,2,4,2026-08-10,3
7427,17597,2,4,2026-08-10,3
7428,31851,2,4,2026-08-10,4
7429,45706,2,4,2026-08-10,4
7430,42173,2,4,2026-08-10,3
7431,22587,2,4,2026-08-10,4
7432,33990,1,1,2026-08-11,3
7433,42841,1,1,2026-08-11,3
7434,5050,1,1,2026-08-11,3
7435,537,1,1,2026-08-11,3
7436,4365,1,1,2026-08-11,3
7437,25579,1,1,2026-08-11,3
7438,25379,1,1,2026-08-11,3
7439,30054,1,1,2026-08-11,3
7440,32119,1,1,2026-08-11,3
7441,47589,1,1,2026-08-11,3
7442,891,1,1,2026-08-11,3
7443,30315,1,1,2026-08-11,3
7444,42124,1,1,2026-08-11,3
7445,29296,1,1,2026-08-11,3
7446,42381,1,1,2026-08-11,3
7447,25507,1,1,2026-08-11,3
7448,10392,1,1,2026-08-11,3
7449,17923,1,1,2026-08-11,3
7450,23283,1,1,2026-08-11,3
7451,30986,1,1,2026-08-11,3
7452,28326,1,1,2026-08-11,1
7453,6020,1,1,2026-08-11,3
7454,9005,1,1,2026-08-11,1
7455,8870,1,1,2026-08-11,1
7456,43479,1,1,2026-08-11,4
7457,18278,1,1,2026-08-11,3
7458,5931,1,1,2026-08-11,3
7459,9653,1,1,2026-08-11,3
7460,32248,1,1,2026-08-11,3
7461,5917,1,1,2026-08-11,3
7462,27966,1,1,2026-08-11,3
7463,13490,1,1,2026-08-11,6
7464,13999,1,1,2026-08-11,3
7465,21174,1,1,2026-08-11,3
7466,10757,1,1,2026-08-11,3
7467,38478,1,1,2026-08-11,3
7468,13716,1,1,2026-08-11,3
7469,13752,1,1,2026-08-11,3
7470,40654,1,1,2026-08-11,3
7471,12287,1,1,2026-08-11,3
7472,6464,1,1,2026-08-11,3
7473,29592,1,1,2026-08-11,3
7474,8256,1,1,2026-08-11,3
7475,44265,1,1,2026-08-11,3
7476,41739,1,1,2026-08-11,3
7477,36005,1,1,2026-08-11,3
7478,48079,1,1,2026-08-11,3
7479,23930,1,1,2026-08-11,1
7480,45560,1,1,2026-08-11,3
7481,6863,1,1,2026-08-11,3
7482,333,1,1,2026-08-11,3
7483,45613,1,1,2026-08-11,3
7484,28142,1,1,2026-08-11,4
7485,20551,1,1,2026-08-11,3
7486,29130,1,1,2026-08-11,3
7487,145,1,1,2026-08-11,3
7488,29080,1,1,2026-08-11,3
7489,12379,1,1,2026-08-11,3
7490,34409,1,1,2026-08-11,3
7491,4848,1,1,2026-08-11,4
7492,29157,1,1,2026-08-11,3
7493,16098,1,1,2026-08-11,3
7494,3352,1,1,2026-08-11,3
7495,3866,1,1,2026-08-11,1
7496,25416,1,1,2026-08-11,3
7497,19824,1,1,2026-08-11,3
7498,35261,1,1,2026-08-11,1
7499,20089,1,1,2026-08-11,1
7500,22735,1,1,2026-08-11,3
7501,43717,1,1,2026-08-11,3
7502,23308,1,1,2026-08-11,3
7503,12916,1,1,2026-08-11,1
7504,11400,1,1,2026-08-11,3
7505,7832,1,1,2026-08-11,3
7506,1261,1,1,2026-08-11,3
7507,41664,1,1,2026-08-11,3
7508,10578,1,1,2026-08-11,3
7509,4987,1,1,2026-08-11,3
7510,31356,1,1,2026-08-11,1
7511,26372,1,1,2026-08-11,4
7512,28711,1,1,2026-08-11,3
7513,30483,1,1,2026-08-11,3
7514,12741,1,1,2026-08-11,1
7515,34983,1,1,2026-08-11,3
7516,3125,1,1,2026-08-11,4
7517,16219,1,1,2026-08-11,3
7518,23372,1,1,2026-08-11,3
7519,6284,1,1,2026-08-11,3
7520,12992,1,1,2026-08-11,1
7521,5973,1,1,2026-08-11,3
7522,17176,1,1,2026-08-11,3
7523,19433,1,1,2026-08-11,3
7524,34014,1,1,2026-08-11,3
7525,37569,1,1,2026-08-11,3
7526,44510,1,1,2026-08-11,3
7527,13701,1,1,2026-08-11,3
7528,35464,1,1,2026-08-11,3
7529,31946,1,1,2026-08-11,3
7530,36,1,1,2026-08-11,3
7531,41214,1,1,2026-08-11,3
7532,27623,1,1,2026-08-11,3
7533,36048,1,1,2026-08-11,1
7534,8520,1,1,2026-08-11,3
7535,21608,1,1,2026-08-11,3
7536,17279,1,1,2026-08-11,3
7537,42447,1,1,2026-08-11,3
7538,18370,1,1,2026-08-11,3
7539,47673,1,1,2026-08-11,3
7540,5114,1,1,2026-08-11,1
7541,48409,1,1,2026-08-11,3
7542,15772,1,1,2026-08-11,3
7543,39817,1,1,2026-08-11,3
7544,21505,1,1,2026-08-11,3
7545,23507,1,1,2026-08-11,3
7546,12620,1,1,2026-08-11,3
7547,2977,1,1,2026-08-11,3
7548,40837,1,1,2026-08-11,3
7549,3542,1,1,2026-08-11,3
7550,23674,1,1,2026-08-11,3
7551,16693,1,1,2026-08-11,3
7552,23354,1,1,2026-08-11,3
7553,27543,1,1,2026-08-11,3
7554,10679,1,1,2026-08-11,3
7555,10848,1,1,2026-08-11,4
7556,37980,1,1,2026-08-11,3
7557,43165,1,1,2026-08-11,3
7558,48478,1,1,2026-08-11,3
7559,14622,1,1,2026-08-11,5
7560,49636,1,1,2026-08-11,3
7561,11298,1,1,2026-08-11,3
7562,12962,1,1,2026-08-11,3
7563,6298,1,1,2026-08-11,4
7564,49233,1,1,2026-08-11,1
7565,44056,1,1,2026-08-11,3
7566,10726,1,1,2026-08-11,4
7567,21946,1,1,2026-08-11,3
7568,41242,1,1,2026-08-11,1
7569,14489,1,1,2026-08-11,3
7570,39107,1,1,2026-08-11,3
7571,37788,1,1,2026-08-11,3
7572,11798,1,1,2026-08-11,3
7573,46411,1,1,2026-08-11,3
7574,24350,1,1,2026-08-11,4
7575,42911,1,1,2026-08-11,3
7576,4491,1,1,2026-08-11,3
7577,11246,1,1,2026-08-11,3
7578,31092,1,1,2026-08-11,3
7579,43943,1,1,2026-08-11,3
7580,45515,1,1,2026-08-11,3
7581,17372,1,1,2026-08-11,3
7582,40141,1,1,2026-08-11,3
7583,39652,1,1,2026-08-11,3
7584,30050,1,1,2026-08-11,3
7585,5583,1,1,2026-08-11,3
7586,22625,1,1,2026-08-11,4
7587,37858,1,1,2026-08-11,3
7588,24208,1,1,2026-08-11,3
7589,33085,1,1,2026-08-11,3
7590,7994,1,1,2026-08-11,3
7591,17254,1,1,2026-08-11,1
7592,25323,1,1,2026-08-11,3
7593,22658,1,1,2026-08-11,3
7594,440,1,1,2026-08-11,3
7595,7231,1,1,2026-08-11,3
7596,25164,1,1,2026-08-11,3
7597,23112,1,1,2026-08-11,3
7598,24294,1,1,2026-08-11,3
7599,26190,1,1,2026-08-11,4
7600,32134,1,1,2026-08-11,4
7601,32683,1,1,2026-08-11,3
7602,29501,1,1,2026-08-11,1
7603,42122,1,1,2026-08-11,3
7604,46124,1,1,2026-08-11,3
7605,8865,1,1,2026-08-11,3
7606,26350,1,1,2026-08-11,3
7607,17899,1,1,2026-08-11,3
7608,43665,1,1,2026-08-11,3
7609,37880,1,1,2026-08-11,3
7610,27338,1,1,2026-08-11,3
7611,12523,1,1,2026-08-11,3
7612,31016,1,1,2026-08-11,3
7613,30842,1,1,2026-08-11,3
7614,11198,1,1,2026-08-11,3
7615,24271,1,1,2026-08-11,3
7616,41195,1,1,2026-08-11,1
7617,5641,1,1,2026-08-11,3
7618,12382,1,1,2026-08-11,3
7619,46558,1,1,2026-08-11,3
7620,26060,1,1,2026-08-11,3
7621,7320,1,1,2026-08-11,3
7622,45664,1,1,2026-08-11,3
7623,35019,1,1,2026-08-11,3
7624,31782,1,1,2026-08-11,3
7625,2835,1,1,2026-08-11,1
7626,36312,1,1,2026-08-11,3
7627,13826,1,1,2026-08-11,3
7628,49551,1,1,2026-08-11,3
7629,20020,1,1,2026-08-11,3
7630,11180,1,1,2026-08-11,3
7631,48463,1,1,2026-08-11,3
7632,25194,1,1,2026-08-11,3
7633,20541,1,1,2026-08-11,3
7634,46475,1,1,2026-08-11,3
7635,32282,1,1,2026-08-11,3
7636,15378,1,1,2026-08-11,3
7637,17189,1,1,2026-08-11,3
7638,26289,1,1,2026-08-11,4
7639,1562,1,1,2026-08-11,3
7640,49271,1,1,2026-08-11,3
7641,25941,1,1,2026-08-11,3
7642,17105,1,1,2026-08-11,3
7643,32087,1,1,2026-08-11,3
7644,11793,1,1,2026-08-11,3
7645,46115,1,1,2026-08-11,3
7646,8542,1,1,2026-08-11,3
7647,34393,1,1,2026-08-11,3
7648,8620,1,1,2026-08-11,3
7649,37797,1,1,2026-08-11,3
7650,40181,1,1,2026-08-11,3
7651,48331,1,1,2026-08-11,3
7652,14921,1,1,2026-08-11,3
7653,45702,1,1,2026-08-11,3
7654,19103,1,1,2026-08-11,3
7655,49326,1,1,2026-08-11,3
7656,38533,1,1,2026-08-11,3
7657,18055,1,1,2026-08-11,3
7658,47471,1,1,2026-08-11,3
7659,26479,1,1,2026-08-11,3
7660,11395,1,1,2026-08-11,3
7661,5080,1,1,2026-08-11,3
7662,14595,1,1,2026-08-11,1
7663,10268,1,1,2026-08-11,3
7664,10837,1,1,2026-08-11,3
7665,22552,1,1,2026-08-11,3
7666,24947,1,1,2026-08-11,3
7667,30082,1,1,2026-08-11,3
7668,35155,1,1,2026-08-11,3
7669,21487,1,1,2026-08-11,3
7670,1800,1,1,2026-08-11,3
7671,49485,1,1,2026-08-11,3
7672,9019,1,1,2026-08-11,3
7673,40617,1,1,2026-08-11,3
7674,34976,1,1,2026-08-11,3
7675,37543,1,1,2026-08-11,3
7676,4924,1,1,2026-08-11,3
7677,7648,1,1,2026-08-11,3
7678,27643,1,1,2026-08-11,3
7679,11748,1,1,2026-08-11,3
7680,18561,1,1,2026-08-11,3
7681,46222,1,1,2026-08-11,3
7682,21363,1,1,2026-08-11,3
7683,28535,1,1,2026-08-11,3
7684,18238,1,1,2026-08-11,3
7685,45115,1,1,2026-08-11,1
7686,4883,1,1,2026-08-11,3
7687,17782,1,1,2026-08-11,3
7688,29334,1,1,2026-08-11,4
7689,26623,1,1,2026-08-11,3
7690,10878,1,1,2026-08-11,5
7691,31882,1,1,2026-08-11,3
7692,15641,1,1,2026-08-11,3
7693,47242,1,1,2026-08-11,3
7694,42060,1,1,2026-08-11,3
7695,21013,1,1,2026-08-11,3
7696,30184,1,1,2026-08-11,3
7697,7167,1,1,2026-08-11,3
7698,8887,1,1,2026-08-11,3
7699,4418,1,1,2026-08-11,1
7700,12486,1,1,2026-08-11,3
7701,45743,1,1,2026-08-11,3
7702,3338,1,1,2026-08-11,3
7703,4949,1,1,2026-08-11,1
7704,32774,1,1,2026-08-11,3
7705,27102,1,1,2026-08-11,3
7706,40717,1,1,2026-08-11,3
7707,22548,1,1,2026-08-11,3
7708,33959,1,1,2026-08-11,3
7709,36984,1,1,2026-08-11,3
7710,17711,1,1,2026-08-11,1
7711,23066,1,1,2026-08-11,3
7712,46433,1,1,2026-08-11,3
7713,38874,1,1,2026-08-11,3
7714,15996,1,1,2026-08-11,3
7715,32291,1,1,2026-08-11,3
7716,30989,1,1,2026-08-11,3
7717,32368,1,1,2026-08-11,1
7718,6337,1,1,2026-08-11,3
7719,42016,1,1,2026-08-11,3
7720,12418,1,1,2026-08-11,5
7721,6641,1,1,2026-08-11,3
7722,42253,1,1,2026-08-11,3
7723,48823,1,1,2026-08-11,3
7724,36091,1,1,2026-08-11,3
7725,28605,1,1,2026-08-11,4
7726,11364,1,1,2026-08-11,3
7727,13930,1,1,2026-08-11,4
7728,34463,1,1,2026-08-11,3
7729,18185,1,1,2026-08-11,3
7730,20547,1,1,2026-08-11,6
7731,17599,1,1,2026-08-11,3
7732,9580,1,1,2026-08-11,4
7733,44915,1,1,2026-08-11,3
7734,12095,1,1,2026-08-11,3
7735,34823,1,1,2026-08-11,4
7736,1557,1,1,2026-08-11,3
7737,19944,1,1,2026-08-11,3
7738,8528,1,1,2026-08-11,3
7739,37978,1,1,2026-08-11,3
7740,30405,1,1,2026-08-11,3
7741,36805,1,1,2026-08-11,3
7742,28712,1,1,2026-08-11,3
7743,46395,1,1,2026-08-11,3
7744,9866,1,1,2026-08-11,3
7745,1475,1,1,2026-08-11,3
7746,15950,1,1,2026-08-11,3
7747,20304,1,1,2026-08-11,3
7748,5490,1,1,2026-08-11,3
7749,42889,1,1,2026-08-11,3
7750,34380,1,1,2026-08-11,3
7751,5618,1,1,2026-08-11,3
7752,18566,1,1,2026-08-11,3
7753,13133,1,1,2026-08-11,3
7754,45527,1,1,2026-08-11,3
7755,7079,1,1,2026-08-11,3
7756,31816,1,1,2026-08-11,3
7757,45490,1,1,2026-08-11,3
7758,4690,1,1,2026-08-11,4
7759,30631,1,1,2026-08-11,1
7760,12543,1,1,2026-08-11,4
7761,581,1,1,2026-08-11,3
7762,40976,1,1,2026-08-11,3
7763,1606,1,1,2026-08-11,3
7764,10176,1,1,2026-08-11,3
7765,41153,1,1,2026-08-11,4
7766,7755,1,1,2026-08-11,1
7767,15038,1,1,2026-08-11,3
7768,10750,1,1,2026-08-11,3
7769,26955,1,1,2026-08-11,4
7770,30950,1,1,2026-08-11,3
7771,35457,1,1,2026-08-11,3
7772,23616,1,1,2026-08-11,3
7773,21832,1,1,2026-08-11,3
7774,23592,1,1,2026-08-11,3
7775,16599,1,1,2026-08-11,3
7776,41572,1,1,2026-08-11,3
7777,8588,1,1,2026-08-11,3
7778,12746,1,1,2026-08-11,3
7779,21318,1,1,2026-08-11,3
7780,20328,1,1,2026-08-11,3
7781,34949,1,1,2026-08-11,4
7782,4978,1,1,2026-08-11,3
7783,46370,1,1,2026-08-11,3
7784,14922,1,1,2026-08-11,3
7785,7786,1,1,2026-08-11,1
7786,38583,1,1,2026-08-11,4
7787,21408,1,1,2026-08-11,3
7788,11860,1,1,2026-08-11,3
7789,672,1,1,2026-08-11,4
7790,28830,1,1,2026-08-11,1
7791,36229,1,1,2026-08-11,3
7792,38444,1,1,2026-08-11,3
7793,3990,1,1,2026-08-11,3
7794,17609,1,1,2026-08-11,1
7795,43530,1,1,2026-08-11,4
7796,46513,1,1,2026-08-11,3
7797,34751,1,1,2026-08-11,3
7798,2997,1,1,2026-08-11,3
7799,44246,1,1,2026-08-11,3
7800,918,1,1,2026-08-11,3
7801,34416,1,1,2026-08-11,3
7802,33170,1,1,2026-08-11,6
7803,22366,1,1,2026-08-11,4
7804,21696,1,1,2026-08-11,3
7805,25259,1,1,2026-08-11,3
7806,22037,1,1,2026-08-11,3
7807,10612,1,1,2026-08-11,4
7808,34451,1,1,2026-08-11,3
7809,10158,1,1,2026-08-11,4
7810,40889,1,1,2026-08-11,3
7811,48032,1,1,2026-08-11,3
7812,4230,1,1,2026-08-11,3
7813,42573,1,1,2026-08-11,4
7814,10187,1,1,2026-08-11,3
7815,11650,1,1,2026-08-11,3
7816,36445,1,1,2026-08-11,3
7817,3751,1,1,2026-08-11,3
7818,40458,1,1,2026-08-11,3
7819,8908,1,1,2026-08-11,3
7820,35098,1,1,2026-08-11,3
7821,27556,1,1,2026-08-11,4
7822,2624,1,1,2026-08-11,4
7823,43801,1,1,2026-08-11,3
7824,24637,1,1,2026-08-11,4
7825,1952,1,1,2026-08-11,1
7826,2273,1,1,2026-08-11,3
7827,48751,1,1,2026-08-11,3
7828,154,1,1,2026-08-11,3
7829,6107,1,1,2026-08-11,3
7830,6762,1,1,2026-08-11,3
7831,23056,1,1,2026-08-11,3
7832,26689,1,1,2026-08-11,6
7833,20965,1,1,2026-08-11,3
7834,10189,1,1,2026-08-11,3
7835,42759,1,1,2026-08-11,3
7836,8303,1,1,2026-08-11,3
7837,19547,1,1,2026-08-11,3
7838,35662,1,1,2026-08-11,3
7839,45624,1,1,2026-08-11,3
7840,20290,1,1,2026-08-11,3
7841,13757,1,1,2026-08-11,4
7842,44368,1,1,2026-08-11,3
7843,5716,1,1,2026-08-11,1
7844,18078,1,1,2026-08-11,3
7845,12847,1,1,2026-08-11,3
7846,37608,1,1,2026-08-11,3
7847,24552,1,1,2026-08-11,3
7848,5184,1,1,2026-08-11,1
7849,846,1,1,2026-08-11,1
7850,38445,1,1,2026-08-11,3
7851,38240,1,1,2026-08-11,3
7852,20635,1,1,2026-08-11,3
7853,24017,1,1,2026-08-11,3
7854,26585,1,1,2026-08-11,6
7855,36179,1,1,2026-08-11,3
7856,25766,1,1,2026-08-11,4
7857,35108,1,1,2026-08-11,3
7858,18110,1,1,2026-08-11,4
7859,25814,1,1,2026-08-11,3
7860,14096,1,1,2026-08-11,3
7861,8966,1,1,2026-08-11,3
7862,34119,1,1,2026-08-11,3
7863,28422,1,1,2026-08-11,3
7864,36771,1,1,2026-08-11,4
7865,37110,1,1,2026-08-11,3
7866,20854,1,1,2026-08-11,3
7867,26367,1,1,2026-08-11,3
7868,49840,1,1,2026-08-11,3
7869,18285,1,1,2026-08-11,1
7870,48566,1,1,2026-08-11,3
7871,5370,1,1,2026-08-11,3
7872,23259,1,1,2026-08-11,3
7873,17690,1,1,2026-08-11,3
7874,1129,1,1,2026-08-11,3
7875,39470,1,1,2026-08-11,4
7876,15272,1,1,2026-08-11,4
7877,16659,1,1,2026-08-11,3
7878,23380,1,1,2026-08-11,3
7879,10780,1,1,2026-08-11,3
7880,12983,1,1,2026-08-11,3
7881,19168,1,1,2026-08-11,3
7882,34378,1,1,2026-08-11,3
7883,1250,1,1,2026-08-11,3
7884,1277,1,1,2026-08-11,3
7885,22156,1,1,2026-08-11,3
7886,32917,1,1,2026-08-11,6
7887,1244,1,1,2026-08-11,3
7888,39565,1,1,2026-08-11,3
7889,17316,1,1,2026-08-11,3
7890,30149,1,1,2026-08-11,3
7891,31011,1,1,2026-08-11,3
7892,24333,1,1,2026-08-11,3
7893,8213,1,1,2026-08-11,3
7894,3247,1,1,2026-08-11,4
7895,26458,1,1,2026-08-11,3
7896,3730,1,1,2026-08-11,3
7897,41200,1,1,2026-08-11,1
7898,38426,1,1,2026-08-11,3
7899,48748,1,1,2026-08-11,3
7900,31618,1,1,2026-08-11,3
7901,15172,1,1,2026-08-11,3
7902,43545,1,1,2026-08-11,3
7903,13661,1,1,2026-08-11,3
7904,39167,1,1,2026-08-11,3
7905,49998,1,1,2026-08-11,3
7906,32146,1,1,2026-08-11,3
7907,13208,1,1,2026-08-11,3
7908,21827,1,1,2026-08-11,3
7909,15241,1,1,2026-08-11,3
7910,25074,1,1,2026-08-11,3
7911,9449,1,1,2026-08-11,3
7912,36833,1,1,2026-08-11,3
7913,15579,1,1,2026-08-11,3
7914,10805,1,1,2026-08-11,3
7915,436,1,1,2026-08-11,1
7916,11456,1,1,2026-08-11,4
7917,8429,1,1,2026-08-11,3
7918,15190,1,1,2026-08-11,5
7919,35984,1,1,2026-08-11,3
7920,10020,1,1,2026-08-11,1
7921,32532,1,1,2026-08-11,3
7922,38143,1,1,2026-08-11,3
7923,17959,1,1,2026-08-11,3
7924,19553,1,1,2026-08-11,3
7925,1395,1,1,2026-08-11,3
7926,4936,1,1,2026-08-11,3
7927,7011,1,1,2026-08-11,3
7928,41944,1,1,2026-08-11,3
7929,42821,1,1,2026-08-11,4
7930,4244,1,1,2026-08-11,1
7931,18045,1,1,2026-08-11,3
7932,32652,1,1,2026-08-11,3
7933,47316,1,1,2026-08-11,3
7934,18458,1,1,2026-08-11,3
7935,30899,1,1,2026-08-11,3
7936,30754,1,1,2026-08-11,3
7937,20282,1,1,2026-08-11,3
7938,13439,1,1,2026-08-11,3
7939,22203,1,1,2026-08-11,3
7940,31569,1,1,2026-08-11,3
7941,865,1,1,2026-08-11,3
7942,38566,1,1,2026-08-11,3
7943,30647,1,1,2026-08-11,3
7944,32838,1,1,2026-08-11,3
7945,45269,1,1,2026-08-11,3
7946,45751,1,1,2026-08-11,3
7947,47127,1,1,2026-08-11,6
7948,26217,1,1,2026-08-11,3
7949,21846,1,1,2026-08-11,3
7950,14808,1,1,2026-08-11,4
7951,24357,1,1,2026-08-11,3
7952,932,1,1,2026-08-11,3
7953,14117,1,1,2026-08-11,3
7954,8408,1,1,2026-08-11,1
7955,13794,1,1,2026-08-11,3
7956,12768,1,1,2026-08-11,3
7957,9488,1,1,2026-08-11,3
7958,4749,1,1,2026-08-11,3
7959,21070,1,1,2026-08-11,3
7960,30318,1,1,2026-08-11,3
7961,41201,1,1,2026-08-11,3
7962,3971,1,1,2026-08-11,3
7963,49622,1,1,2026-08-11,4
7964,42337,1,1,2026-08-11,3
7965,41190,1,1,2026-08-11,3
7966,33209,1,1,2026-08-11,4
7967,6068,1,1,2026-08-11,3
7968,40783,1,1,2026-08-11,3
7969,15086,1,1,2026-08-11,3
7970,37640,1,1,2026-08-11,3
7971,25907,1,1,2026-08-11,3
7972,14896,1,1,2026-08-11,3
7973,24771,1,1,2026-08-11,3
7974,49993,1,1,2026-08-11,3
7975,30585,1,1,2026-08-11,3
7976,30811,1,1,2026-08-11,3
7977,14920,1,1,2026-08-11,3
7978,31955,1,1,2026-08-11,3
7979,28786,1,1,2026-08-11,3
7980,10553,1,1,2026-08-11,4
7981,39456,1,1,2026-08-11,3
7982,9765,1,1,2026-08-11,4
7983,3775,1,1,2026-08-11,3
7984,14143,1,1,2026-08-11,3
7985,25233,1,1,2026-08-11,1
7986,13566,1,1,2026-08-11,3
7987,11745,1,1,2026-08-11,3
7988,29403,1,1,2026-08-11,1
7989,35368,1,1,2026-08-11,3
7990,30006,1,1,2026-08-11,3
7991,2457,1,1,2026-08-11,3
7992,40847,1,1,2026-08-11,4
7993,18864,1,1,2026-08-11,4
7994,7486,1,1,2026-08-11,3
7995,45552,1,1,2026-08-11,4
7996,32360,1,1,2026-08-11,1
7997,15847,1,1,2026-08-11,4
7998,21456,1,1,2026-08-11,3
7999,10949,1,1,2026-08-11,3
8000,37549,1,1,2026-08-11,4
8001,1819,1,1,2026-08-11,1
8002,35354,1,1,2026-08-11,3
8003,46230,1,1,2026-08-11,3
8004,24814,1,1,2026-08-11,3
8005,29935,1,1,2026-08-11,3
8006,2429,1,1,2026-08-11,3
8007,12799,1,1,2026-08-11,3
8008,24141,1,1,2026-08-11,3
8009,20685,1,1,2026-08-11,3
8010,7570,1,1,2026-08-11,3
8011,25808,1,1,2026-08-11,3
8012,22529,1,1,2026-08-11,3
8013,43403,1,1,2026-08-11,3
8014,45000,1,1,2026-08-11,3
8015,20785,1,1,2026-08-11,3
8016,21463,1,1,2026-08-11,3
8017,43292,1,1,2026-08-11,3
8018,17993,1,1,2026-08-11,3
8019,23144,1,1,2026-08-11,1
8020,3701,1,1,2026-08-11,3
8021,12076,1,1,2026-08-11,3
8022,4483,1,1,2026-08-11,3
8023,12933,1,1,2026-08-11,3
8024,42299,1,1,2026-08-11,3
8025,8916,1,1,2026-08-11,3
8026,2916,1,1,2026-08-11,3
8027,21869,1,1,2026-08-11,3
8028,5360,1,1,2026-08-11,3
8029,7684,1,1,2026-08-11,3
8030,22458,1,1,2026-08-11,3
8031,12732,1,1,2026-08-11,3
8032,9269,1,1,2026-08-11,3
8033,10663,1,1,2026-08-11,3
8034,688,1,1,2026-08-11,3
8035,24525,1,1,2026-08-11,3
8036,37171,1,1,2026-08-11,3
8037,38578,1,1,2026-08-11,4
8038,24978,1,1,2026-08-11,3
8039,22758,1,1,2026-08-11,3
8040,49723,1,1,2026-08-11,4
8041,9824,1,1,2026-08-11,3
8042,13011,1,1,2026-08-11,3
8043,4886,1,1,2026-08-11,3
8044,43809,1,1,2026-08-11,3
8045,6416,1,1,2026-08-11,3
8046,16661,1,1,2026-08-11,3
8047,2045,1,1,2026-08-11,3
8048,23749,1,1,2026-08-11,3
8049,37550,1,1,2026-08-11,1
8050,23862,1,1,2026-08-11,3
8051,4202,1,1,2026-08-11,3
8052,15115,1,1,2026-08-11,3
8053,40472,1,1,2026-08-11,3
8054,6483,1,1,2026-08-11,3
8055,20495,1,1,2026-08-11,3
8056,37484,1,1,2026-08-11,3
8057,42875,3,1,2026-08-11,2
8058,2710,3,1,2026-08-11,3
8059,36845,3,1,2026-08-11,1
8060,25533,3,1,2026-08-11,1
8061,31000,3,1,2026-08-11,2
8062,20335,3,1,2026-08-11,3
8063,45416,3,1,2026-08-11,2
8064,47707,3,1,2026-08-11,2
8065,48218,3,1,2026-08-11,3
8066,43047,3,1,2026-08-11,2
8067,30398,3,1,2026-08-11,3
8068,22581,3,1,2026-08-11,3
8069,16404,3,1,2026-08-11,2
8070,25755,3,1,2026-08-11,2
8071,33624,3,1,2026-08-11,2
8072,24815,3,1,2026-08-11,3
8073,5574,3,1,2026-08-11,3
8074,47745,3,1,2026-08-11,3
8075,31763,3,1,2026-08-11,3
8076,42134,3,1,2026-08-11,2
8077,13237,3,1,2026-08-11,3
8078,32701,3,1,2026-08-11,3
8079,9452,3,1,2026-08-11,3
8080,34191,3,1,2026-08-11,3
8081,35404,3,1,2026-08-11,5
8082,16020,3,1,2026-08-11,3
8083,38328,3,1,2026-08-11,3
8084,34833,3,1,2026-08-11,1
8085,46481,3,1,2026-08-11,3
8086,18974,3,1,2026-08-11,1
8087,14206,3,1,2026-08-11,3
8088,25068,3,1,2026-08-11,3
8089,42158,3,1,2026-08-11,3
8090,35728,3,1,2026-08-11,3
8091,10613,3,1,2026-08-11,3
8092,10591,3,1,2026-08-11,3
8093,9364,3,1,2026-08-11,3
8094,21637,3,1,2026-08-11,3
8095,27669,3,1,2026-08-11,3
8096,34806,3,1,2026-08-11,3
8097,2409,3,1,2026-08-11,4
8098,28530,3,1,2026-08-11,3
8099,30044,3,1,2026-08-11,3
8100,30128,3,1,2026-08-11,5
8101,23016,3,1,2026-08-11,2
8102,22178,3,1,2026-08-11,1
8103,31884,3,1,2026-08-11,3
8104,7048,3,1,2026-08-11,3
8105,37071,3,1,2026-08-11,3
8106,4310,3,1,2026-08-11,2
8107,45748,3,1,2026-08-11,2
8108,3169,3,1,2026-08-11,2
8109,12145,3,1,2026-08-11,1
8110,1867,3,1,2026-08-11,3
8111,18031,3,1,2026-08-11,2
8112,2936,3,1,2026-08-11,2
8113,24776,3,1,2026-08-11,3
8114,44795,3,1,2026-08-11,4
8115,23306,3,1,2026-08-11,3
8116,18834,3,1,2026-08-11,1
8117,21242,3,1,2026-08-11,3
8118,2612,3,1,2026-08-11,4
8119,39137,3,1,2026-08-11,3
8120,19101,3,1,2026-08-11,1
8121,8751,3,1,2026-08-11,5
8122,48924,3,1,2026-08-11,1
8123,43926,3,1,2026-08-11,2
8124,19062,3,1,2026-08-11,3
8125,5865,3,1,2026-08-11,2
8126,13162,3,1,2026-08-11,3
8127,22786,3,1,2026-08-11,2
8128,49859,3,1,2026-08-11,1
8129,35320,3,1,2026-08-11,3
8130,946,3,1,2026-08-11,2
8131,1897,3,1,2026-08-11,2
8132,47461,3,1,2026-08-11,1
8133,40440,3,1,2026-08-11,3
8134,9715,3,1,2026-08-11,1
8135,10277,3,1,2026-08-11,3
8136,38948,3,1,2026-08-11,4
8137,47728,3,1,2026-08-11,2
8138,10551,3,1,2026-08-11,4
8139,40109,3,1,2026-08-11,3
8140,5519,3,1,2026-08-11,2
8141,15485,3,1,2026-08-11,3
8142,3744,3,1,2026-08-11,3
8143,3033,3,1,2026-08-11,1
8144,44630,3,1,2026-08-11,3
8145,277,3,1,2026-08-11,3
8146,23493,3,1,2026-08-11,1
8147,539,3,1,2026-08-11,3
8148,35430,3,1,2026-08-11,1
8149,13736,3,1,2026-08-11,3
8150,2965,3,1,2026-08-11,2
8151,17935,3,1,2026-08-11,2
8152,42164,3,1,2026-08-11,1
8153,8977,3,1,2026-08-11,1
8154,22762,3,1,2026-08-11,1
8155,1747,3,1,2026-08-11,3
8156,11522,3,1,2026-08-11,1
8157,37364,3,1,2026-08-11,3
8158,43834,3,1,2026-08-11,1
8159,35003,3,1,2026-08-11,3
8160,26804,3,1,2026-08-11,2
8161,12374,3,1,2026-08-11,3
8162,14019,3,1,2026-08-11,2
8163,14081,3,1,2026-08-11,4
8164,11276,3,1,2026-08-11,3
8165,5534,3,1,2026-08-11,3
8166,26781,3,1,2026-08-11,2
8167,1539,3,1,2026-08-11,2
8168,19173,3,1,2026-08-11,4
8169,45734,3,1,2026-08-11,3
8170,6667,3,1,2026-08-11,2
8171,39093,3,1,2026-08-11,2
8172,24764,3,1,2026-08-11,3
8173,28871,3,1,2026-08-11,3
8174,6531,3,1,2026-08-11,1
8175,13658,3,1,2026-08-11,3
8176,25949,3,1,2026-08-11,2
8177,43560,3,1,2026-08-11,3
8178,44753,3,1,2026-08-11,3
8179,38868,3,1,2026-08-11,2
8180,11520,3,1,2026-08-11,2
8181,37309,3,1,2026-08-11,1
8182,17792,3,1,2026-08-11,2
8183,1073,3,1,2026-08-11,1
8184,34186,3,1,2026-08-11,2
8185,2148,3,1,2026-08-11,3
8186,48255,3,1,2026-08-11,3
8187,10943,3,1,2026-08-11,3
8188,7261,3,1,2026-08-11,1
8189,37100,3,1,2026-08-11,1
8190,21898,3,1,2026-08-11,2
8191,35341,3,1,2026-08-11,3
8192,33723,3,1,2026-08-11,3
8193,47642,3,1,2026-08-11,3
8194,43274,3,1,2026-08-11,2
8195,22092,3,1,2026-08-11,5
8196,1392,3,1,2026-08-11,2
8197,17041,3,1,2026-08-11,3
8198,28294,3,1,2026-08-11,3
8199,2736,3,1,2026-08-11,3
8200,35774,3,1,2026-08-11,2
8201,15397,3,1,2026-08-11,3
8202,42785,3,1,2026-08-11,1
8203,12200,3,1,2026-08-11,1
8204,41395,3,1,2026-08-11,3
8205,18702,3,1,2026-08-11,5
8206,18800,3,1,2026-08-11,1
8207,19066,3,1,2026-08-11,3
8208,16753,3,1,2026-08-11,3
8209,42132,3,1,2026-08-11,3
8210,29800,3,1,2026-08-11,3
8211,42454,3,1,2026-08-11,3
8212,28319,3,1,2026-08-11,3
8213,49132,3,1,2026-08-11,1
8214,31033,3,1,2026-08-11,1
8215,1957,3,1,2026-08-11,2
8216,20890,3,1,2026-08-11,3
8217,1612,3,1,2026-08-11,3
8218,16341,3,1,2026-08-11,3
8219,4069,3,1,2026-08-11,4
8220,31760,3,1,2026-08-11,3
8221,28324,3,1,2026-08-11,2
8222,16160,3,1,2026-08-11,1
8223,19088,3,1,2026-08-11,2
8224,598,3,1,2026-08-11,3
8225,7540,3,1,2026-08-11,3
8226,42902,3,1,2026-08-11,2
8227,40620,3,1,2026-08-11,3
8228,9141,3,1,2026-08-11,1
8229,14697,3,1,2026-08-11,3
8230,1997,3,1,2026-08-11,2
8231,14591,3,1,2026-08-11,1
8232,21793,3,1,2026-08-11,3
8233,3989,3,1,2026-08-11,3
8234,22358,3,1,2026-08-11,3
8235,15934,3,1,2026-08-11,3
8236,2898,3,1,2026-08-11,2
8237,36064,3,1,2026-08-11,2
8238,34682,3,1,2026-08-11,1
8239,41466,3,1,2026-08-11,1
8240,35922,3,1,2026-08-11,3
8241,18699,3,1,2026-08-11,2
8242,4847,3,1,2026-08-11,3
8243,28417,3,1,2026-08-11,3
8244,49018,3,1,2026-08-11,1
8245,20621,3,1,2026-08-11,3
8246,1963,3,1,2026-08-11,3
8247,46423,3,1,2026-08-11,2
8248,41809,3,1,2026-08-11,3
8249,38338,3,1,2026-08-11,4
8250,7238,3,1,2026-08-11,3
8251,28242,3,1,2026-08-11,3
8252,41829,3,1,2026-08-11,1
8253,43565,3,1,2026-08-11,2
8254,27284,3,1,2026-08-11,2
8255,36888,3,1,2026-08-11,2
8256,32454,3,1,2026-08-11,2
8257,33203,3,1,2026-08-11,2
8258,10733,3,1,2026-08-11,3
8259,23423,3,1,2026-08-11,2
8260,41770,3,1,2026-08-11,3
8261,10714,3,1,2026-08-11,3
8262,9081,3,1,2026-08-11,2
8263,19843,3,1,2026-08-11,3
8264,9704,3,1,2026-08-11,1
8265,43922,3,1,2026-08-11,3
8266,43684,3,1,2026-08-11,2
8267,43457,3,1,2026-08-11,2
8268,6574,3,1,2026-08-11,1
8269,16899,3,1,2026-08-11,3
8270,16158,3,1,2026-08-11,3
8271,49354,3,1,2026-08-11,3
8272,26618,3,1,2026-08-11,1
8273,24257,3,1,2026-08-11,3
8274,8843,3,1,2026-08-11,1
8275,47890,3,1,2026-08-11,1
8276,40499,3,1,2026-08-11,3
8277,39510,3,1,2026-08-11,2
8278,14840,3,1,2026-08-11,3
8279,18547,3,1,2026-08-11,3
8280,13610,3,1,2026-08-11,2
8281,4364,3,1,2026-08-11,3
8282,4126,3,1,2026-08-11,1
8283,33056,3,1,2026-08-11,5
8284,15935,3,1,2026-08-11,1
8285,39155,3,1,2026-08-11,1
8286,41743,3,1,2026-08-11,2
8287,7190,3,1,2026-08-11,3
8288,37108,3,1,2026-08-11,4
8289,35584,3,1,2026-08-11,1
8290,36439,3,1,2026-08-11,3
8291,38662,3,1,2026-08-11,3
8292,47134,3,1,2026-08-11,2
8293,41307,3,1,2026-08-11,2
8294,10344,3,1,2026-08-11,3
8295,9361,3,1,2026-08-11,3
8296,27941,3,1,2026-08-11,1
8297,36447,3,1,2026-08-11,1
8298,35678,3,1,2026-08-11,3
8299,29291,3,1,2026-08-11,3
8300,6391,3,1,2026-08-11,3
8301,10884,3,1,2026-08-11,1
8302,7977,3,1,2026-08-11,2
8303,22996,3,1,2026-08-11,4
8304,15379,3,1,2026-08-11,1
8305,13671,3,1,2026-08-11,3
8306,11853,3,1,2026-08-11,1
8307,30281,3,1,2026-08-11,1
8308,23878,3,1,2026-08-11,2
8309,29160,3,1,2026-08-11,1
8310,32433,3,1,2026-08-11,3
8311,14306,3,1,2026-08-11,1
8312,25711,3,1,2026-08-11,2
8313,32575,3,1,2026-08-11,3
8314,15506,3,1,2026-08-11,1
8315,39382,3,1,2026-08-11,2
8316,32753,3,1,2026-08-11,3
8317,24798,3,1,2026-08-11,2
8318,32474,3,1,2026-08-11,3
8319,6360,3,1,2026-08-11,1
8320,12405,3,1,2026-08-11,2
8321,21298,3,1,2026-08-11,3
8322,9467,3,1,2026-08-11,3
8323,29591,3,1,2026-08-11,3
8324,27677,3,1,2026-08-11,3
8325,35175,3,1,2026-08-11,3
8326,7912,3,1,2026-08-11,1
8327,35432,3,1,2026-08-11,4
8328,44991,3,1,2026-08-11,3
8329,12324,3,1,2026-08-11,3
8330,29039,3,1,2026-08-11,2
8331,18018,3,1,2026-08-11,3
8332,33109,3,1,2026-08-11,2
8333,26106,3,1,2026-08-11,3
8334,15093,3,1,2026-08-11,3
8335,39789,3,1,2026-08-11,3
8336,4972,3,1,2026-08-11,3
8337,1537,3,1,2026-08-11,3
8338,49930,3,1,2026-08-11,3
8339,37639,3,1,2026-08-11,3
8340,1212,3,1,2026-08-11,1
8341,21712,3,1,2026-08-11,3
8342,36369,3,1,2026-08-11,4
8343,49537,3,1,2026-08-11,3
8344,27815,3,1,2026-08-11,2
8345,36723,3,1,2026-08-11,2
8346,29899,3,1,2026-08-11,2
8347,45684,3,1,2026-08-11,2
8348,24154,3,1,2026-08-11,3
8349,33003,3,1,2026-08-11,3
8350,2427,3,1,2026-08-11,3
8351,21796,3,1,2026-08-11,3
8352,32221,3,1,2026-08-11,3
8353,36960,3,1,2026-08-11,3
8354,6899,3,1,2026-08-11,3
8355,43542,3,1,2026-08-11,2
8356,16582,3,1,2026-08-11,2
8357,43858,3,1,2026-08-11,2
8358,11632,3,1,2026-08-11,2
8359,10231,3,1,2026-08-11,3
8360,44416,3,1,2026-08-11,1
8361,367,3,1,2026-08-11,2
8362,10411,3,1,2026-08-11,4
8363,17846,3,1,2026-08-11,2
8364,24738,3,1,2026-08-11,3
8365,12863,3,1,2026-08-11,1
8366,37947,3,1,2026-08-11,1
8367,26375,3,1,2026-08-11,2
8368,9196,3,1,2026-08-11,2
8369,11724,3,1,2026-08-11,3
8370,14999,3,2,2026-08-11,2
8371,40046,3,2,2026-08-11,3
8372,28468,3,2,2026-08-11,3
8373,25826,3,2,2026-08-11,2
8374,42899,3,2,2026-08-11,3
8375,27996,3,2,2026-08-11,1
8376,12641,3,2,2026-08-11,3
8377,41563,3,2,2026-08-11,2
8378,41516,3,2,2026-08-11,3
8379,20884,3,2,2026-08-11,3
8380,22474,3,2,2026-08-11,1
8381,7629,3,2,2026-08-11,4
8382,28643,3,2,2026-08-11,3
8383,13845,3,2,2026-08-11,1
8384,16279,3,2,2026-08-11,3
8385,15846,3,2,2026-08-11,1
8386,34644,3,2,2026-08-11,3
8387,31599,3,2,2026-08-11,3
8388,24367,3,2,2026-08-11,3
8389,27024,3,2,2026-08-11,2
8390,18368,3,2,2026-08-11,2
8391,42696,3,2,2026-08-11,1
8392,22881,3,2,2026-08-11,1
8393,34567,3,2,2026-08-11,5
8394,6833,3,2,2026-08-11,3
8395,17019,3,2,2026-08-11,3
8396,37265,3,2,2026-08-11,3
8397,39348,3,2,2026-08-11,4
8398,2058,3,2,2026-08-11,2
8399,44610,3,2,2026-08-11,1
8400,16889,3,2,2026-08-11,2
8401,6347,3,2,2026-08-11,3
8402,46887,3,2,2026-08-11,1
8403,22441,3,2,2026-08-11,3
8404,19340,3,2,2026-08-11,1
8405,25458,3,2,2026-08-11,2
8406,29842,3,2,2026-08-11,1
8407,44349,3,2,2026-08-11,3
8408,44290,3,2,2026-08-11,5
8409,26364,3,2,2026-08-11,1
8410,44574,3,2,2026-08-11,3
8411,19853,3,2,2026-08-11,3
8412,45343,3,2,2026-08-11,1
8413,11766,3,2,2026-08-11,3
8414,41184,3,2,2026-08-11,2
8415,42988,3,2,2026-08-11,3
8416,39236,3,2,2026-08-11,3
8417,18831,3,2,2026-08-11,3
8418,43608,3,2,2026-08-11,3
8419,44363,3,2,2026-08-11,2
8420,31845,3,2,2026-08-11,3
8421,41826,3,2,2026-08-11,2
8422,8679,3,2,2026-08-11,3
8423,17763,3,2,2026-08-11,1
8424,16705,3,2,2026-08-11,3
8425,29057,3,2,2026-08-11,1
8426,5877,3,2,2026-08-11,4
8427,9822,3,2,2026-08-11,1
8428,24549,3,2,2026-08-11,3
8429,2672,3,2,2026-08-11,3
8430,24820,3,2,2026-08-11,3
8431,40173,3,2,2026-08-11,3
8432,24806,3,2,2026-08-11,3
8433,13227,2,1,2026-08-11,4
8434,19492,2,1,2026-08-11,3
8435,6336,2,1,2026-08-11,1
8436,31593,2,1,2026-08-11,3
8437,27856,2,1,2026-08-11,3
8438,2250,2,1,2026-08-11,3
8439,35040,2,1,2026-08-11,1
8440,40759,2,1,2026-08-11,3
8441,18297,2,1,2026-08-11,3
8442,28607,2,1,2026-08-11,4
8443,46279,2,1,2026-08-11,4
8444,21806,2,1,2026-08-11,3
8445,47178,2,1,2026-08-11,4
8446,17163,2,1,2026-08-11,3
8447,49318,2,1,2026-08-11,5
8448,7518,2,1,2026-08-11,3
8449,12875,2,1,2026-08-11,3
8450,11417,2,1,2026-08-11,4
8451,1067,2,1,2026-08-11,3
8452,19799,2,1,2026-08-11,4
8453,14742,2,1,2026-08-11,4
8454,35477,2,1,2026-08-11,3
8455,5011,2,1,2026-08-11,3
8456,15023,2,1,2026-08-11,3
8457,40363,2,1,2026-08-11,3
8458,28374,2,1,2026-08-11,3
8459,21351,2,1,2026-08-11,3
8460,32340,2,1,2026-08-11,3
8461,35919,2,1,2026-08-11,4
8462,48788,2,1,2026-08-11,4
8463,45318,2,1,2026-08-11,3
8464,10381,2,1,2026-08-11,1
8465,26549,2,1,2026-08-11,3
8466,22195,2,1,2026-08-11,1
8467,48262,2,1,2026-08-11,4
8468,26756,2,1,2026-08-11,4
8469,37955,2,1,2026-08-11,4
8470,14696,2,1,2026-08-11,4
8471,27110,2,1,2026-08-11,5
8472,21229,2,1,2026-08-11,4
8473,34342,2,1,2026-08-11,1
8474,2013,2,1,2026-08-11,3
8475,13882,2,1,2026-08-11,3
8476,7123,2,1,2026-08-11,4
8477,7764,2,1,2026-08-11,4
8478,29965,2,1,2026-08-11,3
8479,45467,2,1,2026-08-11,1
8480,45768,2,1,2026-08-11,3
8481,23865,2,1,2026-08-11,3
8482,9329,2,1,2026-08-11,3
8483,3462,2,1,2026-08-11,4
8484,7573,2,1,2026-08-11,4
8485,4331,2,1,2026-08-11,3
8486,30823,2,1,2026-08-11,3
8487,33242,2,1,2026-08-11,2
8488,36790,2,1,2026-08-11,3
8489,20654,2,1,2026-08-11,3
8490,41262,2,1,2026-08-11,3
8491,11434,2,1,2026-08-11,1
8492,36315,2,1,2026-08-11,3
8493,28895,2,1,2026-08-11,3
8494,39751,2,1,2026-08-11,4
8495,30740,2,1,2026-08-11,4
8496,2122,2,1,2026-08-11,3
8497,32766,2,1,2026-08-11,4
8498,5451,2,1,2026-08-11,3
8499,40764,2,1,2026-08-11,4
8500,10048,2,1,2026-08-11,4
8501,39396,2,1,2026-08-11,3
8502,35215,2,1,2026-08-11,4
8503,15460,2,1,2026-08-11,2
8504,1630,2,1,2026-08-11,3
8505,32470,2,1,2026-08-11,2
8506,20007,2,1,2026-08-11,3
8507,25743,2,1,2026-08-11,3
8508,6623,2,1,2026-08-11,1
8509,258,2,1,2026-08-11,1
8510,43936,2,1,2026-08-11,4
8511,17078,2,1,2026-08-11,3
8512,24193,2,1,2026-08-11,3
8513,14070,2,1,2026-08-11,4
8514,34199,2,1,2026-08-11,2
8515,28841,2,1,2026-08-11,5
8516,12400,2,1,2026-08-11,4
8517,17413,2,1,2026-08-11,4
8518,15519,2,1,2026-08-11,1
8519,31450,2,1,2026-08-11,3
8520,35041,2,1,2026-08-11,4
8521,2407,2,1,2026-08-11,3
8522,47489,2,1,2026-08-11,3
8523,3399,2,1,2026-08-11,3
8524,46316,2,1,2026-08-11,3
8525,23432,2,1,2026-08-11,3
8526,9679,2,1,2026-08-11,1
8527,33941,2,1,2026-08-11,3
8528,30151,2,1,2026-08-11,4
8529,18661,2,1,2026-08-11,4
8530,40775,2,1,2026-08-11,4
8531,9016,2,1,2026-08-11,1
8532,13051,2,1,2026-08-11,3
8533,47139,2,1,2026-08-11,4
8534,49087,2,1,2026-08-11,3
8535,28487,2,1,2026-08-11,4
8536,8932,2,1,2026-08-11,3
8537,9903,2,1,2026-08-11,4
8538,22897,2,1,2026-08-11,3
8539,5414,2,1,2026-08-11,4
8540,49630,2,1,2026-08-11,5
8541,44734,2,1,2026-08-11,3
8542,6751,2,1,2026-08-11,3
8543,7464,2,1,2026-08-11,3
8544,16731,2,1,2026-08-11,3
8545,25124,2,1,2026-08-11,3
8546,39504,2,1,2026-08-11,4
8547,39509,2,1,2026-08-11,3
8548,45650,2,1,2026-08-11,4
8549,20145,2,1,2026-08-11,3
8550,9041,2,1,2026-08-11,2
8551,4776,2,1,2026-08-11,5
8552,6692,2,1,2026-08-11,4
8553,33155,2,1,2026-08-11,3
8554,3837,2,1,2026-08-11,2
8555,43989,2,1,2026-08-11,3
8556,26277,2,1,2026-08-11,1
8557,34654,2,1,2026-08-11,2
8558,27835,2,2,2026-08-11,3
8559,26242,2,2,2026-08-11,4
8560,27372,2,2,2026-08-11,3
8561,3147,2,2,2026-08-11,3
8562,24202,2,2,2026-08-11,4
8563,24783,2,2,2026-08-11,4
8564,8019,2,2,2026-08-11,3
8565,35237,2,2,2026-08-11,3
8566,1201,2,2,2026-08-11,3
8567,8820,2,2,2026-08-11,3
8568,22756,2,2,2026-08-11,3
8569,25712,2,2,2026-08-11,1
8570,4736,2,2,2026-08-11,5
8571,19126,2,2,2026-08-11,4
8572,8095,2,2,2026-08-11,4
8573,42940,2,2,2026-08-11,3
8574,22225,2,2,2026-08-11,3
8575,28158,2,2,2026-08-11,3
8576,41805,2,2,2026-08-11,3
8577,4062,2,2,2026-08-11,3
8578,45619,2,2,2026-08-11,3
8579,44862,2,2,2026-08-11,4
8580,28759,2,2,2026-08-11,4
8581,27028,2,2,2026-08-11,4
8582,44326,2,2,2026-08-11,3
8583,23139,2,2,2026-08-11,3
8584,6801,2,2,2026-08-11,4
8585,9180,2,2,2026-08-11,3
8586,16320,2,2,2026-08-11,3
8587,41272,2,2,2026-08-11,4
8588,29694,2,2,2026-08-11,3
8589,15629,2,2,2026-08-11,4
8590,47451,2,2,2026-08-11,4
8591,1028,2,2,2026-08-11,4
8592,18662,2,2,2026-08-11,3
8593,34694,2,2,2026-08-11,3
8594,40227,2,2,2026-08-11,4
8595,37655,2,2,2026-08-11,5
8596,33580,2,2,2026-08-11,4
8597,46472,2,2,2026-08-11,4
8598,27447,2,2,2026-08-11,4
8599,9421,2,2,2026-08-11,4
8600,26410,2,2,2026-08-11,4
8601,45927,2,2,2026-08-11,3
8602,15209,2,2,2026-08-11,3
8603,8531,2,2,2026-08-11,5
8604,45576,2,2,2026-08-11,3
8605,12778,2,2,2026-08-11,3
8606,3532,2,2,2026-08-11,4
8607,31087,2,2,2026-08-11,3
8608,29183,2,4,2026-08-11,3
8609,23490,2,4,2026-08-11,3
8610,21722,2,4,2026-08-11,4
8611,3458,2,4,2026-08-11,3
8612,28150,2,4,2026-08-11,4
8613,5814,2,4,2026-08-11,3
8614,2307,2,4,2026-08-11,5
8615,16367,2,4,2026-08-11,3
8616,20277,2,4,2026-08-11,3
8617,8630,2,4,2026-08-11,3
8618,13811,2,4,2026-08-11,4
8619,423,2,4,2026-08-11,3
8620,14567,2,4,2026-08-11,3
8621,15105,2,4,2026-08-11,4
8622,22726,2,4,2026-08-11,4
8623,4278,2,4,2026-08-11,3
8624,37047,2,4,2026-08-11,3
8625,12812,2,4,2026-08-11,3
8626,23899,2,4,2026-08-11,1
8627,21976,2,4,2026-08-11,3
8628,33168,2,4,2026-08-11,3
8629,44269,2,4,2026-08-11,4
8630,39884,2,4,2026-08-11,4
8631,41404,2,4,2026-08-11,4
8632,27925,2,4,2026-08-11,3
8633,41304,2,4,2026-08-11,1
8634,20737,2,4,2026-08-11,2
8635,23043,2,4,2026-08-11,3
8636,121,2,4,2026-08-11,3
8637,48836,2,4,2026-08-11,4
8638,48954,2,4,2026-08-11,3
8639,5431,2,4,2026-08-11,4
8640,42127,2,4,2026-08-11,3
8641,265,2,4,2026-08-11,3
8642,11767,2,4,2026-08-11,4
8643,22175,2,4,2026-08-11,4
8644,15246,2,4,2026-08-11,3
8645,8713,2,4,2026-08-11,3
8646,20757,2,4,2026-08-11,3
8647,28208,2,4,2026-08-11,3
8648,38921,2,4,2026-08-11,3
8649,48150,2,4,2026-08-11,3
8650,21202,2,4,2026-08-11,3
8651,29968,2,4,2026-08-11,3
8652,7951,2,4,2026-08-11,4
8653,29872,2,4,2026-08-11,4
8654,43342,2,4,2026-08-11,3
8655,13545,2,4,2026-08-11,4
8656,49135,2,4,2026-08-11,3
8657,26247,2,4,2026-08-11,4
8658,21108,2,4,2026-08-11,2
8659,44586,2,4,2026-08-11,4
8660,22680,2,4,2026-08-11,5
8661,41154,2,4,2026-08-11,3
8662,48515,2,4,2026-08-11,3
8663,14178,2,4,2026-08-11,4
8664,33884,2,4,2026-08-11,4
8665,38688,2,4,2026-08-11,4
8666,9472,2,4,2026-08-11,3
8667,44445,2,4,2026-08-11,4
8668,29879,2,4,2026-08-11,4
8669,34635,2,4,2026-08-11,4
8670,45987,2,4,2026-08-11,4
8671,1300,2,4,2026-08-11,3
8672,14893,2,4,2026-08-11,4
8673,46956,2,4,2026-08-11,3
8674,38671,2,4,2026-08-11,3
8675,11410,2,4,2026-08-11,4
8676,1654,2,4,2026-08-11,3
8677,33229,2,4,2026-08-11,1
8678,2533,2,4,2026-08-11,4
8679,3448,2,4,2026-08-11,4
8680,22587,2,4,2026-08-11,3
8681,9495,2,4,2026-08-11,3
8682,14061,2,4,2026-08-11,5
8683,33234,1,1,2026-08-12,3
8684,38290,1,1,2026-08-12,3
8685,46949,1,1,2026-08-12,5
8686,43544,1,1,2026-08-12,3
8687,39656,1,1,2026-08-12,4
8688,36660,1,1,2026-08-12,3
8689,36983,1,1,2026-08-12,3
8690,10603,1,1,2026-08-12,3
8691,43833,1,1,2026-08-12,4
8692,19838,1,1,2026-08-12,3
8693,526,1,1,2026-08-12,3
8694,15678,1,1,2026-08-12,3
8695,46628,1,1,2026-08-12,3
8696,43740,1,1,2026-08-12,3
8697,44582,1,1,2026-08-12,3
8698,11300,1,1,2026-08-12,4
8699,51,1,1,2026-08-12,3
8700,44798,1,1,2026-08-12,3
8701,5780,1,1,2026-08-12,3
8702,28767,1,1,2026-08-12,3
8703,8083,1,1,2026-08-12,4
8704,7487,1,1,2026-08-12,3
8705,14612,1,1,2026-08-12,3
8706,27857,1,1,2026-08-12,3
8707,30603,1,1,2026-08-12,3
8708,14056,1,1,2026-08-12,3
8709,12138,1,1,2026-08-12,3
8710,18341,1,1,2026-08-12,3
8711,30737,1,1,2026-08-12,3
8712,6201,1,1,2026-08-12,3
8713,3540,1,1,2026-08-12,1
8714,30187,1,1,2026-08-12,3
8715,5991,1,1,2026-08-12,3
8716,16794,1,1,2026-08-12,3
8717,986,1,1,2026-08-12,3
8718,30232,1,1,2026-08-12,3
8719,25555,1,1,2026-08-12,3
8720,40398,1,1,2026-08-12,3
8721,220,1,1,2026-08-12,3
8722,38557,1,1,2026-08-12,3
8723,43570,1,1,2026-08-12,3
8724,35963,1,1,2026-08-12,3
8725,37672,1,1,2026-08-12,3
8726,8669,1,1,2026-08-12,3
8727,5073,1,1,2026-08-12,3
8728,28170,1,1,2026-08-12,3
8729,33337,1,1,2026-08-12,3
8730,36006,1,1,2026-08-12,1
8731,39618,1,1,2026-08-12,1
8732,15403,1,1,2026-08-12,3
8733,18212,1,1,2026-08-12,3
8734,7704,1,1,2026-08-12,3
8735,12986,1,1,2026-08-12,3
8736,37058,1,1,2026-08-12,3
8737,31475,1,1,2026-08-12,3
8738,3109,1,1,2026-08-12,3
8739,13056,1,1,2026-08-12,3
8740,42884,1,1,2026-08-12,3
8741,40408,1,1,2026-08-12,3
8742,41450,1,1,2026-08-12,3
8743,31648,1,1,2026-08-12,3
8744,28222,1,1,2026-08-12,3
8745,2753,1,1,2026-08-12,4
8746,25502,1,1,2026-08-12,3
8747,10244,1,1,2026-08-12,3
8748,3437,1,1,2026-08-12,3
8749,32266,1,1,2026-08-12,1
8750,11025,1,1,2026-08-12,3
8751,32811,1,1,2026-08-12,3
8752,4983,1,1,2026-08-12,3
8753,44959,1,1,2026-08-12,3
8754,6339,1,1,2026-08-12,1
8755,49034,1,1,2026-08-12,3
8756,44685,1,1,2026-08-12,6
8757,1696,1,1,2026-08-12,3
8758,43231,1,1,2026-08-12,4
8759,32937,1,1,2026-08-12,3
8760,23297,1,1,2026-08-12,3
8761,21964,1,1,2026-08-12,3
8762,17309,1,1,2026-08-12,3
8763,43824,1,1,2026-08-12,3
8764,34969,1,1,2026-08-12,3
8765,38728,1,1,2026-08-12,3
8766,15675,1,1,2026-08-12,3
8767,12410,1,1,2026-08-12,3
8768,12456,1,1,2026-08-12,3
8769,24337,1,1,2026-08-12,3
8770,30668,1,1,2026-08-12,3
8771,14195,1,1,2026-08-12,4
8772,31908,1,1,2026-08-12,3
8773,104,1,1,2026-08-12,4
8774,4484,1,1,2026-08-12,1
8775,24984,1,1,2026-08-12,3
8776,45854,1,1,2026-08-12,3
8777,45625,1,1,2026-08-12,3
8778,30550,1,1,2026-08-12,6
8779,30125,1,1,2026-08-12,3
8780,1458,1,1,2026-08-12,4
8781,13807,1,1,2026-08-12,1
8782,15496,1,1,2026-08-12,3
8783,14445,1,1,2026-08-12,3
8784,15813,1,1,2026-08-12,3
8785,6719,1,1,2026-08-12,3
8786,20727,1,1,2026-08-12,3
8787,42881,1,1,2026-08-12,3
8788,23254,1,1,2026-08-12,3
8789,30165,1,1,2026-08-12,3
8790,38449,1,1,2026-08-12,3
8791,45465,1,1,2026-08-12,3
8792,6690,1,1,2026-08-12,4
8793,3406,1,1,2026-08-12,3
8794,45811,1,1,2026-08-12,3
8795,48936,1,1,2026-08-12,3
8796,22678,1,1,2026-08-12,3
8797,47894,1,1,2026-08-12,3
8798,11764,1,1,2026-08-12,3
8799,10675,1,1,2026-08-12,3
8800,49975,1,1,2026-08-12,3
8801,41772,1,1,2026-08-12,3
8802,12839,1,1,2026-08-12,3
8803,48657,1,1,2026-08-12,3
8804,5664,1,1,2026-08-12,3
8805,37232,1,1,2026-08-12,1
8806,3966,1,1,2026-08-12,3
8807,29457,1,1,2026-08-12,3
8808,25923,1,1,2026-08-12,3
8809,23684,1,1,2026-08-12,3
8810,17617,1,1,2026-08-12,3
8811,43126,1,1,2026-08-12,1
8812,1547,1,1,2026-08-12,3
8813,5410,1,1,2026-08-12,3
8814,7193,1,1,2026-08-12,3
8815,24223,1,1,2026-08-12,4
8816,46658,1,1,2026-08-12,3
8817,46260,1,1,2026-08-12,3
8818,29998,1,1,2026-08-12,3
8819,24842,1,1,2026-08-12,3
8820,44944,1,1,2026-08-12,3
8821,40883,1,1,2026-08-12,3
8822,49819,1,1,2026-08-12,3
8823,16719,1,1,2026-08-12,6
8824,36069,1,1,2026-08-12,3
8825,1628,1,1,2026-08-12,3
8826,47978,1,1,2026-08-12,3
8827,19922,1,1,2026-08-12,3
8828,9201,1,1,2026-08-12,3
8829,17966,1,1,2026-08-12,3
8830,29676,1,1,2026-08-12,3
8831,35706,1,1,2026-08-12,3
8832,37013,1,1,2026-08-12,1
8833,24782,1,1,2026-08-12,3
8834,15793,1,1,2026-08-12,3
8835,16984,1,1,2026-08-12,1
8836,43520,1,1,2026-08-12,3
8837,17640,1,1,2026-08-12,3
8838,1769,1,1,2026-08-12,3
8839,46266,1,1,2026-08-12,3
8840,35511,1,1,2026-08-12,3
8841,40739,1,1,2026-08-12,3
8842,33893,1,1,2026-08-12,3
8843,8046,1,1,2026-08-12,3
8844,20445,1,1,2026-08-12,3
8845,43167,1,1,2026-08-12,3
8846,24038,1,1,2026-08-12,3
8847,36120,1,1,2026-08-12,3
8848,16923,1,1,2026-08-12,4
8849,12683,1,1,2026-08-12,3
8850,28649,1,1,2026-08-12,4
8851,44721,1,1,2026-08-12,4
8852,22653,1,1,2026-08-12,3
8853,44814,1,1,2026-08-12,3
8854,16875,1,1,2026-08-12,3
8855,48353,1,1,2026-08-12,3
8856,6174,1,1,2026-08-12,4
8857,15720,1,1,2026-08-12,3
8858,8554,1,1,2026-08-12,3
8859,39024,1,1,2026-08-12,3
8860,49554,1,1,2026-08-12,3
8861,4067,1,1,2026-08-12,3
8862,25674,1,1,2026-08-12,3
8863,38474,1,1,2026-08-12,3
8864,36140,1,1,2026-08-12,3
8865,1142,1,1,2026-08-12,3
8866,14072,1,1,2026-08-12,1
8867,30022,1,1,2026-08-12,3
8868,25631,1,1,2026-08-12,3
8869,38429,1,1,2026-08-12,3
8870,35290,1,1,2026-08-12,3
8871,30104,1,1,2026-08-12,3
8872,22802,1,1,2026-08-12,3
8873,13896,1,1,2026-08-12,3
8874,6787,1,1,2026-08-12,3
8875,7373,1,1,2026-08-12,3
8876,15564,1,1,2026-08-12,3
8877,21718,1,1,2026-08-12,3
8878,14210,1,1,2026-08-12,3
8879,49825,1,1,2026-08-12,3
8880,35490,1,1,2026-08-12,3
8881,28166,1,1,2026-08-12,3
8882,29179,1,1,2026-08-12,3
8883,22654,1,1,2026-08-12,3
8884,18256,1,1,2026-08-12,3
8885,34988,1,1,2026-08-12,4
8886,24967,1,1,2026-08-12,3
8887,23863,1,1,2026-08-12,3
8888,9096,1,1,2026-08-12,3
8889,41302,1,1,2026-08-12,3
8890,37237,1,1,2026-08-12,3
8891,31764,1,1,2026-08-12,3
8892,27210,1,1,2026-08-12,3
8893,42232,1,1,2026-08-12,3
8894,18128,1,1,2026-08-12,3
8895,44606,1,1,2026-08-12,1
8896,200,1,1,2026-08-12,3
8897,48028,1,1,2026-08-12,3
8898,22269,1,1,2026-08-12,3
8899,37643,1,1,2026-08-12,3
8900,38087,1,1,2026-08-12,1
8901,49235,1,1,2026-08-12,4
8902,18822,1,1,2026-08-12,3
8903,39965,1,1,2026-08-12,3
8904,36162,1,1,2026-08-12,3
8905,46409,1,1,2026-08-12,3
8906,27659,1,1,2026-08-12,3
8907,5121,1,1,2026-08-12,3
8908,39640,1,1,2026-08-12,3
8909,6703,1,1,2026-08-12,4
8910,16645,1,1,2026-08-12,3
8911,10417,1,1,2026-08-12,3
8912,41867,1,1,2026-08-12,3
8913,38850,1,1,2026-08-12,3
8914,1412,1,1,2026-08-12,3
8915,23853,1,1,2026-08-12,5
8916,38665,1,1,2026-08-12,3
8917,5995,1,1,2026-08-12,3
8918,249,1,1,2026-08-12,3
8919,6392,1,1,2026-08-12,3
8920,34580,1,1,2026-08-12,4
8921,15317,1,1,2026-08-12,3
8922,3060,1,1,2026-08-12,3
8923,28983,1,1,2026-08-12,3
8924,6731,1,1,2026-08-12,3
8925,470,1,1,2026-08-12,3
8926,4529,1,1,2026-08-12,3
8927,26836,1,1,2026-08-12,3
8928,28991,1,1,2026-08-12,3
8929,28641,1,1,2026-08-12,3
8930,27340,1,1,2026-08-12,3
8931,31578,1,1,2026-08-12,3
8932,18471,1,1,2026-08-12,1
8933,4686,1,1,2026-08-12,3
8934,32278,1,1,2026-08-12,3
8935,30311,1,1,2026-08-12,3
8936,11817,1,1,2026-08-12,3
8937,35534,1,1,2026-08-12,3
8938,15025,1,1,2026-08-12,3
8939,46977,1,1,2026-08-12,4
8940,4293,1,1,2026-08-12,3
8941,40859,1,1,2026-08-12,3
8942,5929,1,1,2026-08-12,3
8943,27492,1,1,2026-08-12,3
8944,36113,1,1,2026-08-12,3
8945,14957,1,1,2026-08-12,3
8946,24050,1,1,2026-08-12,3
8947,3654,1,1,2026-08-12,4
8948,23048,1,1,2026-08-12,1
8949,27071,1,1,2026-08-12,4
8950,20905,1,1,2026-08-12,3
8951,11267,1,1,2026-08-12,3
8952,24369,1,1,2026-08-12,3
8953,45962,1,1,2026-08-12,3
8954,45073,1,1,2026-08-12,3
8955,38004,1,1,2026-08-12,3
8956,23240,1,1,2026-08-12,3
8957,30626,1,1,2026-08-12,3
8958,43017,1,1,2026-08-12,5
8959,12265,1,1,2026-08-12,3
8960,33413,1,1,2026-08-12,3
8961,9246,1,1,2026-08-12,3
8962,34521,1,1,2026-08-12,3
8963,43022,1,1,2026-08-12,3
8964,16845,1,1,2026-08-12,3
8965,18097,1,1,2026-08-12,3
8966,36671,1,1,2026-08-12,3
8967,3519,1,1,2026-08-12,4
8968,39925,1,1,2026-08-12,3
8969,21243,1,1,2026-08-12,3
8970,48132,1,1,2026-08-12,3
8971,31609,1,1,2026-08-12,3
8972,26229,1,1,2026-08-12,3
8973,16544,1,1,2026-08-12,4
8974,29192,1,1,2026-08-12,3
8975,18747,1,1,2026-08-12,3
8976,22635,1,1,2026-08-12,4
8977,44879,1,1,2026-08-12,1
8978,37563,1,1,2026-08-12,3
8979,11507,1,1,2026-08-12,3
8980,18419,1,1,2026-08-12,3
8981,38744,1,1,2026-08-12,5
8982,37371,1,1,2026-08-12,3
8983,13263,1,1,2026-08-12,3
8984,39742,1,1,2026-08-12,1
8985,33382,1,1,2026-08-12,3
8986,41117,1,1,2026-08-12,4
8987,39091,1,1,2026-08-12,3
8988,20995,1,1,2026-08-12,3
8989,4098,1,1,2026-08-12,3
8990,46386,1,1,2026-08-12,3
8991,28691,1,1,2026-08-12,3
8992,28594,1,1,2026-08-12,3
8993,33370,1,1,2026-08-12,3
8994,36058,1,1,2026-08-12,3
8995,20378,1,1,2026-08-12,5
8996,30818,1,1,2026-08-12,3
8997,24807,1,1,2026-08-12,3
8998,2678,1,1,2026-08-12,1
8999,23832,1,1,2026-08-12,1
9000,46664,1,1,2026-08-12,4
9001,713,1,1,2026-08-12,3
9002,41419,1,1,2026-08-12,3
9003,43417,1,1,2026-08-12,3
9004,6297,1,1,2026-08-12,3
9005,22376,1,1,2026-08-12,4
9006,14160,1,1,2026-08-12,3
9007,47333,1,1,2026-08-12,3
9008,34105,1,1,2026-08-12,3
9009,26825,1,1,2026-08-12,3
9010,17577,1,1,2026-08-12,1
9011,14685,1,1,2026-08-12,3
9012,21481,1,1,2026-08-12,3
9013,8306,1,1,2026-08-12,3
9014,17907,1,1,2026-08-12,3
9015,41434,1,1,2026-08-12,3
9016,8648,1,1,2026-08-12,1
9017,38327,1,1,2026-08-12,3
9018,10159,1,1,2026-08-12,4
9019,30396,1,1,2026-08-12,3
9020,47082,1,1,2026-08-12,3
9021,45131,1,1,2026-08-12,3
9022,44557,1,1,2026-08-12,1
9023,5346,1,1,2026-08-12,4
9024,30406,1,1,2026-08-12,3
9025,46703,1,1,2026-08-12,3
9026,13398,1,1,2026-08-12,3
9027,48919,1,1,2026-08-12,3
9028,4805,1,1,2026-08-12,3
9029,2597,1,1,2026-08-12,3
9030,43044,1,1,2026-08-12,1
9031,15798,1,1,2026-08-12,3
9032,26455,1,1,2026-08-12,3
9033,35745,1,1,2026-08-12,3
9034,2501,1,1,2026-08-12,3
9035,31582,1,1,2026-08-12,3
9036,3209,1,1,2026-08-12,4
9037,15362,1,1,2026-08-12,3
9038,2888,1,1,2026-08-12,3
9039,37163,1,1,2026-08-12,3
9040,11761,1,1,2026-08-12,3
9041,46819,1,1,2026-08-12,3
9042,24702,1,1,2026-08-12,3
9043,4551,1,1,2026-08-12,3
9044,29225,1,1,2026-08-12,3
9045,7357,1,1,2026-08-12,3
9046,30813,1,1,2026-08-12,3
9047,45420,1,1,2026-08-12,3
9048,27345,1,1,2026-08-12,3
9049,28391,1,1,2026-08-12,3
9050,27897,1,1,2026-08-12,3
9051,44842,1,1,2026-08-12,3
9052,25549,1,1,2026-08-12,3
9053,47785,1,1,2026-08-12,1
9054,35051,1,1,2026-08-12,3
9055,26530,1,1,2026-08-12,3
9056,15483,1,1,2026-08-12,3
9057,5772,1,1,2026-08-12,3
9058,33283,1,1,2026-08-12,3
9059,17776,1,1,2026-08-12,3
9060,19459,1,1,2026-08-12,3
9061,2930,1,1,2026-08-12,3
9062,35386,1,1,2026-08-12,3
9063,49439,1,1,2026-08-12,1
9064,9456,1,1,2026-08-12,3
9065,1504,1,1,2026-08-12,3
9066,1246,1,1,2026-08-12,3
9067,36661,1,1,2026-08-12,3
9068,8939,1,1,2026-08-12,3
9069,8844,1,1,2026-08-12,3
9070,15891,1,1,2026-08-12,4
9071,14105,1,1,2026-08-12,3
9072,14120,1,1,2026-08-12,3
9073,2209,1,1,2026-08-12,3
9074,2813,1,1,2026-08-12,3
9075,37253,1,1,2026-08-12,3
9076,4834,1,1,2026-08-12,3
9077,34716,1,1,2026-08-12,3
9078,11691,1,1,2026-08-12,3
9079,16971,1,1,2026-08-12,3
9080,1179,1,1,2026-08-12,1
9081,39756,1,1,2026-08-12,3
9082,42220,1,1,2026-08-12,4
9083,15443,1,1,2026-08-12,3
9084,13487,1,1,2026-08-12,3
9085,31295,1,1,2026-08-12,3
9086,34503,1,1,2026-08-12,3
9087,29781,1,1,2026-08-12,1
9088,25279,1,1,2026-08-12,4
9089,24199,1,1,2026-08-12,3
9090,27874,1,1,2026-08-12,3
9091,17930,1,1,2026-08-12,3
9092,27936,1,1,2026-08-12,3
9093,28911,1,1,2026-08-12,3
9094,13721,1,1,2026-08-12,3
9095,43586,1,1,2026-08-12,3
9096,24299,1,1,2026-08-12,3
9097,13036,1,1,2026-08-12,3
9098,7522,1,1,2026-08-12,3
9099,46291,1,1,2026-08-12,4
9100,48715,1,1,2026-08-12,3
9101,46771,1,1,2026-08-12,3
9102,38051,1,1,2026-08-12,3
9103,17757,1,1,2026-08-12,3
9104,41860,1,1,2026-08-12,3
9105,5705,1,1,2026-08-12,3
9106,6237,1,1,2026-08-12,3
9107,6346,1,1,2026-08-12,1
9108,28788,1,1,2026-08-12,4
9109,24184,1,1,2026-08-12,3
9110,9921,1,1,2026-08-12,1
9111,36321,1,1,2026-08-12,1
9112,40545,1,1,2026-08-12,3
9113,10110,1,1,2026-08-12,3
9114,34512,1,1,2026-08-12,3
9115,24475,1,1,2026-08-12,3
9116,11195,1,1,2026-08-12,3
9117,18958,1,1,2026-08-12,4
9118,15737,1,1,2026-08-12,3
9119,2779,1,1,2026-08-12,1
9120,25033,1,1,2026-08-12,1
9121,22474,1,1,2026-08-12,3
9122,29932,1,1,2026-08-12,3
9123,11819,1,1,2026-08-12,3
9124,24004,1,1,2026-08-12,3
9125,23220,1,1,2026-08-12,3
9126,15125,1,1,2026-08-12,4
9127,1600,1,1,2026-08-12,3
9128,32816,1,1,2026-08-12,3
9129,20183,1,1,2026-08-12,3
9130,14308,1,1,2026-08-12,1
9131,33357,1,1,2026-08-12,3
9132,32730,1,1,2026-08-12,1
9133,8475,1,1,2026-08-12,3
9134,21702,1,1,2026-08-12,3
9135,30767,1,1,2026-08-12,3
9136,6096,1,1,2026-08-12,3
9137,8143,1,1,2026-08-12,3
9138,16382,1,1,2026-08-12,3
9139,28912,1,1,2026-08-12,3
9140,14545,1,1,2026-08-12,3
9141,2873,1,1,2026-08-12,3
9142,47763,1,1,2026-08-12,3
9143,36386,1,1,2026-08-12,3
9144,7917,1,1,2026-08-12,6
9145,33489,1,1,2026-08-12,3
9146,17056,1,1,2026-08-12,3
9147,15606,1,1,2026-08-12,3
9148,3224,1,1,2026-08-12,3
9149,21024,1,1,2026-08-12,3
9150,37135,1,1,2026-08-12,3
9151,25184,1,1,2026-08-12,3
9152,34050,1,1,2026-08-12,3
9153,18324,1,1,2026-08-12,3
9154,25920,1,1,2026-08-12,3
9155,12693,1,1,2026-08-12,3
9156,23547,1,1,2026-08-12,3
9157,28725,1,1,2026-08-12,3
9158,42715,1,1,2026-08-12,3
9159,37951,1,1,2026-08-12,3
9160,23932,1,1,2026-08-12,3
9161,37604,1,1,2026-08-12,3
9162,22236,1,1,2026-08-12,3
9163,27715,1,1,2026-08-12,3
9164,19108,1,1,2026-08-12,3
9165,11642,1,1,2026-08-12,1
9166,21391,1,1,2026-08-12,3
9167,43704,1,1,2026-08-12,3
9168,20736,1,1,2026-08-12,3
9169,18159,1,1,2026-08-12,3
9170,19821,1,1,2026-08-12,3
9171,4512,1,1,2026-08-12,3
9172,39482,1,1,2026-08-12,3
9173,7993,1,1,2026-08-12,3
9174,19443,1,1,2026-08-12,3
9175,42501,1,1,2026-08-12,3
9176,33327,1,1,2026-08-12,3
9177,2242,1,1,2026-08-12,3
9178,2173,1,1,2026-08-12,3
9179,2917,1,1,2026-08-12,3
9180,19027,1,1,2026-08-12,3
9181,34200,1,1,2026-08-12,3
9182,26615,1,1,2026-08-12,1
9183,16576,1,1,2026-08-12,3
9184,13476,1,1,2026-08-12,5
9185,43657,1,1,2026-08-12,3
9186,23833,1,1,2026-08-12,3
9187,38661,1,1,2026-08-12,4
9188,39126,1,1,2026-08-12,3
9189,9670,1,1,2026-08-12,3
9190,36338,1,1,2026-08-12,4
9191,35519,1,1,2026-08-12,3
9192,45533,1,1,2026-08-12,3
9193,27586,1,1,2026-08-12,4
9194,49111,1,1,2026-08-12,1
9195,10163,1,1,2026-08-12,3
9196,41380,1,1,2026-08-12,3
9197,32310,1,1,2026-08-12,3
9198,19188,1,1,2026-08-12,1
9199,15843,1,1,2026-08-12,3
9200,26274,1,1,2026-08-12,3
9201,45817,1,1,2026-08-12,3
9202,34843,1,1,2026-08-12,1
9203,3740,1,1,2026-08-12,3
9204,41113,1,1,2026-08-12,3
9205,33079,1,1,2026-08-12,3
9206,29390,1,1,2026-08-12,3
9207,39599,1,1,2026-08-12,3
9208,31779,1,1,2026-08-12,3
9209,42684,1,1,2026-08-12,3
9210,28941,1,1,2026-08-12,4
9211,35685,1,1,2026-08-12,4
9212,33693,1,1,2026-08-12,3
9213,43354,1,1,2026-08-12,3
9214,11439,1,1,2026-08-12,1
9215,19680,1,1,2026-08-12,3
9216,34629,1,1,2026-08-12,3
9217,2513,1,1,2026-08-12,3
9218,34581,1,1,2026-08-12,3
9219,14216,1,1,2026-08-12,3
9220,39213,1,1,2026-08-12,3
9221,16735,1,1,2026-08-12,3
9222,9735,1,1,2026-08-12,3
9223,20787,1,1,2026-08-12,3
9224,19748,1,1,2026-08-12,1
9225,20412,1,1,2026-08-12,3
9226,31080,1,1,2026-08-12,3
9227,11956,1,1,2026-08-12,3
9228,21457,1,1,2026-08-12,3
9229,35747,1,1,2026-08-12,1
9230,29146,1,1,2026-08-12,3
9231,29023,1,1,2026-08-12,1
9232,1263,1,1,2026-08-12,3
9233,25716,1,1,2026-08-12,3
9234,37326,1,1,2026-08-12,3
9235,33853,1,1,2026-08-12,3
9236,12099,1,1,2026-08-12,3
9237,27996,1,1,2026-08-12,3
9238,22986,1,1,2026-08-12,3
9239,21306,1,1,2026-08-12,3
9240,20532,1,1,2026-08-12,5
9241,495,1,1,2026-08-12,3
9242,12350,1,1,2026-08-12,3
9243,33709,1,1,2026-08-12,3
9244,5180,1,1,2026-08-12,3
9245,38132,1,1,2026-08-12,4
9246,40508,1,1,2026-08-12,3
9247,34929,1,1,2026-08-12,3
9248,40680,1,1,2026-08-12,3
9249,29629,1,1,2026-08-12,3
9250,46635,1,1,2026-08-12,4
9251,13351,1,1,2026-08-12,3
9252,14504,1,1,2026-08-12,3
9253,11376,1,1,2026-08-12,3
9254,49357,1,1,2026-08-12,3
9255,49655,1,1,2026-08-12,3
9256,8900,1,1,2026-08-12,3
9257,958,1,1,2026-08-12,3
9258,38407,1,1,2026-08-12,3
9259,15630,1,1,2026-08-12,3
9260,40283,1,1,2026-08-12,3
9261,39783,1,1,2026-08-12,3
9262,15009,1,1,2026-08-12,3
9263,40760,1,1,2026-08-12,3
9264,11357,1,1,2026-08-12,3
9265,49735,1,1,2026-08-12,3
9266,32653,1,1,2026-08-12,3
9267,16227,1,1,2026-08-12,3
9268,48925,1,1,2026-08-12,3
9269,32716,1,1,2026-08-12,3
9270,28717,1,1,2026-08-12,4
9271,38359,1,1,2026-08-12,3
9272,31698,1,1,2026-08-12,3
9273,38315,1,1,2026-08-12,3
9274,19860,1,1,2026-08-12,3
9275,36036,1,1,2026-08-12,3
9276,29330,1,1,2026-08-12,3
9277,3670,1,1,2026-08-12,3
9278,44487,1,1,2026-08-12,3
9279,39130,1,1,2026-08-12,3
9280,40518,1,1,2026-08-12,3
9281,18271,1,1,2026-08-12,3
9282,1626,1,1,2026-08-12,3
9283,10605,1,1,2026-08-12,3
9284,47557,1,1,2026-08-12,3
9285,17156,1,1,2026-08-12,3
9286,5047,1,1,2026-08-12,3
9287,28061,1,1,2026-08-12,3
9288,2352,1,1,2026-08-12,4
9289,20400,1,1,2026-08-12,1
9290,16420,1,1,2026-08-12,3
9291,49679,1,1,2026-08-12,3
9292,22035,1,1,2026-08-12,3
9293,8421,1,1,2026-08-12,3
9294,43537,1,1,2026-08-12,3
9295,36415,1,1,2026-08-12,3
9296,377,1,1,2026-08-12,3
9297,38957,1,1,2026-08-12,3
9298,45919,1,1,2026-08-12,3
9299,5625,1,1,2026-08-12,4
9300,34159,1,1,2026-08-12,4
9301,14436,1,1,2026-08-12,3
9302,36858,1,1,2026-08-12,3
9303,34571,1,1,2026-08-12,1
9304,18390,1,1,2026-08-12,3
9305,35738,1,1,2026-08-12,3
9306,41457,1,1,2026-08-12,3
9307,7614,1,1,2026-08-12,3
9308,26394,3,1,2026-08-12,1
9309,9795,3,1,2026-08-12,3
9310,26783,3,1,2026-08-12,3
9311,13908,3,1,2026-08-12,3
9312,32799,3,1,2026-08-12,2
9313,24867,3,1,2026-08-12,4
9314,10668,3,1,2026-08-12,2
9315,7597,3,1,2026-08-12,3
9316,11581,3,1,2026-08-12,2
9317,36552,3,1,2026-08-12,1
9318,1495,3,1,2026-08-12,3
9319,12010,3,1,2026-08-12,2
9320,9232,3,1,2026-08-12,3
9321,23174,3,1,2026-08-12,3
9322,11810,3,1,2026-08-12,2
9323,21887,3,1,2026-08-12,3
9324,25706,3,1,2026-08-12,3
9325,44250,3,1,2026-08-12,5
9326,33117,3,1,2026-08-12,1
9327,3052,3,1,2026-08-12,1
9328,26846,3,1,2026-08-12,1
9329,16316,3,1,2026-08-12,2
9330,15405,3,1,2026-08-12,3
9331,2314,3,1,2026-08-12,3
9332,5031,3,1,2026-08-12,2
9333,10746,3,1,2026-08-12,3
9334,5242,3,1,2026-08-12,3
9335,18305,3,1,2026-08-12,1
9336,44494,3,1,2026-08-12,2
9337,31791,3,1,2026-08-12,5
9338,10672,3,1,2026-08-12,2
9339,29789,3,1,2026-08-12,2
9340,13258,3,1,2026-08-12,3
9341,27028,3,1,2026-08-12,2
9342,33053,3,1,2026-08-12,1
9343,27781,3,1,2026-08-12,2
9344,27022,3,1,2026-08-12,4
9345,49548,3,1,2026-08-12,2
9346,41723,3,1,2026-08-12,3
9347,24309,3,1,2026-08-12,4
9348,21934,3,1,2026-08-12,1
9349,41603,3,1,2026-08-12,2
9350,33084,3,1,2026-08-12,1
9351,48951,3,1,2026-08-12,1
9352,4288,3,1,2026-08-12,2
9353,32629,3,1,2026-08-12,1
9354,2256,3,1,2026-08-12,2
9355,12406,3,1,2026-08-12,3
9356,25293,3,1,2026-08-12,3
9357,46962,3,1,2026-08-12,4
9358,38040,3,1,2026-08-12,3
9359,45647,3,1,2026-08-12,3
9360,45343,3,1,2026-08-12,3
9361,31783,3,1,2026-08-12,2
9362,31913,3,1,2026-08-12,3
9363,18696,3,1,2026-08-12,3
9364,47425,3,1,2026-08-12,3
9365,31469,3,1,2026-08-12,3
9366,19301,3,1,2026-08-12,3
9367,20162,3,1,2026-08-12,1
9368,9302,3,1,2026-08-12,1
9369,37351,3,1,2026-08-12,2
9370,32484,3,1,2026-08-12,3
9371,40137,3,1,2026-08-12,2
9372,19299,3,1,2026-08-12,3
9373,44371,3,1,2026-08-12,2
9374,7251,3,1,2026-08-12,3
9375,27342,3,1,2026-08-12,2
9376,34260,3,1,2026-08-12,3
9377,17414,3,1,2026-08-12,3
9378,7399,3,1,2026-08-12,3
9379,16540,3,1,2026-08-12,3
9380,1032,3,1,2026-08-12,5
9381,30720,3,1,2026-08-12,3
9382,45974,3,1,2026-08-12,3
9383,38554,3,1,2026-08-12,3
9384,22320,3,1,2026-08-12,1
9385,20117,3,1,2026-08-12,3
9386,43629,3,1,2026-08-12,2
9387,39715,3,1,2026-08-12,2
9388,46012,3,1,2026-08-12,1
9389,19875,3,1,2026-08-12,3
9390,6978,3,1,2026-08-12,1
9391,1455,3,1,2026-08-12,3
9392,19130,3,1,2026-08-12,3
9393,27464,3,1,2026-08-12,4
9394,47433,3,1,2026-08-12,2
9395,43319,3,1,2026-08-12,3
9396,47058,3,1,2026-08-12,3
9397,37486,3,1,2026-08-12,3
9398,9154,3,1,2026-08-12,2
9399,48277,3,1,2026-08-12,3
9400,33740,3,1,2026-08-12,4
9401,24306,3,1,2026-08-12,3
9402,33646,3,1,2026-08-12,2
9403,3606,3,1,2026-08-12,3
9404,26156,3,1,2026-08-12,2
9405,2061,3,1,2026-08-12,3
9406,34508,3,1,2026-08-12,3
9407,43952,3,1,2026-08-12,2
9408,42049,3,1,2026-08-12,3
9409,1929,3,1,2026-08-12,3
9410,39686,3,1,2026-08-12,3
9411,41009,3,1,2026-08-12,3
9412,23648,3,1,2026-08-12,3
9413,11735,3,1,2026-08-12,3
9414,4012,3,1,2026-08-12,2
9415,8433,3,1,2026-08-12,1
9416,37099,3,1,2026-08-12,1
9417,10037,3,1,2026-08-12,2
9418,177,3,1,2026-08-12,3
9419,33938,3,1,2026-08-12,2
9420,48530,3,1,2026-08-12,3
9421,24409,3,1,2026-08-12,2
9422,40928,3,1,2026-08-12,3
9423,15398,3,1,2026-08-12,1
9424,10503,3,1,2026-08-12,3
9425,745,3,1,2026-08-12,3
9426,47829,3,1,2026-08-12,3
9427,18997,3,1,2026-08-12,4
9428,43078,3,1,2026-08-12,2
9429,10637,3,1,2026-08-12,3
9430,43523,3,1,2026-08-12,3
9431,21400,3,1,2026-08-12,3
9432,41252,3,1,2026-08-12,3
9433,4130,3,1,2026-08-12,3
9434,5199,3,1,2026-08-12,3
9435,48103,3,1,2026-08-12,3
9436,15698,3,1,2026-08-12,3
9437,35935,3,1,2026-08-12,3
9438,44851,3,1,2026-08-12,2
9439,5565,3,1,2026-08-12,4
9440,35867,3,1,2026-08-12,3
9441,6912,3,1,2026-08-12,3
9442,10769,3,1,2026-08-12,4
9443,45206,3,1,2026-08-12,3
9444,11282,3,1,2026-08-12,4
9445,18892,3,1,2026-08-12,1
9446,27277,3,1,2026-08-12,2
9447,49624,3,1,2026-08-12,2
9448,31647,3,1,2026-08-12,2
9449,22942,3,1,2026-08-12,2
9450,13590,3,1,2026-08-12,2
9451,22746,3,1,2026-08-12,3
9452,39032,3,1,2026-08-12,3
9453,10485,3,1,2026-08-12,3
9454,8068,3,1,2026-08-12,1
9455,35417,3,1,2026-08-12,3
9456,47426,3,1,2026-08-12,2
9457,19495,3,1,2026-08-12,4
9458,33721,3,1,2026-08-12,1
9459,45657,3,1,2026-08-12,3
9460,45181,3,1,2026-08-12,3
9461,5628,3,1,2026-08-12,5
9462,48464,3,1,2026-08-12,3
9463,11952,3,1,2026-08-12,1
9464,47236,3,1,2026-08-12,2
9465,21715,3,1,2026-08-12,2
9466,31341,3,1,2026-08-12,3
9467,2177,3,1,2026-08-12,3
9468,4831,3,1,2026-08-12,2
9469,37357,3,1,2026-08-12,3
9470,21626,3,1,2026-08-12,3
9471,9934,3,1,2026-08-12,1
9472,29416,3,1,2026-08-12,1
9473,47800,3,1,2026-08-12,3
9474,23099,3,1,2026-08-12,2
9475,37878,3,1,2026-08-12,3
9476,27488,3,1,2026-08-12,1
9477,8802,3,1,2026-08-12,1
9478,4161,3,1,2026-08-12,1
9479,26759,3,1,2026-08-12,1
9480,20427,3,1,2026-08-12,3
9481,1764,3,1,2026-08-12,4
9482,22191,3,1,2026-08-12,3
9483,31461,3,1,2026-08-12,3
9484,22244,3,1,2026-08-12,3
9485,5527,3,1,2026-08-12,1
9486,48776,3,1,2026-08-12,3
9487,39260,3,1,2026-08-12,3
9488,25180,3,1,2026-08-12,1
9489,24993,3,1,2026-08-12,1
9490,40427,3,1,2026-08-12,3
9491,48813,3,1,2026-08-12,3
9492,17547,3,1,2026-08-12,3
9493,5461,3,1,2026-08-12,3
9494,378,3,1,2026-08-12,2
9495,42389,3,1,2026-08-12,3
9496,19722,3,1,2026-08-12,1
9497,32983,3,1,2026-08-12,3
9498,45357,3,1,2026-08-12,3
9499,29701,3,1,2026-08-12,3
9500,49423,3,1,2026-08-12,2
9501,39546,3,1,2026-08-12,3
9502,37367,3,1,2026-08-12,1
9503,39887,3,1,2026-08-12,2
9504,7615,3,1,2026-08-12,3
9505,33006,3,1,2026-08-12,3
9506,26144,3,1,2026-08-12,3
9507,7891,3,1,2026-08-12,3
9508,16574,3,1,2026-08-12,2
9509,16470,3,1,2026-08-12,3
9510,44154,3,1,2026-08-12,3
9511,17034,3,1,2026-08-12,3
9512,30380,3,1,2026-08-12,3
9513,41421,3,1,2026-08-12,4
9514,15724,3,1,2026-08-12,2
9515,35821,3,1,2026-08-12,3
9516,11103,3,1,2026-08-12,1
9517,31187,3,1,2026-08-12,3
9518,20695,3,1,2026-08-12,2
9519,159,3,1,2026-08-12,3
9520,14333,3,1,2026-08-12,2
9521,5805,3,1,2026-08-12,4
9522,39795,3,1,2026-08-12,2
9523,7304,3,1,2026-08-12,3
9524,42065,3,1,2026-08-12,1
9525,49691,3,1,2026-08-12,3
9526,6685,3,1,2026-08-12,2
9527,46588,3,1,2026-08-12,4
9528,18818,3,1,2026-08-12,3
9529,27603,3,1,2026-08-12,3
9530,6025,3,1,2026-08-12,3
9531,6269,3,1,2026-08-12,3
9532,30302,3,1,2026-08-12,1
9533,11341,3,1,2026-08-12,3
9534,30241,3,1,2026-08-12,3
9535,16946,3,1,2026-08-12,1
9536,13064,3,1,2026-08-12,3
9537,21909,3,1,2026-08-12,2
9538,17258,3,1,2026-08-12,3
9539,27190,3,1,2026-08-12,3
9540,21007,3,1,2026-08-12,3
9541,15742,3,1,2026-08-12,3
9542,42692,3,1,2026-08-12,1
9543,41052,3,1,2026-08-12,1
9544,14363,3,1,2026-08-12,2
9545,29842,3,1,2026-08-12,3
9546,36429,3,1,2026-08-12,3
9547,32270,3,1,2026-08-12,3
9548,10383,3,1,2026-08-12,2
9549,48303,3,1,2026-08-12,3
9550,3898,3,1,2026-08-12,1
9551,28475,3,1,2026-08-12,3
9552,48167,3,1,2026-08-12,3
9553,5271,3,1,2026-08-12,2
9554,17426,3,1,2026-08-12,3
9555,32359,3,1,2026-08-12,3
9556,14394,3,1,2026-08-12,3
9557,27702,3,1,2026-08-12,3
9558,32621,3,1,2026-08-12,2
9559,3722,3,1,2026-08-12,2
9560,278,3,1,2026-08-12,2
9561,4653,3,1,2026-08-12,2
9562,7626,3,1,2026-08-12,3
9563,24673,3,1,2026-08-12,3
9564,23604,3,1,2026-08-12,2
9565,34400,3,1,2026-08-12,4
9566,5582,3,1,2026-08-12,3
9567,119,3,1,2026-08-12,3
9568,37359,3,1,2026-08-12,3
9569,12024,3,1,2026-08-12,3
9570,45649,3,1,2026-08-12,3
9571,21710,3,1,2026-08-12,4
9572,35476,3,1,2026-08-12,3
9573,44956,3,1,2026-08-12,3
9574,49802,3,1,2026-08-12,1
9575,34482,3,1,2026-08-12,1
9576,13582,3,1,2026-08-12,1
9577,17063,3,1,2026-08-12,2
9578,29613,3,1,2026-08-12,3
9579,42528,3,1,2026-08-12,2
9580,1544,3,1,2026-08-12,3
9581,1794,3,1,2026-08-12,3
9582,39714,3,1,2026-08-12,2
9583,30722,3,1,2026-08-12,2
9584,44888,3,1,2026-08-12,4
9585,32298,3,1,2026-08-12,2
9586,16051,3,1,2026-08-12,1
9587,18759,3,1,2026-08-12,3
9588,22883,3,1,2026-08-12,4
9589,40261,3,1,2026-08-12,3
9590,27928,3,1,2026-08-12,3
9591,42276,3,1,2026-08-12,2
9592,874,3,1,2026-08-12,1
9593,11790,3,1,2026-08-12,4
9594,10295,3,1,2026-08-12,3
9595,21504,3,1,2026-08-12,2
9596,37252,3,1,2026-08-12,2
9597,41901,3,1,2026-08-12,3
9598,23851,3,1,2026-08-12,3
9599,32527,3,1,2026-08-12,5
9600,37660,3,1,2026-08-12,3
9601,5340,3,1,2026-08-12,3
9602,10210,3,1,2026-08-12,3
9603,30973,3,1,2026-08-12,2
9604,48143,3,1,2026-08-12,1
9605,16386,3,1,2026-08-12,3
9606,2687,3,1,2026-08-12,1
9607,17741,3,1,2026-08-12,3
9608,9436,3,1,2026-08-12,3
9609,28671,3,1,2026-08-12,3
9610,33760,3,1,2026-08-12,1
9611,14578,3,1,2026-08-12,1
9612,39319,3,1,2026-08-12,1
9613,21200,3,1,2026-08-12,1
9614,1805,3,1,2026-08-12,3
9615,25790,3,1,2026-08-12,2
9616,45801,3,1,2026-08-12,3
9617,47346,3,1,2026-08-12,3
9618,21344,3,1,2026-08-12,2
9619,38873,3,1,2026-08-12,2
9620,45345,3,1,2026-08-12,4
9621,26914,3,2,2026-08-12,3
9622,38962,3,2,2026-08-12,2
9623,42975,3,2,2026-08-12,3
9624,25537,3,2,2026-08-12,3
9625,31971,3,2,2026-08-12,3
9626,4047,3,2,2026-08-12,1
9627,48728,3,2,2026-08-12,3
9628,46222,3,2,2026-08-12,3
9629,9933,3,2,2026-08-12,2
9630,22498,3,2,2026-08-12,3
9631,44102,3,2,2026-08-12,3
9632,42540,3,2,2026-08-12,2
9633,6051,3,2,2026-08-12,3
9634,32504,3,2,2026-08-12,1
9635,18626,3,2,2026-08-12,3
9636,49390,3,2,2026-08-12,1
9637,16191,3,2,2026-08-12,2
9638,27800,3,2,2026-08-12,1
9639,9540,3,2,2026-08-12,3
9640,46774,3,2,2026-08-12,2
9641,45320,3,2,2026-08-12,3
9642,1098,3,2,2026-08-12,2
9643,23061,3,2,2026-08-12,2
9644,21247,3,2,2026-08-12,3
9645,40255,3,2,2026-08-12,1
9646,45932,3,2,2026-08-12,3
9647,40837,3,2,2026-08-12,2
9648,42625,3,2,2026-08-12,1
9649,28341,3,2,2026-08-12,3
9650,32306,3,2,2026-08-12,1
9651,4588,3,2,2026-08-12,3
9652,18683,3,2,2026-08-12,1
9653,28534,3,2,2026-08-12,3
9654,5355,3,2,2026-08-12,3
9655,14110,3,2,2026-08-12,1
9656,31540,3,2,2026-08-12,2
9657,20265,3,2,2026-08-12,2
9658,222,3,2,2026-08-12,3
9659,17897,3,2,2026-08-12,3
9660,22884,3,2,2026-08-12,2
9661,26306,3,2,2026-08-12,3
9662,20173,3,2,2026-08-12,2
9663,10453,3,2,2026-08-12,2
9664,11767,3,2,2026-08-12,2
9665,41529,3,2,2026-08-12,2
9666,28254,3,2,2026-08-12,2
9667,29616,3,2,2026-08-12,3
9668,48725,3,2,2026-08-12,3
9669,1875,3,2,2026-08-12,1
9670,7935,3,2,2026-08-12,3
9671,19466,3,2,2026-08-12,2
9672,35966,3,2,2026-08-12,3
9673,8602,3,2,2026-08-12,1
9674,40797,3,2,2026-08-12,4
9675,43540,3,2,2026-08-12,1
9676,17862,3,2,2026-08-12,3
9677,44271,3,2,2026-08-12,4
9678,16233,3,2,2026-08-12,1
9679,26370,3,2,2026-08-12,3
9680,3701,3,2,2026-08-12,3
9681,43020,3,2,2026-08-12,1
9682,31685,3,2,2026-08-12,2
9683,42024,3,2,2026-08-12,2
9684,15983,2,1,2026-08-12,3
9685,25022,2,1,2026-08-12,3
9686,48726,2,1,2026-08-12,3
9687,6704,2,1,2026-08-12,1
9688,30031,2,1,2026-08-12,3
9689,44085,2,1,2026-08-12,4
9690,31887,2,1,2026-08-12,3
9691,10664,2,1,2026-08-12,4
9692,37064,2,1,2026-08-12,4
9693,23463,2,1,2026-08-12,2
9694,37087,2,1,2026-08-12,1
9695,31689,2,1,2026-08-12,3
9696,18824,2,1,2026-08-12,4
9697,12411,2,1,2026-08-12,4
9698,27627,2,1,2026-08-12,4
9699,35643,2,1,2026-08-12,4
9700,46998,2,1,2026-08-12,2
9701,21421,2,1,2026-08-12,5
9702,35695,2,1,2026-08-12,1
9703,25994,2,1,2026-08-12,4
9704,1454,2,1,2026-08-12,2
9705,40772,2,1,2026-08-12,3
9706,5425,2,1,2026-08-12,3
9707,282,2,1,2026-08-12,4
9708,42840,2,1,2026-08-12,3
9709,49418,2,1,2026-08-12,4
9710,32441,2,1,2026-08-12,4
9711,4824,2,1,2026-08-12,3
9712,11686,2,1,2026-08-12,3
9713,38546,2,1,2026-08-12,4
9714,25173,2,1,2026-08-12,4
9715,30407,2,1,2026-08-12,5
9716,21801,2,1,2026-08-12,3
9717,38349,2,1,2026-08-12,3
9718,20239,2,1,2026-08-12,1
9719,34109,2,1,2026-08-12,4
9720,26967,2,1,2026-08-12,3
9721,9070,2,1,2026-08-12,3
9722,26410,2,1,2026-08-12,4
9723,44513,2,1,2026-08-12,4
9724,45057,2,1,2026-08-12,3
9725,17645,2,1,2026-08-12,4
9726,7610,2,1,2026-08-12,4
9727,46857,2,1,2026-08-12,3
9728,19106,2,1,2026-08-12,3
9729,27974,2,1,2026-08-12,4
9730,1941,2,1,2026-08-12,4
9731,22720,2,1,2026-08-12,3
9732,37178,2,1,2026-08-12,3
9733,5278,2,1,2026-08-12,2
9734,3794,2,1,2026-08-12,4
9735,36866,2,1,2026-08-12,3
9736,17198,2,1,2026-08-12,4
9737,40421,2,1,2026-08-12,3
9738,23914,2,1,2026-08-12,3
9739,30190,2,1,2026-08-12,3
9740,23399,2,1,2026-08-12,3
9741,22033,2,1,2026-08-12,3
9742,26298,2,1,2026-08-12,3
9743,10546,2,1,2026-08-12,4
9744,39145,2,1,2026-08-12,4
9745,2724,2,1,2026-08-12,3
9746,10571,2,1,2026-08-12,3
9747,20810,2,1,2026-08-12,1
9748,9690,2,1,2026-08-12,3
9749,4610,2,1,2026-08-12,3
9750,30482,2,1,2026-08-12,4
9751,42555,2,1,2026-08-12,1
9752,18330,2,1,2026-08-12,5
9753,12926,2,1,2026-08-12,1
9754,35272,2,1,2026-08-12,4
9755,15330,2,1,2026-08-12,3
9756,49007,2,1,2026-08-12,3
9757,11516,2,1,2026-08-12,2
9758,24410,2,1,2026-08-12,4
9759,4045,2,1,2026-08-12,4
9760,28589,2,1,2026-08-12,3
9761,42259,2,1,2026-08-12,4
9762,31511,2,1,2026-08-12,3
9763,19046,2,1,2026-08-12,3
9764,21021,2,1,2026-08-12,3
9765,38860,2,1,2026-08-12,3
9766,3587,2,1,2026-08-12,3
9767,18237,2,1,2026-08-12,3
9768,660,2,1,2026-08-12,3
9769,36586,2,1,2026-08-12,4
9770,37720,2,1,2026-08-12,3
9771,26896,2,1,2026-08-12,3
9772,39700,2,1,2026-08-12,3
9773,34856,2,1,2026-08-12,3
9774,43296,2,1,2026-08-12,3
9775,19839,2,1,2026-08-12,3
9776,46570,2,1,2026-08-12,4
9777,41246,2,1,2026-08-12,2
9778,35983,2,1,2026-08-12,4
9779,31790,2,1,2026-08-12,4
9780,6873,2,1,2026-08-12,3
9781,43014,2,1,2026-08-12,2
9782,11007,2,1,2026-08-12,3
9783,725,2,1,2026-08-12,3
9784,46792,2,1,2026-08-12,1
9785,12725,2,1,2026-08-12,3
9786,27853,2,1,2026-08-12,4
9787,30495,2,1,2026-08-12,4
9788,2274,2,1,2026-08-12,3
9789,4530,2,1,2026-08-12,4
9790,1575,2,1,2026-08-12,1
9791,4281,2,1,2026-08-12,3
9792,10322,2,1,2026-08-12,3
9793,35869,2,1,2026-08-12,4
9794,16345,2,1,2026-08-12,4
9795,49516,2,1,2026-08-12,1
9796,38729,2,1,2026-08-12,4
9797,35939,2,1,2026-08-12,4
9798,8245,2,1,2026-08-12,3
9799,25338,2,1,2026-08-12,4
9800,42211,2,1,2026-08-12,4
9801,5202,2,1,2026-08-12,4
9802,28023,2,1,2026-08-12,3
9803,15706,2,1,2026-08-12,4
9804,34529,2,1,2026-08-12,4
9805,49727,2,1,2026-08-12,4
9806,7931,2,1,2026-08-12,1
9807,5396,2,1,2026-08-12,4
9808,41129,2,1,2026-08-12,3
9809,8588,2,2,2026-08-12,3
9810,8848,2,2,2026-08-12,4
9811,1819,2,2,2026-08-12,3
9812,685,2,2,2026-08-12,4
9813,3528,2,2,2026-08-12,3
9814,45584,2,2,2026-08-12,3
9815,13033,2,2,2026-08-12,4
9816,7783,2,2,2026-08-12,4
9817,27020,2,2,2026-08-12,1
9818,679,2,2,2026-08-12,3
9819,34439,2,2,2026-08-12,4
9820,14139,2,2,2026-08-12,3
9821,5237,2,2,2026-08-12,3
9822,7819,2,2,2026-08-12,3
9823,42134,2,2,2026-08-12,3
9824,14276,2,2,2026-08-12,3
9825,790,2,2,2026-08-12,4
9826,21382,2,2,2026-08-12,3
9827,17683,2,2,2026-08-12,3
9828,23559,2,2,2026-08-12,4
9829,32506,2,2,2026-08-12,3
9830,37733,2,2,2026-08-12,2
9831,26769,2,2,2026-08-12,3
9832,23915,2,2,2026-08-12,3
9833,6507,2,2,2026-08-12,3
9834,4809,2,2,2026-08-12,3
9835,19796,2,2,2026-08-12,2
9836,16034,2,2,2026-08-12,4
9837,46511,2,2,2026-08-12,3
9838,31793,2,2,2026-08-12,1
9839,20862,2,2,2026-08-12,4
9840,27998,2,2,2026-08-12,3
9841,501,2,2,2026-08-12,3
9842,1826,2,2,2026-08-12,1
9843,8719,2,2,2026-08-12,3
9844,25211,2,2,2026-08-12,4
9845,33840,2,2,2026-08-12,4
9846,10239,2,2,2026-08-12,3
9847,44563,2,2,2026-08-12,3
9848,25014,2,2,2026-08-12,4
9849,15531,2,2,2026-08-12,3
9850,38431,2,2,2026-08-12,3
9851,27431,2,2,2026-08-12,1
9852,12499,2,2,2026-08-12,3
9853,8272,2,2,2026-08-12,4
9854,15507,2,2,2026-08-12,4
9855,35679,2,2,2026-08-12,1
9856,20295,2,2,2026-08-12,3
9857,47507,2,2,2026-08-12,2
9858,2555,2,2,2026-08-12,4
9859,13545,2,4,2026-08-12,3
9860,11073,2,4,2026-08-12,4
9861,45110,2,4,2026-08-12,4
9862,37047,2,4,2026-08-12,4
9863,49979,2,4,2026-08-12,4
9864,7951,2,4,2026-08-12,5
9865,3261,2,4,2026-08-12,4
9866,824,2,4,2026-08-12,5
9867,10022,2,4,2026-08-12,4
9868,28087,2,4,2026-08-12,3
9869,23196,2,4,2026-08-12,3
9870,30399,2,4,2026-08-12,4
9871,1117,2,4,2026-08-12,3
9872,34949,2,4,2026-08-12,4
9873,20757,2,4,2026-08-12,3
9874,30353,2,4,2026-08-12,4
9875,41486,2,4,2026-08-12,4
9876,13109,2,4,2026-08-12,3
9877,36510,2,4,2026-08-12,4
9878,24524,2,4,2026-08-12,3
9879,37522,2,4,2026-08-12,4
9880,39056,2,4,2026-08-12,3
9881,1293,2,4,2026-08-12,1
9882,17010,2,4,2026-08-12,4
9883,46077,2,4,2026-08-12,3
9884,20277,2,4,2026-08-12,4
9885,38619,2,4,2026-08-12,3
9886,26613,2,4,2026-08-12,4
9887,12993,2,4,2026-08-12,4
9888,34983,2,4,2026-08-12,3
9889,10161,2,4,2026-08-12,4
9890,24257,2,4,2026-08-12,3
9891,265,2,4,2026-08-12,4
9892,17078,2,4,2026-08-12,3
9893,32356,2,4,2026-08-12,3
9894,37217,2,4,2026-08-12,1
9895,43342,2,4,2026-08-12,3
9896,22128,2,4,2026-08-12,3
9897,19663,2,4,2026-08-12,3
9898,3545,2,4,2026-08-12,4
9899,22691,2,4,2026-08-12,3
9900,43689,2,4,2026-08-12,3
9901,23052,2,4,2026-08-12,4
9902,27729,2,4,2026-08-12,3
9903,45804,2,4,2026-08-12,4
9904,26743,2,4,2026-08-12,4
9905,6256,2,4,2026-08-12,3
9906,6770,2,4,2026-08-12,4
9907,689,2,4,2026-08-12,1
9908,39105,2,4,2026-08-12,5
9909,19135,2,4,2026-08-12,3
9910,6991,2,4,2026-08-12,3
9911,33884,2,4,2026-08-12,4
9912,1392,2,4,2026-08-12,3
9913,36096,2,4,2026-08-12,1
9914,3001,2,4,2026-08-12,6
9915,46990,2,4,2026-08-12,1
9916,31565,2,4,2026-08-12,3
9917,16175,2,4,2026-08-12,3
9918,39710,2,4,2026-08-12,4
9919,17952,2,4,2026-08-12,4
9920,15989,2,4,2026-08-12,4
9921,14834,2,4,2026-08-12,4
9922,20678,2,4,2026-08-12,4
9923,46513,2,4,2026-08-12,4
9924,7218,2,4,2026-08-12,3
9925,48241,2,4,2026-08-12,4
9926,42843,2,4,2026-08-12,2
9927,1793,2,4,2026-08-12,4
9928,12458,2,4,2026-08-12,3
9929,17304,2,4,2026-08-12,1
9930,22526,2,4,2026-08-12,4
9931,9269,2,4,2026-08-12,3
9932,19061,2,4,2026-08-12,3
9933,26247,2,4,2026-08-12,3
9934,47040,1,1,2026-08-13,3
9935,22133,1,1,2026-08-13,3
9936,34012,1,1,2026-08-13,3
9937,38408,1,1,2026-08-13,3
9938,45394,1,1,2026-08-13,3
9939,19628,1,1,2026-08-13,3
9940,5712,1,1,2026-08-13,3
9941,4337,1,1,2026-08-13,1
9942,19490,1,1,2026-08-13,3
9943,22357,1,1,2026-08-13,3
9944,36098,1,1,2026-08-13,3
9945,24385,1,1,2026-08-13,3
9946,25806,1,1,2026-08-13,1
9947,30003,1,1,2026-08-13,3
9948,16852,1,1,2026-08-13,3
9949,38119,1,1,2026-08-13,3
9950,45088,1,1,2026-08-13,1
9951,14111,1,1,2026-08-13,3
9952,17864,1,1,2026-08-13,3
9953,6214,1,1,2026-08-13,1
9954,288,1,1,2026-08-13,4
9955,33440,1,1,2026-08-13,3
9956,36039,1,1,2026-08-13,3
9957,1054,1,1,2026-08-13,3
9958,12599,1,1,2026-08-13,1
9959,26727,1,1,2026-08-13,3
9960,46770,1,1,2026-08-13,3
9961,44711,1,1,2026-08-13,3
9962,45723,1,1,2026-08-13,3
9963,23281,1,1,2026-08-13,3
9964,7925,1,1,2026-08-13,3
9965,34175,1,1,2026-08-13,3
9966,5971,1,1,2026-08-13,3
9967,47358,1,1,2026-08-13,3
9968,5531,1,1,2026-08-13,3
9969,9307,1,1,2026-08-13,3
9970,14089,1,1,2026-08-13,3
9971,1983,1,1,2026-08-13,3
9972,44470,1,1,2026-08-13,1
9973,13717,1,1,2026-08-13,3
9974,42558,1,1,2026-08-13,1
9975,24555,1,1,2026-08-13,3
9976,49992,1,1,2026-08-13,3
9977,42771,1,1,2026-08-13,4
9978,27014,1,1,2026-08-13,3
9979,514,1,1,2026-08-13,1
9980,13521,1,1,2026-08-13,3
9981,41488,1,1,2026-08-13,3
9982,18930,1,1,2026-08-13,3
9983,37940,1,1,2026-08-13,3
9984,7948,1,1,2026-08-13,3
9985,19883,1,1,2026-08-13,3
9986,16294,1,1,2026-08-13,1
9987,17110,1,1,2026-08-13,3
9988,4269,1,1,2026-08-13,3
9989,11094,1,1,2026-08-13,3
9990,30634,1,1,2026-08-13,4
9991,27180,1,1,2026-08-13,3
9992,30235,1,1,2026-08-13,3
9993,28158,1,1,2026-08-13,3
9994,33083,1,1,2026-08-13,4
9995,15703,1,1,2026-08-13,3
9996,29268,1,1,2026-08-13,3
9997,25459,1,1,2026-08-13,3
9998,9038,1,1,2026-08-13,3
9999,15880,1,1,2026-08-13,4
10000,20683,1,1,2026-08-13,3
10001,22970,1,1,2026-08-13,5
10002,12530,1,1,2026-08-13,3
10003,46897,1,1,2026-08-13,3
10004,4950,1,1,2026-08-13,3
10005,40325,1,1,2026-08-13,3
10006,24197,1,1,2026-08-13,4
10007,49160,1,1,2026-08-13,3
10008,40147,1,1,2026-08-13,3
10009,33399,1,1,2026-08-13,3
10010,19612,1,1,2026-08-13,3
10011,6798,1,1,2026-08-13,3
10012,48268,1,1,2026-08-13,3
10013,45681,1,1,2026-08-13,1
10014,19570,1,1,2026-08-13,3
10015,31993,1,1,2026-08-13,3
10016,5140,1,1,2026-08-13,3
10017,25350,1,1,2026-08-13,3
10018,15899,1,1,2026-08-13,3
10019,13016,1,1,2026-08-13,3
10020,12905,1,1,2026-08-13,3
10021,23132,1,1,2026-08-13,3
10022,6046,1,1,2026-08-13,3
10023,43932,1,1,2026-08-13,3
10024,36322,1,1,2026-08-13,3
10025,15127,1,1,2026-08-13,3
10026,4249,1,1,2026-08-13,3
10027,11575,1,1,2026-08-13,3
10028,48901,1,1,2026-08-13,3
10029,49678,1,1,2026-08-13,3
10030,25623,1,1,2026-08-13,3
10031,42739,1,1,2026-08-13,1
10032,39234,1,1,2026-08-13,4
10033,49321,1,1,2026-08-13,3
10034,1298,1,1,2026-08-13,3
10035,35018,1,1,2026-08-13,3
10036,1381,1,1,2026-08-13,3
10037,12970,1,1,2026-08-13,5
10038,8146,1,1,2026-08-13,3
10039,41288,1,1,2026-08-13,3
10040,7470,1,1,2026-08-13,3
10041,42260,1,1,2026-08-13,3
10042,9387,1,1,2026-08-13,3
10043,46837,1,1,2026-08-13,3
10044,25737,1,1,2026-08-13,3
10045,15475,1,1,2026-08-13,1
10046,19331,1,1,2026-08-13,3
10047,8182,1,1,2026-08-13,4
10048,3388,1,1,2026-08-13,3
10049,9057,1,1,2026-08-13,3
10050,21288,1,1,2026-08-13,3
10051,15304,1,1,2026-08-13,3
10052,25770,1,1,2026-08-13,4
10053,23305,1,1,2026-08-13,3
10054,2511,1,1,2026-08-13,6
10055,3678,1,1,2026-08-13,1
10056,23156,1,1,2026-08-13,4
10057,20522,1,1,2026-08-13,3
10058,47582,1,1,2026-08-13,3
10059,29206,1,1,2026-08-13,3
10060,29732,1,1,2026-08-13,3
10061,15130,1,1,2026-08-13,3
10062,19633,1,1,2026-08-13,3
10063,43578,1,1,2026-08-13,3
10064,32557,1,1,2026-08-13,1
10065,40543,1,1,2026-08-13,3
10066,37495,1,1,2026-08-13,3
10067,38094,1,1,2026-08-13,3
10068,7940,1,1,2026-08-13,3
10069,36146,1,1,2026-08-13,4
10070,18429,1,1,2026-08-13,3
10071,45491,1,1,2026-08-13,4
10072,18347,1,1,2026-08-13,3
10073,20338,1,1,2026-08-13,3
10074,34498,1,1,2026-08-13,3
10075,37903,1,1,2026-08-13,3
10076,19605,1,1,2026-08-13,3
10077,48166,1,1,2026-08-13,3
10078,16270,1,1,2026-08-13,3
10079,48169,1,1,2026-08-13,3
10080,36663,1,1,2026-08-13,3
10081,41657,1,1,2026-08-13,3
10082,37708,1,1,2026-08-13,3
10083,47802,1,1,2026-08-13,3
10084,27573,1,1,2026-08-13,3
10085,41598,1,1,2026-08-13,3
10086,48127,1,1,2026-08-13,3
10087,30261,1,1,2026-08-13,3
10088,36527,1,1,2026-08-13,3
10089,192,1,1,2026-08-13,3
10090,17825,1,1,2026-08-13,3
10091,37338,1,1,2026-08-13,1
10092,16510,1,1,2026-08-13,3
10093,21022,1,1,2026-08-13,3
10094,10999,1,1,2026-08-13,3
10095,27764,1,1,2026-08-13,3
10096,29536,1,1,2026-08-13,3
10097,19134,1,1,2026-08-13,3
10098,32684,1,1,2026-08-13,3
10099,4255,1,1,2026-08-13,1
10100,44928,1,1,2026-08-13,3
10101,23267,1,1,2026-08-13,3
10102,45042,1,1,2026-08-13,1
10103,30119,1,1,2026-08-13,3
10104,996,1,1,2026-08-13,3
10105,2803,1,1,2026-08-13,3
10106,29697,1,1,2026-08-13,1
10107,23422,1,1,2026-08-13,3
10108,8614,1,1,2026-08-13,3
10109,22256,1,1,2026-08-13,3
10110,39131,1,1,2026-08-13,3
10111,48076,1,1,2026-08-13,4
10112,31916,1,1,2026-08-13,3
10113,44440,1,1,2026-08-13,3
10114,43415,1,1,2026-08-13,3
10115,36803,1,1,2026-08-13,3
10116,25073,1,1,2026-08-13,3
10117,49148,1,1,2026-08-13,3
10118,7126,1,1,2026-08-13,5
10119,14655,1,1,2026-08-13,3
10120,45336,1,1,2026-08-13,1
10121,46102,1,1,2026-08-13,3
10122,38673,1,1,2026-08-13,3
10123,25892,1,1,2026-08-13,3
10124,36186,1,1,2026-08-13,3
10125,13384,1,1,2026-08-13,3
10126,18562,1,1,2026-08-13,3
10127,14637,1,1,2026-08-13,4
10128,33273,1,1,2026-08-13,3
10129,16425,1,1,2026-08-13,3
10130,6634,1,1,2026-08-13,3
10131,29525,1,1,2026-08-13,3
10132,42200,1,1,2026-08-13,3
10133,9635,1,1,2026-08-13,3
10134,4627,1,1,2026-08-13,3
10135,49315,1,1,2026-08-13,3
10136,35412,1,1,2026-08-13,3
10137,19147,1,1,2026-08-13,3
10138,37413,1,1,2026-08-13,3
10139,38102,1,1,2026-08-13,3
10140,1714,1,1,2026-08-13,3
10141,19899,1,1,2026-08-13,3
10142,48190,1,1,2026-08-13,3
10143,7874,1,1,2026-08-13,3
10144,48059,1,1,2026-08-13,1
10145,49680,1,1,2026-08-13,3
10146,13389,1,1,2026-08-13,3
10147,44309,1,1,2026-08-13,4
10148,35923,1,1,2026-08-13,3
10149,39830,1,1,2026-08-13,3
10150,44528,1,1,2026-08-13,3
10151,8515,1,1,2026-08-13,3
10152,47331,1,1,2026-08-13,4
10153,33780,1,1,2026-08-13,1
10154,46422,1,1,2026-08-13,1
10155,7188,1,1,2026-08-13,3
10156,12480,1,1,2026-08-13,3
10157,39251,1,1,2026-08-13,3
10158,26070,1,1,2026-08-13,4
10159,48442,1,1,2026-08-13,4
10160,47960,1,1,2026-08-13,3
10161,9497,1,1,2026-08-13,4
10162,30880,1,1,2026-08-13,3
10163,42894,1,1,2026-08-13,3
10164,28624,1,1,2026-08-13,3
10165,3284,1,1,2026-08-13,5
10166,18648,1,1,2026-08-13,3
10167,30752,1,1,2026-08-13,3
10168,34024,1,1,2026-08-13,3
10169,14505,1,1,2026-08-13,3
10170,40912,1,1,2026-08-13,1
10171,47870,1,1,2026-08-13,3
10172,45629,1,1,2026-08-13,3
10173,21124,1,1,2026-08-13,3
10174,32910,1,1,2026-08-13,3
10175,37681,1,1,2026-08-13,3
10176,28334,1,1,2026-08-13,1
10177,45789,1,1,2026-08-13,1
10178,18910,1,1,2026-08-13,3
10179,25496,1,1,2026-08-13,4
10180,23561,1,1,2026-08-13,3
10181,28163,1,1,2026-08-13,3
10182,30992,1,1,2026-08-13,1
10183,38146,1,1,2026-08-13,3
10184,16969,1,1,2026-08-13,3
10185,23459,1,1,2026-08-13,3
10186,4975,1,1,2026-08-13,1
10187,39891,1,1,2026-08-13,3
10188,47029,1,1,2026-08-13,3
10189,11884,1,1,2026-08-13,3
10190,21981,1,1,2026-08-13,3
10191,32700,1,1,2026-08-13,3
10192,36512,1,1,2026-08-13,3
10193,19212,1,1,2026-08-13,3
10194,42787,1,1,2026-08-13,3
10195,8024,1,1,2026-08-13,3
10196,21671,1,1,2026-08-13,3
10197,32322,1,1,2026-08-13,4
10198,17378,1,1,2026-08-13,3
10199,27661,1,1,2026-08-13,1
10200,36725,1,1,2026-08-13,3
10201,4328,1,1,2026-08-13,4
10202,32590,1,1,2026-08-13,1
10203,47072,1,1,2026-08-13,3
10204,20391,1,1,2026-08-13,4
10205,35359,1,1,2026-08-13,4
10206,18989,1,1,2026-08-13,1
10207,19044,1,1,2026-08-13,3
10208,42157,1,1,2026-08-13,3
10209,8776,1,1,2026-08-13,3
10210,49572,1,1,2026-08-13,3
10211,42521,1,1,2026-08-13,3
10212,36378,1,1,2026-08-13,3
10213,39384,1,1,2026-08-13,5
10214,27143,1,1,2026-08-13,1
10215,30350,1,1,2026-08-13,3
10216,21761,1,1,2026-08-13,1
10217,25968,1,1,2026-08-13,4
10218,23699,1,1,2026-08-13,3
10219,19859,1,1,2026-08-13,3
10220,17663,1,1,2026-08-13,3
10221,37317,1,1,2026-08-13,3
10222,36682,1,1,2026-08-13,3
10223,1908,1,1,2026-08-13,1
10224,42339,1,1,2026-08-13,3
10225,25330,1,1,2026-08-13,3
10226,23439,1,1,2026-08-13,3
10227,24557,1,1,2026-08-13,3
10228,28562,1,1,2026-08-13,3
10229,40672,1,1,2026-08-13,3
10230,29465,1,1,2026-08-13,1
10231,7947,1,1,2026-08-13,3
10232,48524,1,1,2026-08-13,3
10233,18929,1,1,2026-08-13,3
10234,20834,1,1,2026-08-13,3
10235,35322,1,1,2026-08-13,3
10236,6730,1,1,2026-08-13,3
10237,10539,1,1,2026-08-13,1
10238,45388,1,1,2026-08-13,3
10239,26935,1,1,2026-08-13,1
10240,35441,1,1,2026-08-13,3
10241,33107,1,1,2026-08-13,3
10242,6334,1,1,2026-08-13,4
10243,20070,1,1,2026-08-13,3
10244,37452,1,1,2026-08-13,1
10245,30467,1,1,2026-08-13,3
10246,18971,1,1,2026-08-13,3
10247,49531,1,1,2026-08-13,3
10248,42602,1,1,2026-08-13,3
10249,42103,1,1,2026-08-13,1
10250,44647,1,1,2026-08-13,1
10251,31460,1,1,2026-08-13,3
10252,5156,1,1,2026-08-13,3
10253,15399,1,1,2026-08-13,3
10254,600,1,1,2026-08-13,3
10255,1543,1,1,2026-08-13,3
10256,18664,1,1,2026-08-13,3
10257,45302,1,1,2026-08-13,3
10258,29213,1,1,2026-08-13,3
10259,36252,1,1,2026-08-13,3
10260,7919,1,1,2026-08-13,3
10261,9189,1,1,2026-08-13,3
10262,33452,1,1,2026-08-13,3
10263,29181,1,1,2026-08-13,4
10264,24623,1,1,2026-08-13,1
10265,19036,1,1,2026-08-13,3
10266,19416,1,1,2026-08-13,1
10267,33386,1,1,2026-08-13,3
10268,23675,1,1,2026-08-13,3
10269,523,1,1,2026-08-13,3
10270,33208,1,1,2026-08-13,3
10271,7367,1,1,2026-08-13,3
10272,34815,1,1,2026-08-13,3
10273,30526,1,1,2026-08-13,3
10274,20750,1,1,2026-08-13,3
10275,42436,1,1,2026-08-13,1
10276,8798,1,1,2026-08-13,3
10277,36109,1,1,2026-08-13,3
10278,40661,1,1,2026-08-13,3
10279,42869,1,1,2026-08-13,3
10280,10148,1,1,2026-08-13,3
10281,21377,1,1,2026-08-13,3
10282,45247,1,1,2026-08-13,3
10283,24874,1,1,2026-08-13,3
10284,19448,1,1,2026-08-13,3
10285,17922,1,1,2026-08-13,1
10286,17652,1,1,2026-08-13,3
10287,31906,1,1,2026-08-13,3
10288,1581,1,1,2026-08-13,3
10289,36920,1,1,2026-08-13,3
10290,34700,1,1,2026-08-13,3
10291,48704,1,1,2026-08-13,3
10292,49344,1,1,2026-08-13,3
10293,21244,1,1,2026-08-13,3
10294,37301,1,1,2026-08-13,1
10295,14605,1,1,2026-08-13,3
10296,31343,1,1,2026-08-13,3
10297,40475,1,1,2026-08-13,3
10298,24318,1,1,2026-08-13,3
10299,47143,1,1,2026-08-13,1
10300,38128,1,1,2026-08-13,3
10301,27931,1,1,2026-08-13,4
10302,45578,1,1,2026-08-13,3
10303,12061,1,1,2026-08-13,1
10304,38082,1,1,2026-08-13,3
10305,21233,1,1,2026-08-13,4
10306,22251,1,1,2026-08-13,3
10307,26266,1,1,2026-08-13,4
10308,10590,1,1,2026-08-13,4
10309,18816,1,1,2026-08-13,4
10310,21867,1,1,2026-08-13,3
10311,13008,1,1,2026-08-13,3
10312,31971,1,1,2026-08-13,1
10313,37173,1,1,2026-08-13,4
10314,32184,1,1,2026-08-13,1
10315,40397,1,1,2026-08-13,1
10316,8325,1,1,2026-08-13,3
10317,32965,1,1,2026-08-13,3
10318,18129,1,1,2026-08-13,3
10319,19328,1,1,2026-08-13,3
10320,42261,1,1,2026-08-13,3
10321,4642,1,1,2026-08-13,4
10322,2669,1,1,2026-08-13,3
10323,21361,1,1,2026-08-13,3
10324,4945,1,1,2026-08-13,3
10325,44818,1,1,2026-08-13,1
10326,45913,1,1,2026-08-13,3
10327,14371,1,1,2026-08-13,3
10328,2639,1,1,2026-08-13,1
10329,24417,1,1,2026-08-13,3
10330,38300,1,1,2026-08-13,3
10331,3124,1,1,2026-08-13,3
10332,10947,1,1,2026-08-13,4
10333,4527,1,1,2026-08-13,3
10334,28181,1,1,2026-08-13,4
10335,34928,1,1,2026-08-13,3
10336,36328,1,1,2026-08-13,3
10337,10330,1,1,2026-08-13,3
10338,38141,1,1,2026-08-13,3
10339,19206,1,1,2026-08-13,3
10340,8315,1,1,2026-08-13,3
10341,32249,1,1,2026-08-13,3
10342,39946,1,1,2026-08-13,4
10343,4661,1,1,2026-08-13,3
10344,15080,1,1,2026-08-13,3
10345,21494,1,1,2026-08-13,3
10346,25598,1,1,2026-08-13,3
10347,16647,1,1,2026-08-13,3
10348,2183,1,1,2026-08-13,3
10349,3104,1,1,2026-08-13,3
10350,42768,1,1,2026-08-13,5
10351,5720,1,1,2026-08-13,3
10352,4630,1,1,2026-08-13,3
10353,45011,1,1,2026-08-13,3
10354,29699,1,1,2026-08-13,3
10355,15956,1,1,2026-08-13,3
10356,38437,1,1,2026-08-13,3
10357,47109,1,1,2026-08-13,3
10358,36623,1,1,2026-08-13,3
10359,14711,1,1,2026-08-13,3
10360,17702,1,1,2026-08-13,3
10361,10979,1,1,2026-08-13,1
10362,30064,1,1,2026-08-13,3
10363,10873,1,1,2026-08-13,3
10364,10015,1,1,2026-08-13,3
10365,25688,1,1,2026-08-13,3
10366,42580,1,1,2026-08-13,3
10367,8062,1,1,2026-08-13,6
10368,30593,1,1,2026-08-13,3
10369,18488,1,1,2026-08-13,1
10370,6222,1,1,2026-08-13,3
10371,26120,1,1,2026-08-13,3
10372,38591,1,1,2026-08-13,3
10373,45963,1,1,2026-08-13,3
10374,18275,1,1,2026-08-13,3
10375,49003,1,1,2026-08-13,3
10376,23249,1,1,2026-08-13,3
10377,36266,1,1,2026-08-13,3
10378,27871,1,1,2026-08-13,3
10379,46043,1,1,2026-08-13,3
10380,34819,1,1,2026-08-13,3
10381,15084,1,1,2026-08-13,1
10382,17860,1,1,2026-08-13,4
10383,49749,1,1,2026-08-13,3
10384,18302,1,1,2026-08-13,3
10385,1798,1,1,2026-08-13,3
10386,34295,1,1,2026-08-13,3
10387,5598,1,1,2026-08-13,3
10388,41257,1,1,2026-08-13,3
10389,35257,1,1,2026-08-13,4
10390,32872,1,1,2026-08-13,1
10391,39655,1,1,2026-08-13,3
10392,44759,1,1,2026-08-13,3
10393,31004,1,1,2026-08-13,3
10394,36213,1,1,2026-08-13,3
10395,12511,1,1,2026-08-13,3
10396,45777,1,1,2026-08-13,3
10397,44783,1,1,2026-08-13,3
10398,20994,1,1,2026-08-13,3
10399,8533,1,1,2026-08-13,3
10400,44755,1,1,2026-08-13,3
10401,41047,1,1,2026-08-13,3
10402,40286,1,1,2026-08-13,4
10403,48826,1,1,2026-08-13,4
10404,46688,1,1,2026-08-13,3
10405,28527,1,1,2026-08-13,6
10406,29113,1,1,2026-08-13,3
10407,29749,1,1,2026-08-13,3
10408,44952,1,1,2026-08-13,3
10409,5301,1,1,2026-08-13,3
10410,26558,1,1,2026-08-13,3
10411,19428,1,1,2026-08-13,3
10412,9857,1,1,2026-08-13,3
10413,34769,1,1,2026-08-13,3
10414,6688,1,1,2026-08-13,3
10415,4462,1,1,2026-08-13,5
10416,5644,1,1,2026-08-13,3
10417,3523,1,1,2026-08-13,3
10418,11188,1,1,2026-08-13,3
10419,23781,1,1,2026-08-13,3
10420,4333,1,1,2026-08-13,3
10421,25728,1,1,2026-08-13,3
10422,6055,1,1,2026-08-13,3
10423,41115,1,1,2026-08-13,3
10424,9381,1,1,2026-08-13,3
10425,26176,1,1,2026-08-13,3
10426,45270,1,1,2026-08-13,4
10427,22873,1,1,2026-08-13,1
10428,29186,1,1,2026-08-13,3
10429,44013,1,1,2026-08-13,3
10430,19790,1,1,2026-08-13,3
10431,23659,1,1,2026-08-13,3
10432,8481,1,1,2026-08-13,1
10433,43708,1,1,2026-08-13,4
10434,24382,1,1,2026-08-13,1
10435,35811,1,1,2026-08-13,3
10436,48880,1,1,2026-08-13,3
10437,5143,1,1,2026-08-13,3
10438,36231,1,1,2026-08-13,3
10439,29661,1,1,2026-08-13,4
10440,30237,1,1,2026-08-13,3
10441,28936,1,1,2026-08-13,4
10442,21595,1,1,2026-08-13,3
10443,41672,1,1,2026-08-13,3
10444,5352,1,1,2026-08-13,3
10445,12979,1,1,2026-08-13,3
10446,45662,1,1,2026-08-13,1
10447,22841,1,1,2026-08-13,4
10448,31787,1,1,2026-08-13,3
10449,40309,1,1,2026-08-13,3
10450,19123,1,1,2026-08-13,3
10451,9386,1,1,2026-08-13,3
10452,47395,1,1,2026-08-13,3
10453,19013,1,1,2026-08-13,3
10454,21320,1,1,2026-08-13,3
10455,17340,1,1,2026-08-13,3
10456,20046,1,1,2026-08-13,3
10457,36056,1,1,2026-08-13,3
10458,13072,1,1,2026-08-13,4
10459,43677,1,1,2026-08-13,5
10460,6410,1,1,2026-08-13,3
10461,29399,1,1,2026-08-13,4
10462,28513,1,1,2026-08-13,3
10463,34737,1,1,2026-08-13,3
10464,7147,1,1,2026-08-13,3
10465,2145,1,1,2026-08-13,3
10466,43189,1,1,2026-08-13,4
10467,34706,1,1,2026-08-13,3
10468,7544,1,1,2026-08-13,3
10469,13452,1,1,2026-08-13,3
10470,3115,1,1,2026-08-13,3
10471,49204,1,1,2026-08-13,3
10472,7150,1,1,2026-08-13,3
10473,41858,1,1,2026-08-13,3
10474,3970,1,1,2026-08-13,3
10475,48801,1,1,2026-08-13,1
10476,43458,1,1,2026-08-13,3
10477,35434,1,1,2026-08-13,3
10478,49395,1,1,2026-08-13,3
10479,9093,1,1,2026-08-13,3
10480,35182,1,1,2026-08-13,3
10481,7736,1,1,2026-08-13,3
10482,8452,1,1,2026-08-13,4
10483,29848,1,1,2026-08-13,6
10484,14321,1,1,2026-08-13,4
10485,22749,1,1,2026-08-13,3
10486,43146,1,1,2026-08-13,3
10487,41296,1,1,2026-08-13,3
10488,34394,1,1,2026-08-13,3
10489,19406,1,1,2026-08-13,4
10490,22055,1,1,2026-08-13,3
10491,19457,1,1,2026-08-13,3
10492,1775,1,1,2026-08-13,3
10493,11157,1,1,2026-08-13,3
10494,14569,1,1,2026-08-13,3
10495,42479,1,1,2026-08-13,3
10496,24586,1,1,2026-08-13,3
10497,14820,1,1,2026-08-13,3
10498,11718,1,1,2026-08-13,3
10499,7587,1,1,2026-08-13,3
10500,42129,1,1,2026-08-13,3
10501,34129,1,1,2026-08-13,3
10502,39836,1,1,2026-08-13,3
10503,35435,1,1,2026-08-13,3
10504,18482,1,1,2026-08-13,1
10505,35203,1,1,2026-08-13,3
10506,30323,1,1,2026-08-13,3
10507,8494,1,1,2026-08-13,3
10508,42996,1,1,2026-08-13,3
10509,23816,1,1,2026-08-13,4
10510,10894,1,1,2026-08-13,3
10511,29109,1,1,2026-08-13,3
10512,49317,1,1,2026-08-13,4
10513,3759,1,1,2026-08-13,3
10514,28401,1,1,2026-08-13,3
10515,6949,1,1,2026-08-13,3
10516,36929,1,1,2026-08-13,3
10517,21835,1,1,2026-08-13,3
10518,8557,1,1,2026-08-13,1
10519,39217,1,1,2026-08-13,1
10520,16873,1,1,2026-08-13,3
10521,39263,1,1,2026-08-13,3
10522,20053,1,1,2026-08-13,1
10523,37311,1,1,2026-08-13,3
10524,9880,1,1,2026-08-13,4
10525,16242,1,1,2026-08-13,3
10526,24664,1,1,2026-08-13,3
10527,14780,1,1,2026-08-13,3
10528,356,1,1,2026-08-13,3
10529,48382,1,1,2026-08-13,3
10530,22299,1,1,2026-08-13,3
10531,9024,1,1,2026-08-13,4
10532,35580,1,1,2026-08-13,3
10533,33933,1,1,2026-08-13,3
10534,4193,1,1,2026-08-13,1
10535,8668,1,1,2026-08-13,3
10536,11114,1,1,2026-08-13,3
10537,35318,1,1,2026-08-13,3
10538,30803,1,1,2026-08-13,3
10539,30489,1,1,2026-08-13,1
10540,34818,1,1,2026-08-13,3
10541,5298,1,1,2026-08-13,3
10542,41390,1,1,2026-08-13,3
10543,29915,1,1,2026-08-13,3
10544,19568,1,1,2026-08-13,5
10545,10099,1,1,2026-08-13,3
10546,1961,1,1,2026-08-13,4
10547,5886,1,1,2026-08-13,3
10548,10065,1,1,2026-08-13,3
10549,29095,1,1,2026-08-13,3
10550,39389,1,1,2026-08-13,3
10551,27078,1,1,2026-08-13,3
10552,17343,1,1,2026-08-13,3
10553,516,1,1,2026-08-13,3
10554,13914,1,1,2026-08-13,3
10555,41554,1,1,2026-08-13,3
10556,42082,1,1,2026-08-13,3
10557,7168,1,1,2026-08-13,3
10558,48587,1,1,2026-08-13,3
10559,2420,3,1,2026-08-13,2
10560,17079,3,1,2026-08-13,1
10561,5576,3,1,2026-08-13,2
10562,33733,3,1,2026-08-13,3
10563,30515,3,1,2026-08-13,3
10564,42800,3,1,2026-08-13,2
10565,12573,3,1,2026-08-13,3
10566,25412,3,1,2026-08-13,3
10567,49733,3,1,2026-08-13,1
10568,49527,3,1,2026-08-13,3
10569,31834,3,1,2026-08-13,1
10570,4953,3,1,2026-08-13,3
10571,40762,3,1,2026-08-13,3
10572,21462,3,1,2026-08-13,1
10573,39800,3,1,2026-08-13,2
10574,21580,3,1,2026-08-13,2
10575,40962,3,1,2026-08-13,3
10576,7882,3,1,2026-08-13,3
10577,20172,3,1,2026-08-13,2
10578,2649,3,1,2026-08-13,1
10579,45747,3,1,2026-08-13,3
10580,25567,3,1,2026-08-13,2
10581,25135,3,1,2026-08-13,1
10582,30176,3,1,2026-08-13,3
10583,6369,3,1,2026-08-13,2
10584,25798,3,1,2026-08-13,1
10585,1337,3,1,2026-08-13,2
10586,16292,3,1,2026-08-13,3
10587,25281,3,1,2026-08-13,2
10588,9337,3,1,2026-08-13,2
10589,40473,3,1,2026-08-13,2
10590,17972,3,1,2026-08-13,2
10591,33200,3,1,2026-08-13,4
10592,36785,3,1,2026-08-13,1
10593,25275,3,1,2026-08-13,3
10594,4013,3,1,2026-08-13,2
10595,31363,3,1,2026-08-13,1
10596,8265,3,1,2026-08-13,3
10597,1499,3,1,2026-08-13,3
10598,33235,3,1,2026-08-13,1
10599,47285,3,1,2026-08-13,3
10600,21138,3,1,2026-08-13,2
10601,4391,3,1,2026-08-13,2
10602,9935,3,1,2026-08-13,2
10603,47691,3,1,2026-08-13,2
10604,21437,3,1,2026-08-13,3
10605,33918,3,1,2026-08-13,3
10606,44130,3,1,2026-08-13,1
10607,45427,3,1,2026-08-13,1
10608,26032,3,1,2026-08-13,3
10609,48831,3,1,2026-08-13,1
10610,38540,3,1,2026-08-13,1
10611,630,3,1,2026-08-13,4
10612,41250,3,1,2026-08-13,3
10613,31160,3,1,2026-08-13,1
10614,40435,3,1,2026-08-13,4
10615,1022,3,1,2026-08-13,6
10616,33940,3,1,2026-08-13,2
10617,18999,3,1,2026-08-13,1
10618,23105,3,1,2026-08-13,1
10619,2665,3,1,2026-08-13,3
10620,37231,3,1,2026-08-13,3
10621,35143,3,1,2026-08-13,3
10622,35416,3,1,2026-08-13,3
10623,13092,3,1,2026-08-13,2
10624,21558,3,1,2026-08-13,1
10625,29495,3,1,2026-08-13,1
10626,14099,3,1,2026-08-13,6
10627,42887,3,1,2026-08-13,2
10628,39936,3,1,2026-08-13,3
10629,40578,3,1,2026-08-13,3
10630,15923,3,1,2026-08-13,3
10631,28327,3,1,2026-08-13,2
10632,32378,3,1,2026-08-13,3
10633,21526,3,1,2026-08-13,2
10634,29219,3,1,2026-08-13,1
10635,47919,3,1,2026-08-13,3
10636,14965,3,1,2026-08-13,3
10637,11556,3,1,2026-08-13,1
10638,11343,3,1,2026-08-13,3
10639,30773,3,1,2026-08-13,3
10640,23996,3,1,2026-08-13,2
10641,11019,3,1,2026-08-13,2
10642,16188,3,1,2026-08-13,1
10643,20422,3,1,2026-08-13,1
10644,49081,3,1,2026-08-13,4
10645,7547,3,1,2026-08-13,2
10646,13015,3,1,2026-08-13,3
10647,6610,3,1,2026-08-13,4
10648,45002,3,1,2026-08-13,4
10649,14356,3,1,2026-08-13,3
10650,1245,3,1,2026-08-13,3
10651,40318,3,1,2026-08-13,2
10652,23044,3,1,2026-08-13,3
10653,22025,3,1,2026-08-13,3
10654,38383,3,1,2026-08-13,3
10655,10871,3,1,2026-08-13,1
10656,30877,3,1,2026-08-13,2
10657,31614,3,1,2026-08-13,3
10658,31950,3,1,2026-08-13,3
10659,22687,3,1,2026-08-13,3
10660,31280,3,1,2026-08-13,2
10661,10326,3,1,2026-08-13,1
10662,7242,3,1,2026-08-13,3
10663,44679,3,1,2026-08-13,5
10664,38777,3,1,2026-08-13,2
10665,8471,3,1,2026-08-13,1
10666,42068,3,1,2026-08-13,3
10667,10402,3,1,2026-08-13,2
10668,2018,3,1,2026-08-13,2
10669,36125,3,1,2026-08-13,3
10670,24818,3,1,2026-08-13,3
10671,35982,3,1,2026-08-13,3
10672,24042,3,1,2026-08-13,1
10673,29317,3,1,2026-08-13,4
10674,34610,3,1,2026-08-13,2
10675,42614,3,1,2026-08-13,3
10676,12416,3,1,2026-08-13,2
10677,26076,3,1,2026-08-13,3
10678,3903,3,1,2026-08-13,1
10679,11275,3,1,2026-08-13,1
10680,14818,3,1,2026-08-13,3
10681,30888,3,1,2026-08-13,3
10682,28864,3,1,2026-08-13,2
10683,13588,3,1,2026-08-13,2
10684,10807,3,1,2026-08-13,2
10685,5993,3,1,2026-08-13,1
10686,6162,3,1,2026-08-13,3
10687,48563,3,1,2026-08-13,3
10688,28373,3,1,2026-08-13,3
10689,18362,3,1,2026-08-13,3
10690,48297,3,1,2026-08-13,3
10691,16726,3,1,2026-08-13,2
10692,9113,3,1,2026-08-13,3
10693,11458,3,1,2026-08-13,1
10694,20841,3,1,2026-08-13,3
10695,14416,3,1,2026-08-13,3
10696,33965,3,1,2026-08-13,1
10697,13066,3,1,2026-08-13,2
10698,39129,3,1,2026-08-13,3
10699,43855,3,1,2026-08-13,2
10700,36810,3,1,2026-08-13,1
10701,34709,3,1,2026-08-13,2
10702,6179,3,1,2026-08-13,2
10703,37767,3,1,2026-08-13,1
10704,35988,3,1,2026-08-13,4
10705,39290,3,1,2026-08-13,3
10706,9746,3,1,2026-08-13,4
10707,16639,3,1,2026-08-13,4
10708,23146,3,1,2026-08-13,3
10709,9085,3,1,2026-08-13,2
10710,34420,3,1,2026-08-13,2
10711,44651,3,1,2026-08-13,3
10712,5097,3,1,2026-08-13,2
10713,4135,3,1,2026-08-13,3
10714,14110,3,1,2026-08-13,3
10715,18629,3,1,2026-08-13,2
10716,9743,3,1,2026-08-13,1
10717,3053,3,1,2026-08-13,1
10718,16301,3,1,2026-08-13,3
10719,40821,3,1,2026-08-13,3
10720,49112,3,1,2026-08-13,1
10721,22624,3,1,2026-08-13,3
10722,1077,3,1,2026-08-13,2
10723,21129,3,1,2026-08-13,2
10724,6399,3,1,2026-08-13,3
10725,9182,3,1,2026-08-13,4
10726,6611,3,1,2026-08-13,1
10727,14451,3,1,2026-08-13,3
10728,40850,3,1,2026-08-13,3
10729,9623,3,1,2026-08-13,1
10730,15156,3,1,2026-08-13,3
10731,7935,3,1,2026-08-13,4
10732,7732,3,1,2026-08-13,1
10733,29342,3,1,2026-08-13,2
10734,46526,3,1,2026-08-13,1
10735,11985,3,1,2026-08-13,3
10736,43661,3,1,2026-08-13,1
10737,16939,3,1,2026-08-13,3
10738,3832,3,1,2026-08-13,3
10739,18890,3,1,2026-08-13,2
10740,46296,3,1,2026-08-13,3
10741,35480,3,1,2026-08-13,2
10742,3633,3,1,2026-08-13,3
10743,23854,3,1,2026-08-13,3
10744,9264,3,1,2026-08-13,3
10745,12931,3,1,2026-08-13,1
10746,48672,3,1,2026-08-13,3
10747,30741,3,1,2026-08-13,2
10748,32318,3,1,2026-08-13,3
10749,7197,3,1,2026-08-13,2
10750,9729,3,1,2026-08-13,3
10751,38725,3,1,2026-08-13,2
10752,43806,3,1,2026-08-13,3
10753,3153,3,1,2026-08-13,2
10754,18088,3,1,2026-08-13,3
10755,34286,3,1,2026-08-13,2
10756,19192,3,1,2026-08-13,3
10757,28282,3,1,2026-08-13,3
10758,11000,3,1,2026-08-13,3
10759,39323,3,1,2026-08-13,3
10760,28882,3,1,2026-08-13,3
10761,8543,3,1,2026-08-13,3
10762,37281,3,1,2026-08-13,3
10763,49367,3,1,2026-08-13,3
10764,40465,3,1,2026-08-13,2
10765,1136,3,1,2026-08-13,2
10766,29091,3,1,2026-08-13,3
10767,41151,3,1,2026-08-13,1
10768,25585,3,1,2026-08-13,1
10769,27055,3,1,2026-08-13,3
10770,5130,3,1,2026-08-13,1
10771,32608,3,1,2026-08-13,3
10772,35170,3,1,2026-08-13,3
10773,10760,3,1,2026-08-13,3
10774,43320,3,1,2026-08-13,1
10775,32440,3,1,2026-08-13,2
10776,22249,3,1,2026-08-13,3
10777,27239,3,1,2026-08-13,4
10778,12801,3,1,2026-08-13,1
10779,48252,3,1,2026-08-13,3
10780,39496,3,1,2026-08-13,2
10781,8012,3,1,2026-08-13,3
10782,44670,3,1,2026-08-13,1
10783,11449,3,1,2026-08-13,1
10784,36840,3,1,2026-08-13,3
10785,8889,3,1,2026-08-13,1
10786,31394,3,1,2026-08-13,2
10787,16660,3,1,2026-08-13,3
10788,34793,3,1,2026-08-13,3
10789,31411,3,1,2026-08-13,5
10790,49929,3,1,2026-08-13,2
10791,264,3,1,2026-08-13,4
10792,31314,3,1,2026-08-13,3
10793,33937,3,1,2026-08-13,2
10794,47517,3,1,2026-08-13,3
10795,29791,3,1,2026-08-13,1
10796,28943,3,1,2026-08-13,3
10797,19769,3,1,2026-08-13,2
10798,29662,3,1,2026-08-13,1
10799,10241,3,1,2026-08-13,2
10800,10372,3,1,2026-08-13,3
10801,31982,3,1,2026-08-13,2
10802,15179,3,1,2026-08-13,5
10803,1210,3,1,2026-08-13,1
10804,43368,3,1,2026-08-13,2
10805,42603,3,1,2026-08-13,3
10806,38857,3,1,2026-08-13,3
10807,36446,3,1,2026-08-13,2
10808,848,3,1,2026-08-13,1
10809,42967,3,1,2026-08-13,3
10810,13467,3,1,2026-08-13,1
10811,39843,3,1,2026-08-13,1
10812,28866,3,1,2026-08-13,4
10813,28581,3,1,2026-08-13,3
10814,28700,3,1,2026-08-13,2
10815,18941,3,1,2026-08-13,3
10816,42722,3,1,2026-08-13,2
10817,3387,3,1,2026-08-13,3
10818,39095,3,1,2026-08-13,2
10819,20,3,1,2026-08-13,2
10820,47396,3,1,2026-08-13,3
10821,6139,3,1,2026-08-13,3
10822,24542,3,1,2026-08-13,4
10823,32406,3,1,2026-08-13,3
10824,29453,3,1,2026-08-13,2
10825,43107,3,1,2026-08-13,3
10826,29810,3,1,2026-08-13,1
10827,1170,3,1,2026-08-13,2
10828,32788,3,1,2026-08-13,2
10829,26230,3,1,2026-08-13,4
10830,5105,3,1,2026-08-13,1
10831,9669,3,1,2026-08-13,3
10832,42105,3,1,2026-08-13,4
10833,4025,3,1,2026-08-13,1
10834,29891,3,1,2026-08-13,3
10835,26990,3,1,2026-08-13,1
10836,49323,3,1,2026-08-13,3
10837,23498,3,1,2026-08-13,3
10838,34999,3,1,2026-08-13,2
10839,22221,3,1,2026-08-13,2
10840,47925,3,1,2026-08-13,3
10841,4215,3,1,2026-08-13,1
10842,15456,3,1,2026-08-13,3
10843,11950,3,1,2026-08-13,4
10844,6954,3,1,2026-08-13,2
10845,21117,3,1,2026-08-13,1
10846,27413,3,1,2026-08-13,3
10847,5922,3,1,2026-08-13,3
10848,42702,3,1,2026-08-13,2
10849,2491,3,1,2026-08-13,3
10850,35966,3,1,2026-08-13,3
10851,48351,3,1,2026-08-13,3
10852,13977,3,1,2026-08-13,2
10853,28377,3,1,2026-08-13,3
10854,24298,3,1,2026-08-13,2
10855,24171,3,1,2026-08-13,2
10856,3704,3,1,2026-08-13,3
10857,27416,3,1,2026-08-13,3
10858,36013,3,1,2026-08-13,3
10859,14787,3,1,2026-08-13,3
10860,18124,3,1,2026-08-13,1
10861,19371,3,1,2026-08-13,3
10862,1881,3,1,2026-08-13,3
10863,29112,3,1,2026-08-13,3
10864,49767,3,1,2026-08-13,3
10865,44612,3,1,2026-08-13,3
10866,20404,3,1,2026-08-13,2
10867,39298,3,1,2026-08-13,2
10868,28919,3,1,2026-08-13,3
10869,29995,3,1,2026-08-13,1
10870,7974,3,1,2026-08-13,1
10871,3535,3,1,2026-08-13,3
10872,15779,3,2,2026-08-13,3
10873,21228,3,2,2026-08-13,3
10874,15962,3,2,2026-08-13,3
10875,37294,3,2,2026-08-13,3
10876,45579,3,2,2026-08-13,3
10877,7043,3,2,2026-08-13,3
10878,44505,3,2,2026-08-13,2
10879,34036,3,2,2026-08-13,2
10880,41790,3,2,2026-08-13,3
10881,31699,3,2,2026-08-13,3
10882,16453,3,2,2026-08-13,3
10883,43943,3,2,2026-08-13,3
10884,35865,3,2,2026-08-13,3
10885,43044,3,2,2026-08-13,3
10886,30507,3,2,2026-08-13,3
10887,9104,3,2,2026-08-13,3
10888,7945,3,2,2026-08-13,3
10889,6974,3,2,2026-08-13,2
10890,41054,3,2,2026-08-13,3
10891,45687,3,2,2026-08-13,2
10892,6269,3,2,2026-08-13,2
10893,37065,3,2,2026-08-13,3
10894,33062,3,2,2026-08-13,3
10895,30418,3,2,2026-08-13,3
10896,44728,3,2,2026-08-13,2
10897,7684,3,2,2026-08-13,2
10898,34567,3,2,2026-08-13,2
10899,34558,3,2,2026-08-13,2
10900,36267,3,2,2026-08-13,3
10901,46342,3,2,2026-08-13,3
10902,22996,3,2,2026-08-13,3
10903,2588,3,2,2026-08-13,3
10904,47918,3,2,2026-08-13,3
10905,24597,3,2,2026-08-13,3
10906,692,3,2,2026-08-13,3
10907,11793,3,2,2026-08-13,3
10908,4087,3,2,2026-08-13,2
10909,3778,3,2,2026-08-13,3
10910,32753,3,2,2026-08-13,2
10911,26699,3,2,2026-08-13,1
10912,18883,3,2,2026-08-13,2
10913,2830,3,2,2026-08-13,3
10914,37821,3,2,2026-08-13,3
10915,12737,3,2,2026-08-13,3
10916,42085,3,2,2026-08-13,1
10917,24611,3,2,2026-08-13,4
10918,8238,3,2,2026-08-13,3
10919,312,3,2,2026-08-13,3
10920,8637,3,2,2026-08-13,2
10921,3722,3,2,2026-08-13,1
10922,21962,3,2,2026-08-13,3
10923,20648,3,2,2026-08-13,3
10924,34584,3,2,2026-08-13,1
10925,4101,3,2,2026-08-13,3
10926,33516,3,2,2026-08-13,3
10927,40622,3,2,2026-08-13,3
10928,4650,3,2,2026-08-13,3
10929,4394,3,2,2026-08-13,3
10930,23550,3,2,2026-08-13,2
10931,25924,3,2,2026-08-13,3
10932,28728,3,2,2026-08-13,2
10933,26100,3,2,2026-08-13,3
10934,23473,3,2,2026-08-13,2
10935,18399,2,1,2026-08-13,4
10936,1086,2,1,2026-08-13,3
10937,22561,2,1,2026-08-13,4
10938,8053,2,1,2026-08-13,1
10939,17688,2,1,2026-08-13,3
10940,17618,2,1,2026-08-13,3
10941,38481,2,1,2026-08-13,3
10942,11843,2,1,2026-08-13,3
10943,31179,2,1,2026-08-13,4
10944,40756,2,1,2026-08-13,2
10945,10151,2,1,2026-08-13,1
10946,24755,2,1,2026-08-13,3
10947,29354,2,1,2026-08-13,3
10948,30010,2,1,2026-08-13,4
10949,36847,2,1,2026-08-13,3
10950,29376,2,1,2026-08-13,3
10951,18574,2,1,2026-08-13,3
10952,28742,2,1,2026-08-13,3
10953,47006,2,1,2026-08-13,3
10954,8859,2,1,2026-08-13,3
10955,37386,2,1,2026-08-13,1
10956,21998,2,1,2026-08-13,4
10957,6027,2,1,2026-08-13,1
10958,49248,2,1,2026-08-13,3
10959,27817,2,1,2026-08-13,4
10960,33350,2,1,2026-08-13,4
10961,10718,2,1,2026-08-13,1
10962,32140,2,1,2026-08-13,4
10963,4172,2,1,2026-08-13,3
10964,5292,2,1,2026-08-13,3
10965,40290,2,1,2026-08-13,3
10966,14555,2,1,2026-08-13,4
10967,21800,2,1,2026-08-13,4
10968,11547,2,1,2026-08-13,4
10969,27786,2,1,2026-08-13,1
10970,25211,2,1,2026-08-13,4
10971,9609,2,1,2026-08-13,3
10972,39924,2,1,2026-08-13,1
10973,15296,2,1,2026-08-13,3
10974,38995,2,1,2026-08-13,3
10975,34334,2,1,2026-08-13,3
10976,46577,2,1,2026-08-13,1
10977,41031,2,1,2026-08-13,3
10978,30369,2,1,2026-08-13,4
10979,47092,2,1,2026-08-13,4
10980,42955,2,1,2026-08-13,4
10981,15631,2,1,2026-08-13,4
10982,14413,2,1,2026-08-13,3
10983,7209,2,1,2026-08-13,2
10984,39352,2,1,2026-08-13,2
10985,42052,2,1,2026-08-13,4
10986,635,2,1,2026-08-13,3
10987,5372,2,1,2026-08-13,3
10988,26645,2,1,2026-08-13,1
10989,16606,2,1,2026-08-13,4
10990,26891,2,1,2026-08-13,3
10991,13399,2,1,2026-08-13,3
10992,23971,2,1,2026-08-13,4
10993,6341,2,1,2026-08-13,4
10994,25935,2,1,2026-08-13,4
10995,24113,2,1,2026-08-13,4
10996,33195,2,1,2026-08-13,3
10997,24672,2,1,2026-08-13,3
10998,39851,2,1,2026-08-13,4
10999,32106,2,1,2026-08-13,4
11000,46396,2,1,2026-08-13,3
11001,21223,2,1,2026-08-13,3
11002,32866,2,1,2026-08-13,3
11003,418,2,1,2026-08-13,4
11004,33436,2,1,2026-08-13,2
11005,35904,2,1,2026-08-13,4
11006,15434,2,1,2026-08-13,1
11007,43087,2,1,2026-08-13,1
11008,13465,2,1,2026-08-13,3
11009,40250,2,1,2026-08-13,2
11010,36342,2,1,2026-08-13,3
11011,48688,2,1,2026-08-13,3
11012,49327,2,1,2026-08-13,3
11013,47723,2,1,2026-08-13,3
11014,23358,2,1,2026-08-13,4
11015,29563,2,1,2026-08-13,3
11016,29619,2,1,2026-08-13,3
11017,49668,2,1,2026-08-13,1
11018,1015,2,1,2026-08-13,4
11019,7513,2,1,2026-08-13,4
11020,23597,2,1,2026-08-13,1
11021,17639,2,1,2026-08-13,4
11022,31788,2,1,2026-08-13,3
11023,34046,2,1,2026-08-13,3
11024,12584,2,1,2026-08-13,3
11025,35571,2,1,2026-08-13,4
11026,17879,2,1,2026-08-13,4
11027,29480,2,1,2026-08-13,4
11028,1691,2,1,2026-08-13,3
11029,9338,2,1,2026-08-13,4
11030,26225,2,1,2026-08-13,4
11031,39921,2,1,2026-08-13,3
11032,12015,2,1,2026-08-13,3
11033,13755,2,1,2026-08-13,1
11034,35076,2,1,2026-08-13,4
11035,21675,2,1,2026-08-13,3
11036,31468,2,1,2026-08-13,3
11037,38202,2,1,2026-08-13,4
11038,21172,2,1,2026-08-13,3
11039,26325,2,1,2026-08-13,4
11040,13705,2,1,2026-08-13,4
11041,43579,2,1,2026-08-13,4
11042,1638,2,1,2026-08-13,1
11043,49570,2,1,2026-08-13,1
11044,39083,2,1,2026-08-13,3
11045,24340,2,1,2026-08-13,4
11046,5131,2,1,2026-08-13,1
11047,32957,2,1,2026-08-13,1
11048,19956,2,1,2026-08-13,3
11049,16335,2,1,2026-08-13,4
11050,30252,2,1,2026-08-13,4
11051,5076,2,1,2026-08-13,4
11052,4768,2,1,2026-08-13,2
11053,3758,2,1,2026-08-13,1
11054,4207,2,1,2026-08-13,3
11055,26691,2,1,2026-08-13,4
11056,11486,2,1,2026-08-13,4
11057,22944,2,1,2026-08-13,4
11058,25702,2,1,2026-08-13,3
11059,48246,2,1,2026-08-13,4
11060,15645,2,2,2026-08-13,3
11061,41977,2,2,2026-08-13,3
11062,4116,2,2,2026-08-13,4
11063,2437,2,2,2026-08-13,1
11064,18031,2,2,2026-08-13,3
11065,46984,2,2,2026-08-13,1
11066,18662,2,2,2026-08-13,4
11067,29035,2,2,2026-08-13,3
11068,39673,2,2,2026-08-13,1
11069,636,2,2,2026-08-13,3
11070,37304,2,2,2026-08-13,1
11071,4315,2,2,2026-08-13,4
11072,49341,2,2,2026-08-13,3
11073,32207,2,2,2026-08-13,4
11074,645,2,2,2026-08-13,4
11075,27839,2,2,2026-08-13,4
11076,38276,2,2,2026-08-13,4
11077,4549,2,2,2026-08-13,3
11078,1441,2,2,2026-08-13,3
11079,44594,2,2,2026-08-13,3
11080,46193,2,2,2026-08-13,4
11081,37011,2,2,2026-08-13,2
11082,34750,2,2,2026-08-13,3
11083,36698,2,2,2026-08-13,3
11084,17501,2,2,2026-08-13,4
11085,1640,2,2,2026-08-13,4
11086,34740,2,2,2026-08-13,4
11087,22580,2,2,2026-08-13,1
11088,44627,2,2,2026-08-13,4
11089,26168,2,2,2026-08-13,3
11090,41539,2,2,2026-08-13,1
11091,38860,2,2,2026-08-13,3
11092,43607,2,2,2026-08-13,3
11093,6995,2,2,2026-08-13,3
11094,4853,2,2,2026-08-13,3
11095,46678,2,2,2026-08-13,2
11096,8842,2,2,2026-08-13,3
11097,48635,2,2,2026-08-13,3
11098,28901,2,2,2026-08-13,3
11099,16829,2,2,2026-08-13,4
11100,39241,2,2,2026-08-13,3
11101,20571,2,2,2026-08-13,3
11102,33321,2,2,2026-08-13,3
11103,35903,2,2,2026-08-13,3
11104,10205,2,2,2026-08-13,3
11105,49891,2,2,2026-08-13,3
11106,12848,2,2,2026-08-13,3
11107,43068,2,2,2026-08-13,4
11108,29425,2,2,2026-08-13,4
11109,1391,2,2,2026-08-13,4
11110,46733,2,4,2026-08-13,3
11111,26458,2,4,2026-08-13,1
11112,24316,2,4,2026-08-13,4
11113,45128,2,4,2026-08-13,5
11114,3431,2,4,2026-08-13,3
11115,12203,2,4,2026-08-13,4
11116,34910,2,4,2026-08-13,4
11117,24278,2,4,2026-08-13,4
11118,31668,2,4,2026-08-13,4
11119,16307,2,4,2026-08-13,4
11120,10077,2,4,2026-08-13,3
11121,35795,2,4,2026-08-13,4
11122,41737,2,4,2026-08-13,3
11123,13590,2,4,2026-08-13,3
11124,35601,2,4,2026-08-13,1
11125,21626,2,4,2026-08-13,4
11126,12049,2,4,2026-08-13,3
11127,18924,2,4,2026-08-13,4
11128,12458,2,4,2026-08-13,3
11129,28803,2,4,2026-08-13,4
11130,10736,2,4,2026-08-13,3
11131,15771,2,4,2026-08-13,4
11132,19551,2,4,2026-08-13,4
11133,5556,2,4,2026-08-13,1
11134,35869,2,4,2026-08-13,3
11135,25961,2,4,2026-08-13,3
11136,33432,2,4,2026-08-13,4
11137,34533,2,4,2026-08-13,3
11138,44165,2,4,2026-08-13,3
11139,16692,2,4,2026-08-13,4
11140,14567,2,4,2026-08-13,4
11141,14237,2,4,2026-08-13,3
11142,20358,2,4,2026-08-13,3
11143,11822,2,4,2026-08-13,4
11144,11745,2,4,2026-08-13,3
11145,12379,2,4,2026-08-13,4
11146,20757,2,4,2026-08-13,4
11147,42940,2,4,2026-08-13,3
11148,45860,2,4,2026-08-13,3
11149,18351,2,4,2026-08-13,3
11150,11276,2,4,2026-08-13,2
11151,32077,2,4,2026-08-13,3
11152,43552,2,4,2026-08-13,4
11153,41655,2,4,2026-08-13,5
11154,40204,2,4,2026-08-13,2
11155,9411,2,4,2026-08-13,4
11156,1957,2,4,2026-08-13,4
11157,38256,2,4,2026-08-13,3
11158,4120,2,4,2026-08-13,3
11159,44734,2,4,2026-08-13,3
11160,13715,2,4,2026-08-13,3
11161,12959,2,4,2026-08-13,4
11162,39387,2,4,2026-08-13,3
11163,17321,2,4,2026-08-13,1
11164,29205,2,4,2026-08-13,3
11165,4994,2,4,2026-08-13,5
11166,47629,2,4,2026-08-13,4
11167,20277,2,4,2026-08-13,3
11168,41572,2,4,2026-08-13,5
11169,22772,2,4,2026-08-13,3
11170,23899,2,4,2026-08-13,1
11171,22776,2,4,2026-08-13,3
11172,39884,2,4,2026-08-13,4
11173,1259,2,4,2026-08-13,3
11174,68,2,4,2026-08-13,4
11175,48088,2,4,2026-08-13,4
11176,33628,2,4,2026-08-13,4
11177,9715,2,4,2026-08-13,4
11178,20373,2,4,2026-08-13,3
11179,12756,2,4,2026-08-13,4
11180,41252,2,4,2026-08-13,4
11181,38765,2,4,2026-08-13,4
11182,41440,2,4,2026-08-13,4
11183,46498,2,4,2026-08-13,3
11184,40398,2,4,2026-08-13,3
11185,40624,1,1,2026-08-14,3
11186,44654,1,1,2026-08-14,3
11187,35602,1,1,2026-08-14,3
11188,47795,1,1,2026-08-14,3
11189,3833,1,1,2026-08-14,5
11190,24635,1,1,2026-08-14,3
11191,46928,1,1,2026-08-14,3
11192,17155,1,1,2026-08-14,4
11193,34604,1,1,2026-08-14,3
11194,21514,1,1,2026-08-14,3
11195,5304,1,1,2026-08-14,4
11196,1362,1,1,2026-08-14,3
11197,23505,1,1,2026-08-14,5
11198,40083,1,1,2026-08-14,3
11199,32348,1,1,2026-08-14,3
11200,44963,1,1,2026-08-14,3
11201,11020,1,1,2026-08-14,3
11202,37368,1,1,2026-08-14,3
11203,22125,1,1,2026-08-14,1
11204,8674,1,1,2026-08-14,3
11205,18307,1,1,2026-08-14,3
11206,8835,1,1,2026-08-14,3
11207,47383,1,1,2026-08-14,3
11208,31154,1,1,2026-08-14,3
11209,13979,1,1,2026-08-14,3
11210,12144,1,1,2026-08-14,3
11211,17104,1,1,2026-08-14,3
11212,43029,1,1,2026-08-14,4
11213,48874,1,1,2026-08-14,1
11214,5099,1,1,2026-08-14,3
11215,301,1,1,2026-08-14,3
11216,31777,1,1,2026-08-14,1
11217,26203,1,1,2026-08-14,3
11218,31118,1,1,2026-08-14,3
11219,36129,1,1,2026-08-14,1
11220,29802,1,1,2026-08-14,3
11221,36804,1,1,2026-08-14,1
11222,28363,1,1,2026-08-14,3
11223,9834,1,1,2026-08-14,3
11224,20022,1,1,2026-08-14,3
11225,139,1,1,2026-08-14,1
11226,9049,1,1,2026-08-14,3
11227,12063,1,1,2026-08-14,4
11228,17867,1,1,2026-08-14,3
11229,2638,1,1,2026-08-14,3
11230,20653,1,1,2026-08-14,3
11231,38790,1,1,2026-08-14,1
11232,49896,1,1,2026-08-14,4
11233,29854,1,1,2026-08-14,3
11234,21949,1,1,2026-08-14,4
11235,43254,1,1,2026-08-14,3
11236,11609,1,1,2026-08-14,3
11237,10266,1,1,2026-08-14,3
11238,16410,1,1,2026-08-14,3
11239,16982,1,1,2026-08-14,3
11240,21346,1,1,2026-08-14,3
11241,728,1,1,2026-08-14,3
11242,7138,1,1,2026-08-14,3
11243,49874,1,1,2026-08-14,3
11244,44379,1,1,2026-08-14,4
11245,38734,1,1,2026-08-14,1
11246,49013,1,1,2026-08-14,3
11247,24553,1,1,2026-08-14,1
11248,46656,1,1,2026-08-14,3
11249,14956,1,1,2026-08-14,3
11250,33907,1,1,2026-08-14,1
11251,44768,1,1,2026-08-14,3
11252,32711,1,1,2026-08-14,3
11253,35113,1,1,2026-08-14,3
11254,8742,1,1,2026-08-14,3
11255,32365,1,1,2026-08-14,3
11256,42745,1,1,2026-08-14,3
11257,5167,1,1,2026-08-14,3
11258,44077,1,1,2026-08-14,1
11259,38519,1,1,2026-08-14,3
11260,38990,1,1,2026-08-14,3
11261,22585,1,1,2026-08-14,3
11262,10789,1,1,2026-08-14,3
11263,46145,1,1,2026-08-14,3
11264,48895,1,1,2026-08-14,3
11265,27430,1,1,2026-08-14,3
11266,79,1,1,2026-08-14,3
11267,20163,1,1,2026-08-14,3
11268,36441,1,1,2026-08-14,3
11269,23122,1,1,2026-08-14,3
11270,42336,1,1,2026-08-14,3
11271,22884,1,1,2026-08-14,3
11272,6123,1,1,2026-08-14,1
11273,28298,1,1,2026-08-14,3
11274,29976,1,1,2026-08-14,5
11275,4832,1,1,2026-08-14,3
11276,10264,1,1,2026-08-14,3
11277,43907,1,1,2026-08-14,3
11278,22536,1,1,2026-08-14,3
11279,41318,1,1,2026-08-14,4
11280,43942,1,1,2026-08-14,3
11281,3402,1,1,2026-08-14,3
11282,8468,1,1,2026-08-14,3
11283,18364,1,1,2026-08-14,1
11284,36028,1,1,2026-08-14,3
11285,21025,1,1,2026-08-14,3
11286,26870,1,1,2026-08-14,3
11287,26502,1,1,2026-08-14,3
11288,36464,1,1,2026-08-14,3
11289,13887,1,1,2026-08-14,3
11290,21090,1,1,2026-08-14,3
11291,30484,1,1,2026-08-14,3
11292,9283,1,1,2026-08-14,3
11293,43000,1,1,2026-08-14,3
11294,48956,1,1,2026-08-14,3
11295,42518,1,1,2026-08-14,3
11296,19809,1,1,2026-08-14,3
11297,47457,1,1,2026-08-14,1
11298,10115,1,1,2026-08-14,3
11299,306,1,1,2026-08-14,3
11300,2718,1,1,2026-08-14,3
11301,21034,1,1,2026-08-14,3
11302,48782,1,1,2026-08-14,3
11303,15787,1,1,2026-08-14,4
11304,21431,1,1,2026-08-14,3
11305,13714,1,1,2026-08-14,3
11306,6092,1,1,2026-08-14,3
11307,2479,1,1,2026-08-14,3
11308,48910,1,1,2026-08-14,3
11309,43901,1,1,2026-08-14,3
11310,36922,1,1,2026-08-14,3
11311,27285,1,1,2026-08-14,3
11312,2934,1,1,2026-08-14,3
11313,22820,1,1,2026-08-14,4
11314,43472,1,1,2026-08-14,3
11315,7091,1,1,2026-08-14,3
11316,19726,1,1,2026-08-14,3
11317,32328,1,1,2026-08-14,4
11318,29345,1,1,2026-08-14,3
11319,44886,1,1,2026-08-14,3
11320,2830,1,1,2026-08-14,3
11321,13870,1,1,2026-08-14,3
11322,29639,1,1,2026-08-14,3
11323,8926,1,1,2026-08-14,4
11324,24394,1,1,2026-08-14,3
11325,32666,1,1,2026-08-14,4
11326,15591,1,1,2026-08-14,3
11327,26952,1,1,2026-08-14,3
11328,47366,1,1,2026-08-14,3
11329,47411,1,1,2026-08-14,3
11330,39065,1,1,2026-08-14,3
11331,38425,1,1,2026-08-14,3
11332,8204,1,1,2026-08-14,6
11333,7142,1,1,2026-08-14,3
11334,18739,1,1,2026-08-14,3
11335,40743,1,1,2026-08-14,1
11336,11934,1,1,2026-08-14,3
11337,26761,1,1,2026-08-14,6
11338,35437,1,1,2026-08-14,3
11339,29550,1,1,2026-08-14,3
11340,45621,1,1,2026-08-14,3
11341,19380,1,1,2026-08-14,4
11342,6227,1,1,2026-08-14,3
11343,44772,1,1,2026-08-14,3
11344,8747,1,1,2026-08-14,4
11345,34114,1,1,2026-08-14,3
11346,41388,1,1,2026-08-14,3
11347,9786,1,1,2026-08-14,3
11348,39855,1,1,2026-08-14,3
11349,36925,1,1,2026-08-14,3
11350,49121,1,1,2026-08-14,3
11351,25659,1,1,2026-08-14,3
11352,14803,1,1,2026-08-14,3
11353,14747,1,1,2026-08-14,3
11354,44456,1,1,2026-08-14,1
11355,19707,1,1,2026-08-14,3
11356,35345,1,1,2026-08-14,3
11357,49893,1,1,2026-08-14,3
11358,21704,1,1,2026-08-14,3
11359,29925,1,1,2026-08-14,3
11360,16562,1,1,2026-08-14,3
11361,5884,1,1,2026-08-14,4
11362,28463,1,1,2026-08-14,3
11363,12770,1,1,2026-08-14,3
11364,39099,1,1,2026-08-14,3
11365,41996,1,1,2026-08-14,3
11366,9015,1,1,2026-08-14,3
11367,11335,1,1,2026-08-14,3
11368,26425,1,1,2026-08-14,3
11369,39489,1,1,2026-08-14,3
11370,39374,1,1,2026-08-14,3
11371,4478,1,1,2026-08-14,3
11372,24877,1,1,2026-08-14,5
11373,39578,1,1,2026-08-14,3
11374,19185,1,1,2026-08-14,4
11375,48193,1,1,2026-08-14,3
11376,2322,1,1,2026-08-14,3
11377,35968,1,1,2026-08-14,3
11378,28575,1,1,2026-08-14,3
11379,8427,1,1,2026-08-14,3
11380,46540,1,1,2026-08-14,3
11381,5674,1,1,2026-08-14,3
11382,4419,1,1,2026-08-14,3
11383,19675,1,1,2026-08-14,3
11384,19016,1,1,2026-08-14,5
11385,26323,1,1,2026-08-14,3
11386,29382,1,1,2026-08-14,3
11387,44255,1,1,2026-08-14,3
11388,746,1,1,2026-08-14,3
11389,14191,1,1,2026-08-14,3
11390,3586,1,1,2026-08-14,3
11391,42920,1,1,2026-08-14,3
11392,16533,1,1,2026-08-14,4
11393,22054,1,1,2026-08-14,3
11394,19291,1,1,2026-08-14,3
11395,46108,1,1,2026-08-14,3
11396,38959,1,1,2026-08-14,4
11397,23528,1,1,2026-08-14,3
11398,33377,1,1,2026-08-14,3
11399,27131,1,1,2026-08-14,3
11400,29418,1,1,2026-08-14,4
11401,43770,1,1,2026-08-14,3
11402,19501,1,1,2026-08-14,3
11403,22823,1,1,2026-08-14,3
11404,11099,1,1,2026-08-14,3
11405,12088,1,1,2026-08-14,3
11406,35431,1,1,2026-08-14,3
11407,29875,1,1,2026-08-14,3
11408,2523,1,1,2026-08-14,3
11409,6144,1,1,2026-08-14,3
11410,36708,1,1,2026-08-14,3
11411,17399,1,1,2026-08-14,4
11412,176,1,1,2026-08-14,5
11413,31396,1,1,2026-08-14,1
11414,34462,1,1,2026-08-14,3
11415,42303,1,1,2026-08-14,3
11416,2418,1,1,2026-08-14,3
11417,32979,1,1,2026-08-14,4
11418,27876,1,1,2026-08-14,3
11419,36201,1,1,2026-08-14,3
11420,36551,1,1,2026-08-14,3
11421,18585,1,1,2026-08-14,3
11422,30215,1,1,2026-08-14,3
11423,16566,1,1,2026-08-14,3
11424,37180,1,1,2026-08-14,3
11425,38299,1,1,2026-08-14,3
11426,23523,1,1,2026-08-14,1
11427,2587,1,1,2026-08-14,3
11428,28223,1,1,2026-08-14,3
11429,42194,1,1,2026-08-14,3
11430,10179,1,1,2026-08-14,3
11431,24395,1,1,2026-08-14,3
11432,24068,1,1,2026-08-14,3
11433,438,1,1,2026-08-14,3
11434,24065,1,1,2026-08-14,5
11435,33259,1,1,2026-08-14,3
11436,38739,1,1,2026-08-14,3
11437,21362,1,1,2026-08-14,3
11438,44327,1,1,2026-08-14,4
11439,48626,1,1,2026-08-14,3
11440,28161,1,1,2026-08-14,3
11441,21943,1,1,2026-08-14,4
11442,46579,1,1,2026-08-14,3
11443,42582,1,1,2026-08-14,3
11444,27183,1,1,2026-08-14,3
11445,29937,1,1,2026-08-14,3
11446,19308,1,1,2026-08-14,5
11447,20697,1,1,2026-08-14,3
11448,16068,1,1,2026-08-14,4
11449,12477,1,1,2026-08-14,3
11450,1708,1,1,2026-08-14,3
11451,14224,1,1,2026-08-14,3
11452,28055,1,1,2026-08-14,3
11453,40525,1,1,2026-08-14,3
11454,17668,1,1,2026-08-14,3
11455,11996,1,1,2026-08-14,3
11456,5058,1,1,2026-08-14,3
11457,42773,1,1,2026-08-14,3
11458,18054,1,1,2026-08-14,3
11459,42128,1,1,2026-08-14,3
11460,11897,1,1,2026-08-14,3
11461,6198,1,1,2026-08-14,3
11462,7887,1,1,2026-08-14,3
11463,3891,1,1,2026-08-14,3
11464,37488,1,1,2026-08-14,3
11465,20149,1,1,2026-08-14,3
11466,23711,1,1,2026-08-14,3
11467,35647,1,1,2026-08-14,3
11468,49997,1,1,2026-08-14,3
11469,29435,1,1,2026-08-14,3
11470,34996,1,1,2026-08-14,3
11471,9383,1,1,2026-08-14,3
11472,47318,1,1,2026-08-14,4
11473,4028,1,1,2026-08-14,3
11474,20315,1,1,2026-08-14,3
11475,30707,1,1,2026-08-14,3
11476,28084,1,1,2026-08-14,3
11477,41267,1,1,2026-08-14,3
11478,23270,1,1,2026-08-14,3
11479,14480,1,1,2026-08-14,3
11480,9883,1,1,2026-08-14,3
11481,8913,1,1,2026-08-14,4
11482,13391,1,1,2026-08-14,4
11483,27614,1,1,2026-08-14,3
11484,25039,1,1,2026-08-14,3
11485,967,1,1,2026-08-14,3
11486,8230,1,1,2026-08-14,3
11487,47729,1,1,2026-08-14,3
11488,7404,1,1,2026-08-14,3
11489,3024,1,1,2026-08-14,3
11490,7310,1,1,2026-08-14,1
11491,11521,1,1,2026-08-14,3
11492,42529,1,1,2026-08-14,3
11493,13437,1,1,2026-08-14,3
11494,32932,1,1,2026-08-14,3
11495,773,1,1,2026-08-14,3
11496,15280,1,1,2026-08-14,3
11497,48752,1,1,2026-08-14,3
11498,44425,1,1,2026-08-14,5
11499,38495,1,1,2026-08-14,3
11500,49899,1,1,2026-08-14,3
11501,40155,1,1,2026-08-14,3
11502,35197,1,1,2026-08-14,3
11503,40094,1,1,2026-08-14,4
11504,48642,1,1,2026-08-14,1
11505,23555,1,1,2026-08-14,3
11506,39184,1,1,2026-08-14,3
11507,49445,1,1,2026-08-14,3
11508,49697,1,1,2026-08-14,3
11509,24062,1,1,2026-08-14,1
11510,33320,1,1,2026-08-14,3
11511,8072,1,1,2026-08-14,3
11512,13493,1,1,2026-08-14,3
11513,42653,1,1,2026-08-14,4
11514,40459,1,1,2026-08-14,3
11515,40887,1,1,2026-08-14,3
11516,48632,1,1,2026-08-14,3
11517,43664,1,1,2026-08-14,3
11518,42019,1,1,2026-08-14,3
11519,9581,1,1,2026-08-14,3
11520,13239,1,1,2026-08-14,3
11521,21098,1,1,2026-08-14,3
11522,32881,1,1,2026-08-14,3
11523,38748,1,1,2026-08-14,3
11524,27716,1,1,2026-08-14,3
11525,1436,1,1,2026-08-14,3
11526,34347,1,1,2026-08-14,3
11527,40273,1,1,2026-08-14,3
11528,4922,1,1,2026-08-14,3
11529,43224,1,1,2026-08-14,3
11530,3604,1,1,2026-08-14,1
11531,21752,1,1,2026-08-14,3
11532,27395,1,1,2026-08-14,3
11533,1531,1,1,2026-08-14,3
11534,2685,1,1,2026-08-14,3
11535,46823,1,1,2026-08-14,3
11536,17164,1,1,2026-08-14,3
11537,24572,1,1,2026-08-14,3
11538,32545,1,1,2026-08-14,3
11539,21479,1,1,2026-08-14,3
11540,23967,1,1,2026-08-14,3
11541,31645,1,1,2026-08-14,3
11542,34876,1,1,2026-08-14,3
11543,44625,1,1,2026-08-14,3
11544,17051,1,1,2026-08-14,3
11545,12608,1,1,2026-08-14,3
11546,30718,1,1,2026-08-14,3
11547,8720,1,1,2026-08-14,3
11548,1092,1,1,2026-08-14,5
11549,37200,1,1,2026-08-14,3
11550,14291,1,1,2026-08-14,3
11551,49991,1,1,2026-08-14,3
11552,18003,1,1,2026-08-14,3
11553,5148,1,1,2026-08-14,3
11554,16103,1,1,2026-08-14,3
11555,39279,1,1,2026-08-14,3
11556,35250,1,1,2026-08-14,3
11557,30812,1,1,2026-08-14,1
11558,15960,1,1,2026-08-14,1
11559,18992,1,1,2026-08-14,3
11560,11292,1,1,2026-08-14,3
11561,43891,1,1,2026-08-14,3
11562,27321,1,1,2026-08-14,3
11563,31910,1,1,2026-08-14,4
11564,6917,1,1,2026-08-14,3
11565,49294,1,1,2026-08-14,3
11566,13033,1,1,2026-08-14,3
11567,10149,1,1,2026-08-14,5
11568,3347,1,1,2026-08-14,4
11569,29553,1,1,2026-08-14,3
11570,32891,1,1,2026-08-14,6
11571,18750,1,1,2026-08-14,1
11572,568,1,1,2026-08-14,3
11573,46641,1,1,2026-08-14,3
11574,20942,1,1,2026-08-14,3
11575,8368,1,1,2026-08-14,3
11576,36345,1,1,2026-08-14,3
11577,45229,1,1,2026-08-14,3
11578,35242,1,1,2026-08-14,3
11579,7342,1,1,2026-08-14,3
11580,21817,1,1,2026-08-14,3
11581,6699,1,1,2026-08-14,3
11582,8131,1,1,2026-08-14,3
11583,11596,1,1,2026-08-14,3
11584,43966,1,1,2026-08-14,3
11585,25890,1,1,2026-08-14,3
11586,33595,1,1,2026-08-14,4
11587,45476,1,1,2026-08-14,3
11588,982,1,1,2026-08-14,3
11589,46469,1,1,2026-08-14,3
11590,18201,1,1,2026-08-14,1
11591,40603,1,1,2026-08-14,3
11592,6588,1,1,2026-08-14,3
11593,22199,1,1,2026-08-14,4
11594,47360,1,1,2026-08-14,3
11595,49746,1,1,2026-08-14,3
11596,20083,1,1,2026-08-14,3
11597,38570,1,1,2026-08-14,3
11598,14245,1,1,2026-08-14,3
11599,38663,1,1,2026-08-14,3
11600,49339,1,1,2026-08-14,3
11601,1433,1,1,2026-08-14,3
11602,49269,1,1,2026-08-14,3
11603,5331,1,1,2026-08-14,3
11604,31785,1,1,2026-08-14,4
11605,3185,1,1,2026-08-14,1
11606,37513,1,1,2026-08-14,3
11607,34656,1,1,2026-08-14,3
11608,40270,1,1,2026-08-14,4
11609,34785,1,1,2026-08-14,1
11610,1461,1,1,2026-08-14,3
11611,45025,1,1,2026-08-14,3
11612,7077,1,1,2026-08-14,3
11613,24656,1,1,2026-08-14,3
11614,8880,1,1,2026-08-14,3
11615,47052,1,1,2026-08-14,3
11616,32525,1,1,2026-08-14,3
11617,41183,1,1,2026-08-14,3
11618,18543,1,1,2026-08-14,3
11619,15466,1,1,2026-08-14,1
11620,28980,1,1,2026-08-14,3
11621,18763,1,1,2026-08-14,4
11622,26464,1,1,2026-08-14,1
11623,15613,1,1,2026-08-14,3
11624,32426,1,1,2026-08-14,3
11625,31279,1,1,2026-08-14,3
11626,3287,1,1,2026-08-14,4
11627,49352,1,1,2026-08-14,3
11628,35866,1,1,2026-08-14,5
11629,36886,1,1,2026-08-14,3
11630,39030,1,1,2026-08-14,1
11631,46964,1,1,2026-08-14,3
11632,12938,1,1,2026-08-14,3
11633,20561,1,1,2026-08-14,3
11634,31600,1,1,2026-08-14,3
11635,32215,1,1,2026-08-14,3
11636,41886,1,1,2026-08-14,3
11637,34235,1,1,2026-08-14,3
11638,49379,1,1,2026-08-14,3
11639,49229,1,1,2026-08-14,3
11640,25836,1,1,2026-08-14,3
11641,10106,1,1,2026-08-14,3
11642,12191,1,1,2026-08-14,3
11643,6580,1,1,2026-08-14,3
11644,3811,1,1,2026-08-14,3
11645,41556,1,1,2026-08-14,3
11646,34609,1,1,2026-08-14,3
11647,12759,1,1,2026-08-14,3
11648,46373,1,1,2026-08-14,3
11649,20384,1,1,2026-08-14,3
11650,22900,1,1,2026-08-14,3
11651,3455,1,1,2026-08-14,3
11652,33840,1,1,2026-08-14,3
11653,22528,1,1,2026-08-14,3
11654,24754,1,1,2026-08-14,3
11655,44140,1,1,2026-08-14,3
11656,10549,1,1,2026-08-14,3
11657,16789,1,1,2026-08-14,3
11658,42349,1,1,2026-08-14,3
11659,13836,1,1,2026-08-14,4
11660,1977,1,1,2026-08-14,3
11661,39956,1,1,2026-08-14,3
11662,87,1,1,2026-08-14,3
11663,22234,1,1,2026-08-14,3
11664,18841,1,1,2026-08-14,3
11665,44071,1,1,2026-08-14,3
11666,42176,1,1,2026-08-14,3
11667,23845,1,1,2026-08-14,3
11668,21993,1,1,2026-08-14,4
11669,25724,1,1,2026-08-14,3
11670,41992,1,1,2026-08-14,3
11671,36366,1,1,2026-08-14,3
11672,33159,1,1,2026-08-14,1
11673,25626,1,1,2026-08-14,4
11674,37238,1,1,2026-08-14,5
11675,10329,1,1,2026-08-14,3
11676,2630,1,1,2026-08-14,3
11677,15853,1,1,2026-08-14,3
11678,41225,1,1,2026-08-14,3
11679,2305,1,1,2026-08-14,3
11680,38789,1,1,2026-08-14,3
11681,32459,1,1,2026-08-14,4
11682,24424,1,1,2026-08-14,3
11683,25754,1,1,2026-08-14,1
11684,40516,1,1,2026-08-14,3
11685,1195,1,1,2026-08-14,3
11686,1914,1,1,2026-08-14,3
11687,33759,1,1,2026-08-14,3
11688,17390,1,1,2026-08-14,3
11689,19609,1,1,2026-08-14,3
11690,7229,1,1,2026-08-14,3
11691,28759,1,1,2026-08-14,1
11692,43208,1,1,2026-08-14,3
11693,21660,1,1,2026-08-14,5
11694,9671,1,1,2026-08-14,3
11695,31430,1,1,2026-08-14,3
11696,37115,1,1,2026-08-14,3
11697,44067,1,1,2026-08-14,3
11698,3157,1,1,2026-08-14,3
11699,42427,1,1,2026-08-14,1
11700,25066,1,1,2026-08-14,3
11701,42256,1,1,2026-08-14,4
11702,29298,1,1,2026-08-14,3
11703,47422,1,1,2026-08-14,3
11704,38811,1,1,2026-08-14,4
11705,39079,1,1,2026-08-14,3
11706,25512,1,1,2026-08-14,1
11707,20091,1,1,2026-08-14,3
11708,13272,1,1,2026-08-14,3
11709,8589,1,1,2026-08-14,1
11710,4037,1,1,2026-08-14,3
11711,15431,1,1,2026-08-14,3
11712,47427,1,1,2026-08-14,3
11713,41738,1,1,2026-08-14,3
11714,29816,1,1,2026-08-14,3
11715,18219,1,1,2026-08-14,3
11716,14786,1,1,2026-08-14,3
11717,1671,1,1,2026-08-14,3
11718,48060,1,1,2026-08-14,3
11719,24230,1,1,2026-08-14,1
11720,30642,1,1,2026-08-14,3
11721,22027,1,1,2026-08-14,4
11722,13507,1,1,2026-08-14,3
11723,19294,1,1,2026-08-14,4
11724,44315,1,1,2026-08-14,3
11725,29193,1,1,2026-08-14,3
11726,11784,1,1,2026-08-14,3
11727,2801,1,1,2026-08-14,3
11728,24414,1,1,2026-08-14,3
11729,13253,1,1,2026-08-14,3
11730,26107,1,1,2026-08-14,3
11731,22197,1,1,2026-08-14,3
11732,10989,1,1,2026-08-14,3
11733,28996,1,1,2026-08-14,3
11734,48703,1,1,2026-08-14,3
11735,12888,1,1,2026-08-14,3
11736,48161,1,1,2026-08-14,3
11737,10044,1,1,2026-08-14,3
11738,1024,1,1,2026-08-14,3
11739,46944,1,1,2026-08-14,3
11740,27204,1,1,2026-08-14,3
11741,36382,1,1,2026-08-14,3
11742,34965,1,1,2026-08-14,3
11743,12555,1,1,2026-08-14,4
11744,47702,1,1,2026-08-14,3
11745,28436,1,1,2026-08-14,3
11746,6088,1,1,2026-08-14,3
11747,14222,1,1,2026-08-14,3
11748,10305,1,1,2026-08-14,3
11749,32818,1,1,2026-08-14,3
11750,13295,1,1,2026-08-14,3
11751,32299,1,1,2026-08-14,3
11752,48497,1,1,2026-08-14,3
11753,5386,1,1,2026-08-14,1
11754,35402,1,1,2026-08-14,4
11755,9288,1,1,2026-08-14,3
11756,21406,1,1,2026-08-14,3
11757,3747,1,1,2026-08-14,4
11758,20920,1,1,2026-08-14,3
11759,38795,1,1,2026-08-14,3
11760,46647,1,1,2026-08-14,3
11761,21167,1,1,2026-08-14,3
11762,31988,1,1,2026-08-14,4
11763,28184,1,1,2026-08-14,1
11764,34299,1,1,2026-08-14,3
11765,44042,1,1,2026-08-14,3
11766,1738,1,1,2026-08-14,5
11767,40339,1,1,2026-08-14,3
11768,21774,1,1,2026-08-14,3
11769,46131,1,1,2026-08-14,3
11770,23378,1,1,2026-08-14,3
11771,35365,1,1,2026-08-14,3
11772,19582,1,1,2026-08-14,3
11773,25915,1,1,2026-08-14,3
11774,44288,1,1,2026-08-14,3
11775,11162,1,1,2026-08-14,3
11776,26121,1,1,2026-08-14,3
11777,47743,1,1,2026-08-14,3
11778,8904,1,1,2026-08-14,3
11779,4007,1,1,2026-08-14,3
11780,13536,1,1,2026-08-14,3
11781,29768,1,1,2026-08-14,3
11782,39779,1,1,2026-08-14,3
11783,35895,1,1,2026-08-14,4
11784,11218,1,1,2026-08-14,3
11785,14678,1,1,2026-08-14,3
11786,44844,1,1,2026-08-14,3
11787,35673,1,1,2026-08-14,3
11788,48237,1,1,2026-08-14,3
11789,5316,1,1,2026-08-14,3
11790,26476,1,1,2026-08-14,3
11791,3652,1,1,2026-08-14,3
11792,6649,1,1,2026-08-14,3
11793,35026,1,1,2026-08-14,3
11794,27618,1,1,2026-08-14,3
11795,39142,1,1,2026-08-14,3
11796,16800,1,1,2026-08-14,3
11797,24289,1,1,2026-08-14,3
11798,11930,1,1,2026-08-14,3
11799,37118,1,1,2026-08-14,3
11800,2161,1,1,2026-08-14,3
11801,25678,1,1,2026-08-14,3
11802,48907,1,1,2026-08-14,1
11803,32207,1,1,2026-08-14,4
11804,12636,1,1,2026-08-14,3
11805,4122,1,1,2026-08-14,3
11806,38738,1,1,2026-08-14,3
11807,7924,1,1,2026-08-14,3
11808,27830,1,1,2026-08-14,3
11809,11471,1,1,2026-08-14,3
11810,12043,3,1,2026-08-14,3
11811,16536,3,1,2026-08-14,2
11812,35427,3,1,2026-08-14,3
11813,31053,3,1,2026-08-14,3
11814,4968,3,1,2026-08-14,3
11815,44382,3,1,2026-08-14,2
11816,3627,3,1,2026-08-14,2
11817,13197,3,1,2026-08-14,4
11818,33490,3,1,2026-08-14,3
11819,9092,3,1,2026-08-14,1
11820,44128,3,1,2026-08-14,5
11821,44765,3,1,2026-08-14,3
11822,14546,3,1,2026-08-14,2
11823,11746,3,1,2026-08-14,3
11824,18294,3,1,2026-08-14,3
11825,8953,3,1,2026-08-14,3
11826,19139,3,1,2026-08-14,3
11827,42323,3,1,2026-08-14,2
11828,42830,3,1,2026-08-14,3
11829,5873,3,1,2026-08-14,2
11830,17502,3,1,2026-08-14,3
11831,28043,3,1,2026-08-14,1
11832,24273,3,1,2026-08-14,1
11833,44383,3,1,2026-08-14,1
11834,45958,3,1,2026-08-14,3
11835,43021,3,1,2026-08-14,4
11836,2297,3,1,2026-08-14,1
11837,26862,3,1,2026-08-14,3
11838,38560,3,1,2026-08-14,2
11839,16356,3,1,2026-08-14,1
11840,19710,3,1,2026-08-14,1
11841,1316,3,1,2026-08-14,2
11842,11916,3,1,2026-08-14,3
11843,48516,3,1,2026-08-14,4
11844,42514,3,1,2026-08-14,3
11845,8353,3,1,2026-08-14,3
11846,27226,3,1,2026-08-14,3
11847,28235,3,1,2026-08-14,4
11848,37887,3,1,2026-08-14,2
11849,43272,3,1,2026-08-14,2
11850,44410,3,1,2026-08-14,3
11851,23705,3,1,2026-08-14,2
11852,33471,3,1,2026-08-14,3
11853,45044,3,1,2026-08-14,3
11854,17629,3,1,2026-08-14,3
11855,49708,3,1,2026-08-14,1
11856,33932,3,1,2026-08-14,3
11857,8978,3,1,2026-08-14,3
11858,26517,3,1,2026-08-14,3
11859,37161,3,1,2026-08-14,3
11860,2431,3,1,2026-08-14,3
11861,7303,3,1,2026-08-14,3
11862,13101,3,1,2026-08-14,3
11863,10632,3,1,2026-08-14,2
11864,40896,3,1,2026-08-14,3
11865,23108,3,1,2026-08-14,2
11866,21765,3,1,2026-08-14,3
11867,10872,3,1,2026-08-14,3
11868,46880,3,1,2026-08-14,3
11869,9365,3,1,2026-08-14,1
11870,3004,3,1,2026-08-14,3
11871,39641,3,1,2026-08-14,2
11872,21016,3,1,2026-08-14,2
11873,9733,3,1,2026-08-14,2
11874,31326,3,1,2026-08-14,3
11875,8301,3,1,2026-08-14,3
11876,721,3,1,2026-08-14,3
11877,31451,3,1,2026-08-14,3
11878,25945,3,1,2026-08-14,2
11879,1658,3,1,2026-08-14,3
11880,46689,3,1,2026-08-14,3
11881,1490,3,1,2026-08-14,2
11882,45294,3,1,2026-08-14,3
11883,19118,3,1,2026-08-14,2
11884,18085,3,1,2026-08-14,3
11885,20577,3,1,2026-08-14,2
11886,20408,3,1,2026-08-14,2
11887,5250,3,1,2026-08-14,3
11888,40064,3,1,2026-08-14,3
11889,27168,3,1,2026-08-14,4
11890,7005,3,1,2026-08-14,3
11891,9587,3,1,2026-08-14,3
11892,43387,3,1,2026-08-14,3
11893,24683,3,1,2026-08-14,3
11894,33976,3,1,2026-08-14,2
11895,3454,3,1,2026-08-14,3
11896,39477,3,1,2026-08-14,4
11897,17455,3,1,2026-08-14,3
11898,8899,3,1,2026-08-14,3
11899,30571,3,1,2026-08-14,3
11900,39310,3,1,2026-08-14,1
11901,25212,3,1,2026-08-14,3
11902,5257,3,1,2026-08-14,4
11903,47217,3,1,2026-08-14,3
11904,39421,3,1,2026-08-14,3
11905,25376,3,1,2026-08-14,2
11906,36393,3,1,2026-08-14,3
11907,10825,3,1,2026-08-14,1
11908,14672,3,1,2026-08-14,3
11909,22247,3,1,2026-08-14,3
11910,41943,3,1,2026-08-14,1
11911,33092,3,1,2026-08-14,3
11912,1918,3,1,2026-08-14,3
11913,18158,3,1,2026-08-14,3
11914,23130,3,1,2026-08-14,3
11915,19955,3,1,2026-08-14,3
11916,38147,3,1,2026-08-14,2
11917,43499,3,1,2026-08-14,3
11918,41885,3,1,2026-08-14,4
11919,5142,3,1,2026-08-14,3
11920,11878,3,1,2026-08-14,3
11921,19107,3,1,2026-08-14,3
11922,253,3,1,2026-08-14,2
11923,48044,3,1,2026-08-14,3
11924,17410,3,1,2026-08-14,3
11925,49814,3,1,2026-08-14,2
11926,16953,3,1,2026-08-14,1
11927,10280,3,1,2026-08-14,3
11928,49781,3,1,2026-08-14,3
11929,17324,3,1,2026-08-14,1
11930,5449,3,1,2026-08-14,3
11931,25885,3,1,2026-08-14,3
11932,5526,3,1,2026-08-14,3
11933,11050,3,1,2026-08-14,4
11934,8830,3,1,2026-08-14,3
11935,35268,3,1,2026-08-14,1
11936,40496,3,1,2026-08-14,2
11937,33947,3,1,2026-08-14,3
11938,49122,3,1,2026-08-14,2
11939,20448,3,1,2026-08-14,3
11940,34377,3,1,2026-08-14,1
11941,8221,3,1,2026-08-14,2
11942,23596,3,1,2026-08-14,2
11943,2118,3,1,2026-08-14,3
11944,40839,3,1,2026-08-14,4
11945,9315,3,1,2026-08-14,2
11946,31492,3,1,2026-08-14,2
11947,39002,3,1,2026-08-14,3
11948,32761,3,1,2026-08-14,2
11949,48048,3,1,2026-08-14,3
11950,21030,3,1,2026-08-14,2
11951,4846,3,1,2026-08-14,2
11952,34650,3,1,2026-08-14,4
11953,36610,3,1,2026-08-14,2
11954,37607,3,1,2026-08-14,3
11955,8491,3,1,2026-08-14,3
11956,13409,3,1,2026-08-14,1
11957,14775,3,1,2026-08-14,5
11958,42727,3,1,2026-08-14,3
11959,17498,3,1,2026-08-14,3
11960,25162,3,1,2026-08-14,3
11961,46767,3,1,2026-08-14,3
11962,144,3,1,2026-08-14,3
11963,16652,3,1,2026-08-14,1
11964,38609,3,1,2026-08-14,4
11965,20179,3,1,2026-08-14,3
11966,32550,3,1,2026-08-14,3
11967,25505,3,1,2026-08-14,3
11968,2707,3,1,2026-08-14,1
11969,31942,3,1,2026-08-14,1
11970,32319,3,1,2026-08-14,1
11971,26319,3,1,2026-08-14,3
11972,47302,3,1,2026-08-14,3
11973,20396,3,1,2026-08-14,1
11974,7984,3,1,2026-08-14,3
11975,54,3,1,2026-08-14,3
11976,1410,3,1,2026-08-14,2
11977,20712,3,1,2026-08-14,2
11978,26179,3,1,2026-08-14,3
11979,12840,3,1,2026-08-14,3
11980,22268,3,1,2026-08-14,3
11981,3017,3,1,2026-08-14,5
11982,28466,3,1,2026-08-14,3
11983,32670,3,1,2026-08-14,3
11984,45897,3,1,2026-08-14,1
11985,20353,3,1,2026-08-14,3
11986,8216,3,1,2026-08-14,1
11987,38254,3,1,2026-08-14,5
11988,17191,3,1,2026-08-14,4
11989,34921,3,1,2026-08-14,1
11990,8701,3,1,2026-08-14,3
11991,44887,3,1,2026-08-14,1
11992,45735,3,1,2026-08-14,3
11993,2648,3,1,2026-08-14,4
11994,16834,3,1,2026-08-14,3
11995,7825,3,1,2026-08-14,2
11996,318,3,1,2026-08-14,3
11997,45864,3,1,2026-08-14,3
11998,15900,3,1,2026-08-14,4
11999,15479,3,1,2026-08-14,3
12000,20636,3,1,2026-08-14,2
12001,18775,3,1,2026-08-14,2
12002,36184,3,1,2026-08-14,1
12003,7482,3,1,2026-08-14,3
12004,47300,3,1,2026-08-14,1
12005,36192,3,1,2026-08-14,2
12006,944,3,1,2026-08-14,1
12007,23041,3,1,2026-08-14,3
12008,994,3,1,2026-08-14,2
12009,27003,3,1,2026-08-14,2
12010,35552,3,1,2026-08-14,2
12011,41826,3,1,2026-08-14,3
12012,17446,3,1,2026-08-14,2
12013,39147,3,1,2026-08-14,3
12014,2374,3,1,2026-08-14,1
12015,39583,3,1,2026-08-14,2
12016,23299,3,1,2026-08-14,3
12017,27886,3,1,2026-08-14,1
12018,20388,3,1,2026-08-14,3
12019,34707,3,1,2026-08-14,3
12020,19148,3,1,2026-08-14,2
12021,9789,3,1,2026-08-14,3
12022,19874,3,1,2026-08-14,2
12023,47953,3,1,2026-08-14,1
12024,2618,3,1,2026-08-14,1
12025,49006,3,1,2026-08-14,2
12026,26879,3,1,2026-08-14,3
12027,37256,3,1,2026-08-14,3
12028,18612,3,1,2026-08-14,3
12029,988,3,1,2026-08-14,3
12030,4880,3,1,2026-08-14,3
12031,1226,3,1,2026-08-14,2
12032,34661,3,1,2026-08-14,3
12033,18058,3,1,2026-08-14,3
12034,29128,3,1,2026-08-14,3
12035,6950,3,1,2026-08-14,3
12036,5315,3,1,2026-08-14,3
12037,19693,3,1,2026-08-14,2
12038,47066,3,1,2026-08-14,2
12039,30649,3,1,2026-08-14,2
12040,2540,3,1,2026-08-14,3
12041,34035,3,1,2026-08-14,1
12042,32296,3,1,2026-08-14,1
12043,39649,3,1,2026-08-14,2
12044,5721,3,1,2026-08-14,3
12045,34575,3,1,2026-08-14,1
12046,2964,3,1,2026-08-14,2
12047,3684,3,1,2026-08-14,5
12048,46746,3,1,2026-08-14,3
12049,13196,3,1,2026-08-14,3
12050,26679,3,1,2026-08-14,3
12051,48511,3,1,2026-08-14,3
12052,28103,3,1,2026-08-14,3
12053,38391,3,1,2026-08-14,3
12054,35585,3,1,2026-08-14,3
12055,29665,3,1,2026-08-14,1
12056,19982,3,1,2026-08-14,3
12057,22935,3,1,2026-08-14,2
12058,37754,3,1,2026-08-14,5
12059,32936,3,1,2026-08-14,3
12060,36187,3,1,2026-08-14,1
12061,29765,3,1,2026-08-14,3
12062,21936,3,1,2026-08-14,1
12063,8134,3,1,2026-08-14,3
12064,44836,3,1,2026-08-14,2
12065,30632,3,1,2026-08-14,3
12066,3330,3,1,2026-08-14,1
12067,19245,3,1,2026-08-14,2
12068,4783,3,1,2026-08-14,3
12069,17918,3,1,2026-08-14,3
12070,41804,3,1,2026-08-14,3
12071,23255,3,1,2026-08-14,3
12072,30786,3,1,2026-08-14,3
12073,861,3,1,2026-08-14,3
12074,9629,3,1,2026-08-14,3
12075,40748,3,1,2026-08-14,1
12076,10423,3,1,2026-08-14,2
12077,39813,3,1,2026-08-14,1
12078,10216,3,1,2026-08-14,2
12079,16257,3,1,2026-08-14,3
12080,9900,3,1,2026-08-14,2
12081,6354,3,1,2026-08-14,3
12082,49863,3,1,2026-08-14,3
12083,11453,3,1,2026-08-14,4
12084,44778,3,1,2026-08-14,3
12085,7026,3,1,2026-08-14,3
12086,41414,3,1,2026-08-14,4
12087,401,3,1,2026-08-14,3
12088,22331,3,1,2026-08-14,3
12089,33822,3,1,2026-08-14,3
12090,38551,3,1,2026-08-14,3
12091,35589,3,1,2026-08-14,1
12092,15113,3,1,2026-08-14,3
12093,7561,3,1,2026-08-14,3
12094,17471,3,1,2026-08-14,2
12095,25390,3,1,2026-08-14,3
12096,1933,3,1,2026-08-14,1
12097,35044,3,1,2026-08-14,2
12098,41237,3,1,2026-08-14,2
12099,43993,3,1,2026-08-14,3
12100,40207,3,1,2026-08-14,3
12101,12720,3,1,2026-08-14,3
12102,30910,3,1,2026-08-14,3
12103,34927,3,1,2026-08-14,3
12104,21054,3,1,2026-08-14,4
12105,9415,3,1,2026-08-14,2
12106,13324,3,1,2026-08-14,3
12107,26509,3,1,2026-08-14,2
12108,1297,3,1,2026-08-14,1
12109,46300,3,1,2026-08-14,3
12110,33813,3,1,2026-08-14,3
12111,35029,3,1,2026-08-14,2
12112,2922,3,1,2026-08-14,3
12113,25013,3,1,2026-08-14,1
12114,37159,3,1,2026-08-14,1
12115,19320,3,1,2026-08-14,3
12116,21799,3,1,2026-08-14,2
12117,14009,3,1,2026-08-14,3
12118,32721,3,1,2026-08-14,1
12119,48289,3,1,2026-08-14,3
12120,28340,3,1,2026-08-14,1
12121,25183,3,1,2026-08-14,3
12122,14343,3,1,2026-08-14,2
12123,25018,3,2,2026-08-14,3
12124,29815,3,2,2026-08-14,1
12125,32752,3,2,2026-08-14,3
12126,1824,3,2,2026-08-14,3
12127,6210,3,2,2026-08-14,3
12128,48009,3,2,2026-08-14,3
12129,31565,3,2,2026-08-14,1
12130,32645,3,2,2026-08-14,3
12131,6416,3,2,2026-08-14,1
12132,26149,3,2,2026-08-14,4
12133,12522,3,2,2026-08-14,3
12134,33921,3,2,2026-08-14,2
12135,23370,3,2,2026-08-14,1
12136,37583,3,2,2026-08-14,2
12137,24410,3,2,2026-08-14,5
12138,10443,3,2,2026-08-14,3
12139,17871,3,2,2026-08-14,1
12140,10566,3,2,2026-08-14,1
12141,29114,3,2,2026-08-14,2
12142,27,3,2,2026-08-14,3
12143,43497,3,2,2026-08-14,1
12144,41543,3,2,2026-08-14,1
12145,28448,3,2,2026-08-14,3
12146,2569,3,2,2026-08-14,1
12147,8563,3,2,2026-08-14,2
12148,34536,3,2,2026-08-14,3
12149,23167,3,2,2026-08-14,1
12150,46030,3,2,2026-08-14,3
12151,5655,3,2,2026-08-14,2
12152,19772,3,2,2026-08-14,1
12153,17479,3,2,2026-08-14,3
12154,9428,3,2,2026-08-14,3
12155,13275,3,2,2026-08-14,3
12156,8961,3,2,2026-08-14,3
12157,17964,3,2,2026-08-14,1
12158,8781,3,2,2026-08-14,3
12159,7072,3,2,2026-08-14,2
12160,23410,3,2,2026-08-14,1
12161,19042,3,2,2026-08-14,3
12162,47549,3,2,2026-08-14,3
12163,17396,3,2,2026-08-14,3
12164,42797,3,2,2026-08-14,3
12165,43783,3,2,2026-08-14,3
12166,3006,3,2,2026-08-14,1
12167,285,3,2,2026-08-14,3
12168,28959,3,2,2026-08-14,3
12169,35294,3,2,2026-08-14,3
12170,8608,3,2,2026-08-14,1
12171,25620,3,2,2026-08-14,3
12172,38324,3,2,2026-08-14,2
12173,13435,3,2,2026-08-14,1
12174,24422,3,2,2026-08-14,3
12175,23303,3,2,2026-08-14,1
12176,9880,3,2,2026-08-14,3
12177,18914,3,2,2026-08-14,3
12178,48062,3,2,2026-08-14,3
12179,49405,3,2,2026-08-14,4
12180,15974,3,2,2026-08-14,2
12181,7361,3,2,2026-08-14,3
12182,20950,3,2,2026-08-14,3
12183,1429,3,2,2026-08-14,2
12184,45776,3,2,2026-08-14,3
12185,31929,3,2,2026-08-14,2
12186,45010,2,1,2026-08-14,4
12187,46499,2,1,2026-08-14,3
12188,22541,2,1,2026-08-14,3
12189,44853,2,1,2026-08-14,4
12190,20741,2,1,2026-08-14,4
12191,42443,2,1,2026-08-14,3
12192,22363,2,1,2026-08-14,3
12193,38107,2,1,2026-08-14,3
12194,25699,2,1,2026-08-14,3
12195,5190,2,1,2026-08-14,1
12196,18559,2,1,2026-08-14,3
12197,49857,2,1,2026-08-14,3
12198,46107,2,1,2026-08-14,1
12199,29086,2,1,2026-08-14,3
12200,273,2,1,2026-08-14,4
12201,44171,2,1,2026-08-14,1
12202,35138,2,1,2026-08-14,4
12203,44919,2,1,2026-08-14,1
12204,32968,2,1,2026-08-14,4
12205,34208,2,1,2026-08-14,3
12206,41385,2,1,2026-08-14,4
12207,5429,2,1,2026-08-14,4
12208,42995,2,1,2026-08-14,4
12209,40254,2,1,2026-08-14,1
12210,13371,2,1,2026-08-14,3
12211,34966,2,1,2026-08-14,3
12212,41345,2,1,2026-08-14,3
12213,39590,2,1,2026-08-14,4
12214,4116,2,1,2026-08-14,5
12215,386,2,1,2026-08-14,4
12216,36935,2,1,2026-08-14,3
12217,31410,2,1,2026-08-14,4
12218,38253,2,1,2026-08-14,4
12219,42666,2,1,2026-08-14,3
12220,28921,2,1,2026-08-14,3
12221,13316,2,1,2026-08-14,3
12222,37552,2,1,2026-08-14,4
12223,45834,2,1,2026-08-14,1
12224,35295,2,1,2026-08-14,4
12225,45405,2,1,2026-08-14,3
12226,28905,2,1,2026-08-14,5
12227,23384,2,1,2026-08-14,3
12228,48963,2,1,2026-08-14,3
12229,35312,2,1,2026-08-14,4
12230,28447,2,1,2026-08-14,4
12231,1905,2,1,2026-08-14,1
12232,13022,2,1,2026-08-14,1
12233,32813,2,1,2026-08-14,3
12234,2619,2,1,2026-08-14,3
12235,23489,2,1,2026-08-14,4
12236,29355,2,1,2026-08-14,4
12237,19863,2,1,2026-08-14,4
12238,45576,2,1,2026-08-14,4
12239,6002,2,1,2026-08-14,4
12240,3577,2,1,2026-08-14,3
12241,30,2,1,2026-08-14,3
12242,37487,2,1,2026-08-14,4
12243,13222,2,1,2026-08-14,4
12244,40085,2,1,2026-08-14,4
12245,20763,2,1,2026-08-14,3
12246,21810,2,1,2026-08-14,3
12247,34461,2,1,2026-08-14,1
12248,9945,2,1,2026-08-14,4
12249,38797,2,1,2026-08-14,1
12250,47915,2,1,2026-08-14,1
12251,1728,2,1,2026-08-14,4
12252,1692,2,1,2026-08-14,3
12253,10934,2,1,2026-08-14,4
12254,47018,2,1,2026-08-14,2
12255,34238,2,1,2026-08-14,4
12256,16754,2,1,2026-08-14,2
12257,32020,2,1,2026-08-14,3
12258,3765,2,1,2026-08-14,4
12259,40675,2,1,2026-08-14,4
12260,19100,2,1,2026-08-14,3
12261,9676,2,1,2026-08-14,3
12262,28173,2,1,2026-08-14,4
12263,37106,2,1,2026-08-14,3
12264,36815,2,1,2026-08-14,3
12265,10300,2,1,2026-08-14,3
12266,39709,2,1,2026-08-14,3
12267,41357,2,1,2026-08-14,4
12268,39169,2,1,2026-08-14,4
12269,38487,2,1,2026-08-14,2
12270,16989,2,1,2026-08-14,4
12271,1144,2,1,2026-08-14,1
12272,9322,2,1,2026-08-14,3
12273,24198,2,1,2026-08-14,4
12274,29864,2,1,2026-08-14,4
12275,10744,2,1,2026-08-14,4
12276,5308,2,1,2026-08-14,3
12277,29931,2,1,2026-08-14,4
12278,46718,2,1,2026-08-14,3
12279,40433,2,1,2026-08-14,4
12280,14204,2,1,2026-08-14,4
12281,10234,2,1,2026-08-14,3
12282,9626,2,1,2026-08-14,4
12283,14895,2,1,2026-08-14,4
12284,39554,2,1,2026-08-14,4
12285,7535,2,1,2026-08-14,4
12286,13893,2,1,2026-08-14,4
12287,15598,2,1,2026-08-14,4
12288,27765,2,1,2026-08-14,1
12289,10312,2,1,2026-08-14,4
12290,38159,2,1,2026-08-14,4
12291,18426,2,1,2026-08-14,2
12292,21944,2,1,2026-08-14,3
12293,19318,2,1,2026-08-14,4
12294,46308,2,1,2026-08-14,3
12295,20959,2,1,2026-08-14,3
12296,48404,2,1,2026-08-14,4
12297,12748,2,1,2026-08-14,1
12298,6721,2,1,2026-08-14,3
12299,28653,2,1,2026-08-14,1
12300,44274,2,1,2026-08-14,4
12301,11678,2,1,2026-08-14,3
12302,42559,2,1,2026-08-14,3
12303,16037,2,1,2026-08-14,3
12304,29726,2,1,2026-08-14,1
12305,13047,2,1,2026-08-14,4
12306,5549,2,1,2026-08-14,4
12307,25541,2,1,2026-08-14,4
12308,3483,2,1,2026-08-14,3
12309,49515,2,1,2026-08-14,3
12310,16664,2,1,2026-08-14,3
12311,908,2,2,2026-08-14,3
12312,1514,2,2,2026-08-14,3
12313,31766,2,2,2026-08-14,3
12314,48069,2,2,2026-08-14,4
12315,10102,2,2,2026-08-14,3
12316,14933,2,2,2026-08-14,3
12317,4285,2,2,2026-08-14,4
12318,40181,2,2,2026-08-14,4
12319,610,2,2,2026-08-14,3
12320,15688,2,2,2026-08-14,4
12321,32957,2,2,2026-08-14,3
12322,2662,2,2,2026-08-14,3
12323,29980,2,2,2026-08-14,3
12324,2705,2,2,2026-08-14,3
12325,39237,2,2,2026-08-14,1
12326,18046,2,2,2026-08-14,4
12327,5628,2,2,2026-08-14,4
12328,30083,2,2,2026-08-14,3
12329,20302,2,2,2026-08-14,3
12330,14473,2,2,2026-08-14,2
12331,9582,2,2,2026-08-14,4
12332,16996,2,2,2026-08-14,1
12333,17690,2,2,2026-08-14,3
12334,49023,2,2,2026-08-14,3
12335,44007,2,2,2026-08-14,4
12336,30540,2,2,2026-08-14,4
12337,34975,2,2,2026-08-14,3
12338,21889,2,2,2026-08-14,3
12339,31691,2,2,2026-08-14,3
12340,15762,2,2,2026-08-14,3
12341,40961,2,2,2026-08-14,1
12342,47013,2,2,2026-08-14,4
12343,42997,2,2,2026-08-14,4
12344,21734,2,2,2026-08-14,2
12345,12391,2,2,2026-08-14,4
12346,31316,2,2,2026-08-14,1
12347,19310,2,2,2026-08-14,3
12348,41780,2,2,2026-08-14,1
12349,45332,2,2,2026-08-14,3
12350,42867,2,2,2026-08-14,1
12351,8324,2,2,2026-08-14,4
12352,28432,2,2,2026-08-14,3
12353,13320,2,2,2026-08-14,3
12354,8454,2,2,2026-08-14,3
12355,46147,2,2,2026-08-14,4
12356,20461,2,2,2026-08-14,2
12357,4383,2,2,2026-08-14,3
12358,34039,2,2,2026-08-14,3
12359,47004,2,2,2026-08-14,3
12360,12943,2,2,2026-08-14,3
12361,24755,2,4,2026-08-14,4
12362,10288,2,4,2026-08-14,4
12363,19275,2,4,2026-08-14,1
12364,35013,2,4,2026-08-14,1
12365,42014,2,4,2026-08-14,4
12366,22531,2,4,2026-08-14,1
12367,18208,2,4,2026-08-14,3
12368,24154,2,4,2026-08-14,3
12369,17049,2,4,2026-08-14,4
12370,47432,2,4,2026-08-14,4
12371,12458,2,4,2026-08-14,6
12372,31788,2,4,2026-08-14,3
12373,5431,2,4,2026-08-14,3
12374,4553,2,4,2026-08-14,1
12375,23048,2,4,2026-08-14,1
12376,45804,2,4,2026-08-14,4
12377,10755,2,4,2026-08-14,4
12378,18695,2,4,2026-08-14,4
12379,10657,2,4,2026-08-14,4
12380,35904,2,4,2026-08-14,3
12381,47029,2,4,2026-08-14,1
12382,46255,2,4,2026-08-14,3
12383,10161,2,4,2026-08-14,3
12384,38039,2,4,2026-08-14,3
12385,11188,2,4,2026-08-14,1
12386,29204,2,4,2026-08-14,1
12387,18562,2,4,2026-08-14,3
12388,17903,2,4,2026-08-14,3
12389,45029,2,4,2026-08-14,4
12390,35076,2,4,2026-08-14,5
12391,38328,2,4,2026-08-14,3
12392,9690,2,4,2026-08-14,4
12393,37955,2,4,2026-08-14,4
12394,16939,2,4,2026-08-14,4
12395,28373,2,4,2026-08-14,3
12396,24524,2,4,2026-08-14,4
12397,31231,2,4,2026-08-14,4
12398,40726,2,4,2026-08-14,4
12399,41702,2,4,2026-08-14,3
12400,10968,2,4,2026-08-14,3
12401,41761,2,4,2026-08-14,3
12402,8372,2,4,2026-08-14,1
12403,41117,2,4,2026-08-14,4
12404,31729,2,4,2026-08-14,3
12405,17203,2,4,2026-08-14,3
12406,29619,2,4,2026-08-14,3
12407,44165,2,4,2026-08-14,3
12408,3365,2,4,2026-08-14,3
12409,46525,2,4,2026-08-14,3
12410,32471,2,4,2026-08-14,3
12411,19362,2,4,2026-08-14,3
12412,35225,2,4,2026-08-14,4
12413,2664,2,4,2026-08-14,3
12414,38004,2,4,2026-08-14,3
12415,38256,2,4,2026-08-14,3
12416,29723,2,4,2026-08-14,1
12417,31442,2,4,2026-08-14,3
12418,14264,2,4,2026-08-14,4
12419,27872,2,4,2026-08-14,4
12420,38671,2,4,2026-08-14,4
12421,8882,2,4,2026-08-14,5
12422,32774,2,4,2026-08-14,3
12423,8797,2,4,2026-08-14,3
12424,23914,2,4,2026-08-14,4
12425,47254,2,4,2026-08-14,3
12426,45416,2,4,2026-08-14,4
12427,13064,2,4,2026-08-14,4
12428,47316,2,4,2026-08-14,3
12429,41140,2,4,2026-08-14,3
12430,18924,2,4,2026-08-14,4
12431,14449,2,4,2026-08-14,4
12432,11056,2,4,2026-08-14,4
12433,4768,2,4,2026-08-14,5
12434,46009,2,4,2026-08-14,4
12435,9715,2,4,2026-08-14,5
12436,40856,1,1,2026-08-17,3
12437,5925,1,1,2026-08-17,3
12438,34987,1,1,2026-08-17,3
12439,48981,1,1,2026-08-17,3
12440,4780,1,1,2026-08-17,3
12441,14831,1,1,2026-08-17,3
12442,30690,1,1,2026-08-17,3
12443,28997,1,1,2026-08-17,3
12444,9460,1,1,2026-08-17,3
12445,47573,1,1,2026-08-17,3
12446,41219,1,1,2026-08-17,3
12447,10464,1,1,2026-08-17,3
12448,40968,1,1,2026-08-17,3
12449,6646,1,1,2026-08-17,3
12450,38294,1,1,2026-08-17,3
12451,4458,1,1,2026-08-17,3
12452,41506,1,1,2026-08-17,3
12453,19519,1,1,2026-08-17,3
12454,11484,1,1,2026-08-17,3
12455,32849,1,1,2026-08-17,3
12456,453,1,1,2026-08-17,3
12457,17260,1,1,2026-08-17,3
12458,12128,1,1,2026-08-17,3
12459,8500,1,1,2026-08-17,4
12460,21737,1,1,2026-08-17,3
12461,14486,1,1,2026-08-17,3
12462,9255,1,1,2026-08-17,3
12463,14442,1,1,2026-08-17,3
12464,39963,1,1,2026-08-17,3
12465,22950,1,1,2026-08-17,3
12466,46921,1,1,2026-08-17,3
12467,21922,1,1,2026-08-17,3
12468,47563,1,1,2026-08-17,3
12469,39037,1,1,2026-08-17,3
12470,27016,1,1,2026-08-17,3
12471,28571,1,1,2026-08-17,3
12472,37385,1,1,2026-08-17,1
12473,21689,1,1,2026-08-17,3
12474,35394,1,1,2026-08-17,3
12475,31332,1,1,2026-08-17,3
12476,28091,1,1,2026-08-17,3
12477,35383,1,1,2026-08-17,3
12478,43112,1,1,2026-08-17,3
12479,96,1,1,2026-08-17,3
12480,42879,1,1,2026-08-17,4
12481,3034,1,1,2026-08-17,3
12482,24277,1,1,2026-08-17,3
12483,43327,1,1,2026-08-17,3
12484,47451,1,1,2026-08-17,3
12485,44889,1,1,2026-08-17,1
12486,33394,1,1,2026-08-17,3
12487,28116,1,1,2026-08-17,3
12488,3314,1,1,2026-08-17,1
12489,5077,1,1,2026-08-17,3
12490,4317,1,1,2026-08-17,3
12491,46171,1,1,2026-08-17,3
12492,4917,1,1,2026-08-17,1
12493,49895,1,1,2026-08-17,3
12494,46001,1,1,2026-08-17,3
12495,39345,1,1,2026-08-17,3
12496,6460,1,1,2026-08-17,3
12497,35691,1,1,2026-08-17,3
12498,13089,1,1,2026-08-17,4
12499,15005,1,1,2026-08-17,3
12500,44009,1,1,2026-08-17,3
12501,29696,1,1,2026-08-17,4
12502,37729,1,1,2026-08-17,3
12503,29433,1,1,2026-08-17,3
12504,20704,1,1,2026-08-17,3
12505,46220,1,1,2026-08-17,1
12506,11637,1,1,2026-08-17,3
12507,27100,1,1,2026-08-17,1
12508,31638,1,1,2026-08-17,3
12509,14032,1,1,2026-08-17,3
12510,19050,1,1,2026-08-17,6
12511,2740,1,1,2026-08-17,3
12512,9523,1,1,2026-08-17,4
12513,30222,1,1,2026-08-17,3
12514,33480,1,1,2026-08-17,4
12515,24799,1,1,2026-08-17,3
12516,5901,1,1,2026-08-17,1
12517,42900,1,1,2026-08-17,3
12518,24131,1,1,2026-08-17,3
12519,498,1,1,2026-08-17,3
12520,6566,1,1,2026-08-17,3
12521,9991,1,1,2026-08-17,3
12522,14108,1,1,2026-08-17,3
12523,31412,1,1,2026-08-17,4
12524,41973,1,1,2026-08-17,1
12525,38350,1,1,2026-08-17,3
12526,32989,1,1,2026-08-17,4
12527,35990,1,1,2026-08-17,4
12528,41504,1,1,2026-08-17,3
12529,17085,1,1,2026-08-17,3
12530,16408,1,1,2026-08-17,3
12531,13337,1,1,2026-08-17,3
12532,15696,1,1,2026-08-17,3
12533,2836,1,1,2026-08-17,3
12534,17968,1,1,2026-08-17,4
12535,8541,1,1,2026-08-17,3
12536,10113,1,1,2026-08-17,3
12537,23002,1,1,2026-08-17,3
12538,15067,1,1,2026-08-17,3
12539,21267,1,1,2026-08-17,3
12540,37201,1,1,2026-08-17,3
12541,43808,1,1,2026-08-17,1
12542,49506,1,1,2026-08-17,3
12543,27158,1,1,2026-08-17,3
12544,16105,1,1,2026-08-17,3
12545,31870,1,1,2026-08-17,3
12546,19981,1,1,2026-08-17,3
12547,17069,1,1,2026-08-17,3
12548,35058,1,1,2026-08-17,1
12549,37273,1,1,2026-08-17,3
12550,39058,1,1,2026-08-17,3
12551,15312,1,1,2026-08-17,1
12552,11730,1,1,2026-08-17,1
12553,28412,1,1,2026-08-17,3
12554,40384,1,1,2026-08-17,3
12555,34893,1,1,2026-08-17,3
12556,6504,1,1,2026-08-17,1
12557,37631,1,1,2026-08-17,3
12558,10996,1,1,2026-08-17,3
12559,33856,1,1,2026-08-17,3
12560,41301,1,1,2026-08-17,3
12561,37153,1,1,2026-08-17,3
12562,38802,1,1,2026-08-17,3
12563,18850,1,1,2026-08-17,3
12564,45300,1,1,2026-08-17,3
12565,32763,1,1,2026-08-17,3
12566,18127,1,1,2026-08-17,1
12567,19352,1,1,2026-08-17,1
12568,6791,1,1,2026-08-17,3
12569,40626,1,1,2026-08-17,3
12570,46889,1,1,2026-08-17,4
12571,29103,1,1,2026-08-17,3
12572,41567,1,1,2026-08-17,3
12573,33590,1,1,2026-08-17,3
12574,31259,1,1,2026-08-17,3
12575,16773,1,1,2026-08-17,3
12576,18411,1,1,2026-08-17,5
12577,42595,1,1,2026-08-17,3
12578,8098,1,1,2026-08-17,3
12579,36531,1,1,2026-08-17,3
12580,20019,1,1,2026-08-17,3
12581,41102,1,1,2026-08-17,3
12582,31398,1,1,2026-08-17,3
12583,2557,1,1,2026-08-17,4
12584,26214,1,1,2026-08-17,3
12585,46666,1,1,2026-08-17,3
12586,28825,1,1,2026-08-17,3
12587,25216,1,1,2026-08-17,3
12588,28557,1,1,2026-08-17,3
12589,17855,1,1,2026-08-17,4
12590,5722,1,1,2026-08-17,4
12591,43750,1,1,2026-08-17,3
12592,24840,1,1,2026-08-17,3
12593,22386,1,1,2026-08-17,1
12594,22424,1,1,2026-08-17,3
12595,46068,1,1,2026-08-17,3
12596,1882,1,1,2026-08-17,3
12597,17045,1,1,2026-08-17,3
12598,27,1,1,2026-08-17,3
12599,8211,1,1,2026-08-17,3
12600,33131,1,1,2026-08-17,3
12601,7683,1,1,2026-08-17,3
12602,26845,1,1,2026-08-17,3
12603,7806,1,1,2026-08-17,3
12604,14342,1,1,2026-08-17,3
12605,12068,1,1,2026-08-17,3
12606,6036,1,1,2026-08-17,3
12607,36942,1,1,2026-08-17,3
12608,28426,1,1,2026-08-17,3
12609,905,1,1,2026-08-17,3
12610,39765,1,1,2026-08-17,3
12611,11940,1,1,2026-08-17,3
12612,45588,1,1,2026-08-17,3
12613,3278,1,1,2026-08-17,3
12614,2727,1,1,2026-08-17,3
12615,42725,1,1,2026-08-17,3
12616,970,1,1,2026-08-17,3
12617,41914,1,1,2026-08-17,3
12618,48402,1,1,2026-08-17,1
12619,46912,1,1,2026-08-17,3
12620,49724,1,1,2026-08-17,1
12621,35286,1,1,2026-08-17,3
12622,34133,1,1,2026-08-17,3
12623,7672,1,1,2026-08-17,5
12624,40915,1,1,2026-08-17,3
12625,32060,1,1,2026-08-17,3
12626,36325,1,1,2026-08-17,3
12627,39869,1,1,2026-08-17,3
12628,406,1,1,2026-08-17,3
12629,49159,1,1,2026-08-17,3
12630,20910,1,1,2026-08-17,3
12631,231,1,1,2026-08-17,3
12632,24576,1,1,2026-08-17,3
12633,8610,1,1,2026-08-17,3
12634,13480,1,1,2026-08-17,3
12635,22011,1,1,2026-08-17,1
12636,45816,1,1,2026-08-17,3
12637,47010,1,1,2026-08-17,3
12638,33928,1,1,2026-08-17,3
12639,26256,1,1,2026-08-17,3
12640,49621,1,1,2026-08-17,4
12641,37584,1,1,2026-08-17,3
12642,5133,1,1,2026-08-17,3
12643,15665,1,1,2026-08-17,3
12644,30447,1,1,2026-08-17,3
12645,6989,1,1,2026-08-17,1
12646,21389,1,1,2026-08-17,3
12647,26040,1,1,2026-08-17,3
12648,1489,1,1,2026-08-17,3
12649,22991,1,1,2026-08-17,3
12650,196,1,1,2026-08-17,3
12651,49289,1,1,2026-08-17,3
12652,41035,1,1,2026-08-17,3
12653,33527,1,1,2026-08-17,3
12654,29756,1,1,2026-08-17,3
12655,36809,1,1,2026-08-17,5
12656,12487,1,1,2026-08-17,3
12657,7074,1,1,2026-08-17,1
12658,17936,1,1,2026-08-17,3
12659,35027,1,1,2026-08-17,3
12660,19200,1,1,2026-08-17,4
12661,48561,1,1,2026-08-17,4
12662,9742,1,1,2026-08-17,4
12663,38160,1,1,2026-08-17,3
12664,3611,1,1,2026-08-17,3
12665,15054,1,1,2026-08-17,1
12666,15690,1,1,2026-08-17,3
12667,22291,1,1,2026-08-17,3
12668,34852,1,1,2026-08-17,3
12669,11490,1,1,2026-08-17,3
12670,36910,1,1,2026-08-17,5
12671,31025,1,1,2026-08-17,4
12672,21429,1,1,2026-08-17,1
12673,36144,1,1,2026-08-17,3
12674,31947,1,1,2026-08-17,3
12675,12767,1,1,2026-08-17,3
12676,36436,1,1,2026-08-17,3
12677,11534,1,1,2026-08-17,3
12678,2692,1,1,2026-08-17,3
12679,26607,1,1,2026-08-17,3
12680,20191,1,1,2026-08-17,3
12681,21209,1,1,2026-08-17,3
12682,17219,1,1,2026-08-17,3
12683,30347,1,1,2026-08-17,3
12684,17177,1,1,2026-08-17,3
12685,34496,1,1,2026-08-17,3
12686,30736,1,1,2026-08-17,3
12687,33485,1,1,2026-08-17,3
12688,20884,1,1,2026-08-17,3
12689,4603,1,1,2026-08-17,3
12690,1893,1,1,2026-08-17,1
12691,42836,1,1,2026-08-17,3
12692,40956,1,1,2026-08-17,1
12693,41976,1,1,2026-08-17,1
12694,26192,1,1,2026-08-17,3
12695,42571,1,1,2026-08-17,3
12696,48471,1,1,2026-08-17,3
12697,41971,1,1,2026-08-17,3
12698,32804,1,1,2026-08-17,3
12699,13832,1,1,2026-08-17,3
12700,22270,1,1,2026-08-17,3
12701,28176,1,1,2026-08-17,3
12702,22288,1,1,2026-08-17,3
12703,20975,1,1,2026-08-17,3
12704,40331,1,1,2026-08-17,3
12705,31188,1,1,2026-08-17,3
12706,25087,1,1,2026-08-17,3
12707,30656,1,1,2026-08-17,3
12708,40457,1,1,2026-08-17,3
12709,21385,1,1,2026-08-17,3
12710,16315,1,1,2026-08-17,3
12711,26714,1,1,2026-08-17,3
12712,41178,1,1,2026-08-17,3
12713,19390,1,1,2026-08-17,3
12714,18207,1,1,2026-08-17,3
12715,32478,1,1,2026-08-17,3
12716,47835,1,1,2026-08-17,3
12717,34552,1,1,2026-08-17,3
12718,30517,1,1,2026-08-17,3
12719,3874,1,1,2026-08-17,3
12720,17181,1,1,2026-08-17,3
12721,3694,1,1,2026-08-17,3
12722,44196,1,1,2026-08-17,3
12723,46235,1,1,2026-08-17,3
12724,20320,1,1,2026-08-17,3
12725,43782,1,1,2026-08-17,3
12726,23603,1,1,2026-08-17,3
12727,39749,1,1,2026-08-17,3
12728,22228,1,1,2026-08-17,4
12729,33068,1,1,2026-08-17,1
12730,8037,1,1,2026-08-17,3
12731,40039,1,1,2026-08-17,3
12732,34865,1,1,2026-08-17,3
12733,25865,1,1,2026-08-17,3
12734,22006,1,1,2026-08-17,3
12735,4611,1,1,2026-08-17,3
12736,48847,1,1,2026-08-17,3
12737,30787,1,1,2026-08-17,3
12738,3433,1,1,2026-08-17,3
12739,34371,1,1,2026-08-17,3
12740,49186,1,1,2026-08-17,3
12741,41367,1,1,2026-08-17,3
12742,26931,1,1,2026-08-17,3
12743,41651,1,1,2026-08-17,4
12744,18231,1,1,2026-08-17,3
12745,29635,1,1,2026-08-17,3
12746,45858,1,1,2026-08-17,3
12747,33625,1,1,2026-08-17,3
12748,888,1,1,2026-08-17,3
12749,49005,1,1,2026-08-17,3
12750,7098,1,1,2026-08-17,3
12751,40329,1,1,2026-08-17,3
12752,37073,1,1,2026-08-17,3
12753,36990,1,1,2026-08-17,3
12754,41543,1,1,2026-08-17,1
12755,1338,1,1,2026-08-17,1
12756,26313,1,1,2026-08-17,3
12757,27655,1,1,2026-08-17,3
12758,21743,1,1,2026-08-17,3
12759,5480,1,1,2026-08-17,3
12760,21409,1,1,2026-08-17,5
12761,3354,1,1,2026-08-17,3
12762,39981,1,1,2026-08-17,3
12763,8403,1,1,2026-08-17,3
12764,10738,1,1,2026-08-17,3
12765,42874,1,1,2026-08-17,5
12766,45141,1,1,2026-08-17,5
12767,45725,1,1,2026-08-17,3
12768,26717,1,1,2026-08-17,3
12769,32712,1,1,2026-08-17,5
12770,5704,1,1,2026-08-17,3
12771,22709,1,1,2026-08-17,3
12772,11277,1,1,2026-08-17,3
12773,31300,1,1,2026-08-17,3
12774,13827,1,1,2026-08-17,3
12775,32371,1,1,2026-08-17,3
12776,48505,1,1,2026-08-17,1
12777,24775,1,1,2026-08-17,3
12778,42172,1,1,2026-08-17,3
12779,8177,1,1,2026-08-17,3
12780,14018,1,1,2026-08-17,3
12781,14975,1,1,2026-08-17,3
12782,25095,1,1,2026-08-17,3
12783,20420,1,1,2026-08-17,3
12784,12696,1,1,2026-08-17,3
12785,19180,1,1,2026-08-17,6
12786,3288,1,1,2026-08-17,3
12787,39397,1,1,2026-08-17,3
12788,10629,1,1,2026-08-17,3
12789,26282,1,1,2026-08-17,3
12790,35130,1,1,2026-08-17,1
12791,44691,1,1,2026-08-17,3
12792,21341,1,1,2026-08-17,3
12793,17650,1,1,2026-08-17,3
12794,42489,1,1,2026-08-17,3
12795,38424,1,1,2026-08-17,3
12796,10259,1,1,2026-08-17,3
12797,34678,1,1,2026-08-17,3
12798,1189,1,1,2026-08-17,3
12799,35050,1,1,2026-08-17,3
12800,12251,1,1,2026-08-17,3
12801,9855,1,1,2026-08-17,3
12802,36199,1,1,2026-08-17,3
12803,29126,1,1,2026-08-17,3
12804,40841,1,1,2026-08-17,3
12805,42228,1,1,2026-08-17,3
12806,38668,1,1,2026-08-17,3
12807,42241,1,1,2026-08-17,3
12808,9214,1,1,2026-08-17,3
12809,34708,1,1,2026-08-17,3
12810,42718,1,1,2026-08-17,3
12811,46590,1,1,2026-08-17,3
12812,28413,1,1,2026-08-17,3
12813,21485,1,1,2026-08-17,3
12814,8584,1,1,2026-08-17,3
12815,29233,1,1,2026-08-17,3
12816,23593,1,1,2026-08-17,3
12817,25352,1,1,2026-08-17,4
12818,7811,1,1,2026-08-17,3
12819,4290,1,1,2026-08-17,3
12820,42741,1,1,2026-08-17,3
12821,21157,1,1,2026-08-17,3
12822,12719,1,1,2026-08-17,5
12823,5876,1,1,2026-08-17,3
12824,21653,1,1,2026-08-17,3
12825,17627,1,1,2026-08-17,3
12826,18627,1,1,2026-08-17,3
12827,20104,1,1,2026-08-17,3
12828,40622,1,1,2026-08-17,3
12829,22202,1,1,2026-08-17,3
12830,13540,1,1,2026-08-17,3
12831,36156,1,1,2026-08-17,3
12832,1418,1,1,2026-08-17,1
12833,26584,1,1,2026-08-17,3
12834,10478,1,1,2026-08-17,3
12835,3013,1,1,2026-08-17,3
12836,11288,1,1,2026-08-17,3
12837,28371,1,1,2026-08-17,3
12838,2985,1,1,2026-08-17,3
12839,41963,1,1,2026-08-17,3
12840,46554,1,1,2026-08-17,3
12841,12093,1,1,2026-08-17,3
12842,12462,1,1,2026-08-17,3
12843,33048,1,1,2026-08-17,3
12844,36657,1,1,2026-08-17,3
12845,19877,1,1,2026-08-17,3
12846,39401,1,1,2026-08-17,3
12847,33793,1,1,2026-08-17,3
12848,12290,1,1,2026-08-17,3
12849,36467,1,1,2026-08-17,3
12850,32123,1,1,2026-08-17,3
12851,46843,1,1,2026-08-17,3
12852,41878,1,1,2026-08-17,3
12853,23965,1,1,2026-08-17,3
12854,3753,1,1,2026-08-17,3
12855,33004,1,1,2026-08-17,1
12856,10338,1,1,2026-08-17,3
12857,43869,1,1,2026-08-17,3
12858,22850,1,1,2026-08-17,3
12859,9228,1,1,2026-08-17,1
12860,19370,1,1,2026-08-17,3
12861,44183,1,1,2026-08-17,1
12862,6823,1,1,2026-08-17,3
12863,34939,1,1,2026-08-17,4
12864,2789,1,1,2026-08-17,4
12865,42432,1,1,2026-08-17,3
12866,4707,1,1,2026-08-17,3
12867,6522,1,1,2026-08-17,3
12868,41461,1,1,2026-08-17,3
12869,31207,1,1,2026-08-17,1
12870,36846,1,1,2026-08-17,4
12871,13229,1,1,2026-08-17,1
12872,4743,1,1,2026-08-17,3
12873,22863,1,1,2026-08-17,3
12874,2742,1,1,2026-08-17,3
12875,8638,1,1,2026-08-17,3
12876,34534,1,1,2026-08-17,3
12877,17297,1,1,2026-08-17,1
12878,26837,1,1,2026-08-17,1
12879,12441,1,1,2026-08-17,3
12880,32513,1,1,2026-08-17,4
12881,47666,1,1,2026-08-17,3
12882,28793,1,1,2026-08-17,3
12883,30692,1,1,2026-08-17,3
12884,9885,1,1,2026-08-17,3
12885,18227,1,1,2026-08-17,3
12886,11594,1,1,2026-08-17,3
12887,1734,1,1,2026-08-17,3
12888,7131,1,1,2026-08-17,3
12889,26029,1,1,2026-08-17,3
12890,36355,1,1,2026-08-17,3
12891,11770,1,1,2026-08-17,4
12892,13368,1,1,2026-08-17,3
12893,40009,1,1,2026-08-17,3
12894,20609,1,1,2026-08-17,3
12895,3706,1,1,2026-08-17,3
12896,34168,1,1,2026-08-17,4
12897,16205,1,1,2026-08-17,3
12898,12412,1,1,2026-08-17,3
12899,25230,1,1,2026-08-17,3
12900,12077,1,1,2026-08-17,3
12901,39259,1,1,2026-08-17,1
12902,47942,1,1,2026-08-17,3
12903,26147,1,1,2026-08-17,3
12904,35834,1,1,2026-08-17,3
12905,35411,1,1,2026-08-17,1
12906,23150,1,1,2026-08-17,3
12907,7845,1,1,2026-08-17,3
12908,40364,1,1,2026-08-17,3
12909,30766,1,1,2026-08-17,3
12910,30474,1,1,2026-08-17,3
12911,18965,1,1,2026-08-17,3
12912,48269,1,1,2026-08-17,3
12913,1863,1,1,2026-08-17,3
12914,39962,1,1,2026-08-17,3
12915,39979,1,1,2026-08-17,3
12916,16196,1,1,2026-08-17,3
12917,42803,1,1,2026-08-17,3
12918,38558,1,1,2026-08-17,3
12919,29730,1,1,2026-08-17,3
12920,39701,1,1,2026-08-17,3
12921,32679,1,1,2026-08-17,3
12922,49535,1,1,2026-08-17,4
12923,40925,1,1,2026-08-17,3
12924,7315,1,1,2026-08-17,3
12925,2670,1,1,2026-08-17,3
12926,22660,1,1,2026-08-17,1
12927,14630,1,1,2026-08-17,1
12928,22177,1,1,2026-08-17,3
12929,40664,1,1,2026-08-17,3
12930,46941,1,1,2026-08-17,3
12931,7727,1,1,2026-08-17,3
12932,36019,1,1,2026-08-17,3
12933,6368,1,1,2026-08-17,5
12934,16176,1,1,2026-08-17,1
12935,36183,1,1,2026-08-17,3
12936,9213,1,1,2026-08-17,3
12937,12784,1,1,2026-08-17,3
12938,5259,1,1,2026-08-17,3
12939,32054,1,1,2026-08-17,3
12940,38562,1,1,2026-08-17,3
12941,21940,1,1,2026-08-17,3
12942,31048,1,1,2026-08-17,3
12943,22071,1,1,2026-08-17,3
12944,27320,1,1,2026-08-17,3
12945,27836,1,1,2026-08-17,3
12946,13815,1,1,2026-08-17,3
12947,34634,1,1,2026-08-17,3
12948,47454,1,1,2026-08-17,3
12949,28787,1,1,2026-08-17,3
12950,49633,1,1,2026-08-17,3
12951,42431,1,1,2026-08-17,3
12952,46391,1,1,2026-08-17,3
12953,40678,1,1,2026-08-17,3
12954,12322,1,1,2026-08-17,1
12955,30047,1,1,2026-08-17,3
12956,4048,1,1,2026-08-17,3
12957,6901,1,1,2026-08-17,3
12958,7433,1,1,2026-08-17,3
12959,10209,1,1,2026-08-17,3
12960,24488,1,1,2026-08-17,4
12961,46160,1,1,2026-08-17,3
12962,42985,1,1,2026-08-17,3
12963,49158,1,1,2026-08-17,3
12964,2098,1,1,2026-08-17,3
12965,24164,1,1,2026-08-17,3
12966,6387,1,1,2026-08-17,3
12967,25305,1,1,2026-08-17,3
12968,27676,1,1,2026-08-17,3
12969,6195,1,1,2026-08-17,3
12970,16422,1,1,2026-08-17,3
12971,27803,1,1,2026-08-17,4
12972,16903,1,1,2026-08-17,3
12973,31331,1,1,2026-08-17,4
12974,14267,1,1,2026-08-17,3
12975,32213,1,1,2026-08-17,3
12976,18378,1,1,2026-08-17,3
12977,42003,1,1,2026-08-17,3
12978,33551,1,1,2026-08-17,3
12979,27381,1,1,2026-08-17,3
12980,21250,1,1,2026-08-17,3
12981,3325,1,1,2026-08-17,4
12982,28632,1,1,2026-08-17,3
12983,38380,1,1,2026-08-17,3
12984,7817,1,1,2026-08-17,3
12985,34375,1,1,2026-08-17,3
12986,40550,1,1,2026-08-17,3
12987,16253,1,1,2026-08-17,3
12988,12391,1,1,2026-08-17,3
12989,39049,1,1,2026-08-17,1
12990,21734,1,1,2026-08-17,3
12991,28072,1,1,2026-08-17,3
12992,6327,1,1,2026-08-17,3
12993,25875,1,1,2026-08-17,3
12994,2696,1,1,2026-08-17,3
12995,25312,1,1,2026-08-17,3
12996,33931,1,1,2026-08-17,3
12997,28209,1,1,2026-08-17,3
12998,13317,1,1,2026-08-17,3
12999,36159,1,1,2026-08-17,3
13000,12484,1,1,2026-08-17,3
13001,12210,1,1,2026-08-17,3
13002,36258,1,1,2026-08-17,3
13003,26381,1,1,2026-08-17,4
13004,36873,1,1,2026-08-17,3
13005,33100,1,1,2026-08-17,3
13006,42429,1,1,2026-08-17,3
13007,40249,1,1,2026-08-17,3
13008,17565,1,1,2026-08-17,3
13009,11498,1,1,2026-08-17,3
13010,8496,1,1,2026-08-17,3
13011,31019,1,1,2026-08-17,6
13012,15209,1,1,2026-08-17,3
13013,24392,1,1,2026-08-17,3
13014,48139,1,1,2026-08-17,3
13015,48364,1,1,2026-08-17,3
13016,48700,1,1,2026-08-17,3
13017,16460,1,1,2026-08-17,3
13018,2994,1,1,2026-08-17,3
13019,30206,1,1,2026-08-17,3
13020,13792,1,1,2026-08-17,3
13021,15070,1,1,2026-08-17,3
13022,35468,1,1,2026-08-17,3
13023,25882,1,1,2026-08-17,3
13024,21961,1,1,2026-08-17,3
13025,21540,1,1,2026-08-17,3
13026,27808,1,1,2026-08-17,3
13027,49083,1,1,2026-08-17,4
13028,6118,1,1,2026-08-17,3
13029,38592,1,1,2026-08-17,3
13030,23666,1,1,2026-08-17,3
13031,11986,1,1,2026-08-17,3
13032,29897,1,1,2026-08-17,4
13033,47567,1,1,2026-08-17,3
13034,29861,1,1,2026-08-17,3
13035,13003,1,1,2026-08-17,3
13036,25552,1,1,2026-08-17,3
13037,48147,1,1,2026-08-17,3
13038,15323,1,1,2026-08-17,3
13039,43054,1,1,2026-08-17,3
13040,28932,1,1,2026-08-17,3
13041,19515,1,1,2026-08-17,3
13042,28686,1,1,2026-08-17,3
13043,39426,1,1,2026-08-17,3
13044,44942,1,1,2026-08-17,4
13045,2208,1,1,2026-08-17,4
13046,39820,1,1,2026-08-17,3
13047,34292,1,1,2026-08-17,3
13048,509,1,1,2026-08-17,4
13049,19729,1,1,2026-08-17,3
13050,22494,1,1,2026-08-17,3
13051,2799,1,1,2026-08-17,3
13052,43766,1,1,2026-08-17,3
13053,4532,1,1,2026-08-17,3
13054,38067,1,1,2026-08-17,3
13055,16157,1,1,2026-08-17,3
13056,22959,1,1,2026-08-17,3
13057,18594,1,1,2026-08-17,3
13058,9851,1,1,2026-08-17,3
13059,23231,1,1,2026-08-17,3
13060,34792,1,1,2026-08-17,3
13061,29628,3,1,2026-08-17,2
13062,20009,3,1,2026-08-17,3
13063,9195,3,1,2026-08-17,2
13064,1505,3,1,2026-08-17,2
13065,49579,3,1,2026-08-17,1
13066,15833,3,1,2026-08-17,3
13067,11966,3,1,2026-08-17,1
13068,43089,3,1,2026-08-17,4
13069,25052,3,1,2026-08-17,3
13070,25988,3,1,2026-08-17,5
13071,29361,3,1,2026-08-17,3
13072,22345,3,1,2026-08-17,2
13073,47008,3,1,2026-08-17,2
13074,23531,3,1,2026-08-17,3
13075,9120,3,1,2026-08-17,3
13076,39582,3,1,2026-08-17,3
13077,36584,3,1,2026-08-17,3
13078,32785,3,1,2026-08-17,4
13079,48490,3,1,2026-08-17,3
13080,35955,3,1,2026-08-17,2
13081,17088,3,1,2026-08-17,1
13082,9455,3,1,2026-08-17,1
13083,42909,3,1,2026-08-17,3
13084,19298,3,1,2026-08-17,1
13085,43040,3,1,2026-08-17,3
13086,12078,3,1,2026-08-17,3
13087,17520,3,1,2026-08-17,2
13088,5767,3,1,2026-08-17,2
13089,32374,3,1,2026-08-17,3
13090,40251,3,1,2026-08-17,2
13091,36799,3,1,2026-08-17,3
13092,5984,3,1,2026-08-17,3
13093,47601,3,1,2026-08-17,1
13094,12909,3,1,2026-08-17,1
13095,19871,3,1,2026-08-17,3
13096,26119,3,1,2026-08-17,1
13097,47089,3,1,2026-08-17,2
13098,4495,3,1,2026-08-17,3
13099,44385,3,1,2026-08-17,3
13100,31871,3,1,2026-08-17,3
13101,7515,3,1,2026-08-17,3
13102,880,3,1,2026-08-17,3
13103,7233,3,1,2026-08-17,3
13104,49145,3,1,2026-08-17,2
13105,17473,3,1,2026-08-17,3
13106,9496,3,1,2026-08-17,1
13107,1783,3,1,2026-08-17,1
13108,16135,3,1,2026-08-17,3
13109,32466,3,1,2026-08-17,2
13110,41343,3,1,2026-08-17,2
13111,38696,3,1,2026-08-17,1
13112,24331,3,1,2026-08-17,2
13113,46563,3,1,2026-08-17,3
13114,46504,3,1,2026-08-17,3
13115,44813,3,1,2026-08-17,3
13116,36454,3,1,2026-08-17,1
13117,36965,3,1,2026-08-17,1
13118,19739,3,1,2026-08-17,2
13119,44619,3,1,2026-08-17,3
13120,11635,3,1,2026-08-17,4
13121,44034,3,1,2026-08-17,2
13122,24744,3,1,2026-08-17,1
13123,49804,3,1,2026-08-17,3
13124,41961,3,1,2026-08-17,3
13125,7872,3,1,2026-08-17,3
13126,35015,3,1,2026-08-17,3
13127,10434,3,1,2026-08-17,3
13128,18717,3,1,2026-08-17,1
13129,13367,3,1,2026-08-17,3
13130,11494,3,1,2026-08-17,3
13131,4959,3,1,2026-08-17,4
13132,579,3,1,2026-08-17,3
13133,36752,3,1,2026-08-17,2
13134,47386,3,1,2026-08-17,1
13135,41167,3,1,2026-08-17,3
13136,19834,3,1,2026-08-17,2
13137,39717,3,1,2026-08-17,3
13138,33097,3,1,2026-08-17,1
13139,41355,3,1,2026-08-17,4
13140,12149,3,1,2026-08-17,1
13141,49665,3,1,2026-08-17,1
13142,18483,3,1,2026-08-17,3
13143,38398,3,1,2026-08-17,2
13144,17626,3,1,2026-08-17,2
13145,2074,3,1,2026-08-17,2
13146,35604,3,1,2026-08-17,2
13147,7494,3,1,2026-08-17,3
13148,216,3,1,2026-08-17,1
13149,2606,3,1,2026-08-17,3
13150,34791,3,1,2026-08-17,2
13151,15614,3,1,2026-08-17,2
13152,46544,3,1,2026-08-17,2
13153,44590,3,1,2026-08-17,4
13154,11882,3,1,2026-08-17,2
13155,22284,3,1,2026-08-17,3
13156,2931,3,1,2026-08-17,2
13157,16065,3,1,2026-08-17,3
13158,39053,3,1,2026-08-17,1
13159,47467,3,1,2026-08-17,2
13160,38357,3,1,2026-08-17,1
13161,1920,3,1,2026-08-17,3
13162,41716,3,1,2026-08-17,3
13163,29991,3,1,2026-08-17,1
13164,34396,3,1,2026-08-17,4
13165,42026,3,1,2026-08-17,2
13166,16546,3,1,2026-08-17,2
13167,543,3,1,2026-08-17,3
13168,26806,3,1,2026-08-17,4
13169,10078,3,1,2026-08-17,3
13170,36459,3,1,2026-08-17,3
13171,28416,3,1,2026-08-17,3
13172,2044,3,1,2026-08-17,2
13173,3840,3,1,2026-08-17,3
13174,31670,3,1,2026-08-17,1
13175,43409,3,1,2026-08-17,2
13176,381,3,1,2026-08-17,3
13177,11123,3,1,2026-08-17,3
13178,22042,3,1,2026-08-17,2
13179,49477,3,1,2026-08-17,3
13180,20964,3,1,2026-08-17,2
13181,45678,3,1,2026-08-17,3
13182,783,3,1,2026-08-17,3
13183,1481,3,1,2026-08-17,4
13184,18582,3,1,2026-08-17,3
13185,4952,3,1,2026-08-17,2
13186,47213,3,1,2026-08-17,3
13187,26682,3,1,2026-08-17,4
13188,25176,3,1,2026-08-17,2
13189,19449,3,1,2026-08-17,3
13190,24878,3,1,2026-08-17,2
13191,44803,3,1,2026-08-17,4
13192,15965,3,1,2026-08-17,3
13193,3755,3,1,2026-08-17,2
13194,710,3,1,2026-08-17,1
13195,41428,3,1,2026-08-17,3
13196,17885,3,1,2026-08-17,2
13197,42005,3,1,2026-08-17,2
13198,40185,3,1,2026-08-17,1
13199,21844,3,1,2026-08-17,2
13200,25325,3,1,2026-08-17,3
13201,48853,3,1,2026-08-17,2
13202,8663,3,1,2026-08-17,2
13203,36542,3,1,2026-08-17,3
13204,4855,3,1,2026-08-17,3
13205,10902,3,1,2026-08-17,3
13206,44468,3,1,2026-08-17,4
13207,36043,3,1,2026-08-17,3
13208,16488,3,1,2026-08-17,3
13209,18465,3,1,2026-08-17,2
13210,29448,3,1,2026-08-17,3
13211,24645,3,1,2026-08-17,4
13212,21414,3,1,2026-08-17,3
13213,21237,3,1,2026-08-17,2
13214,43614,3,1,2026-08-17,2
13215,13761,3,1,2026-08-17,3
13216,47975,3,1,2026-08-17,3
13217,14261,3,1,2026-08-17,3
13218,414,3,1,2026-08-17,1
13219,6182,3,1,2026-08-17,2
13220,974,3,1,2026-08-17,3
13221,46375,3,1,2026-08-17,2
13222,22837,3,1,2026-08-17,3
13223,45529,3,1,2026-08-17,3
13224,1222,3,1,2026-08-17,3
13225,25303,3,1,2026-08-17,5
13226,31284,3,1,2026-08-17,3
13227,19213,3,1,2026-08-17,1
13228,33665,3,1,2026-08-17,3
13229,39250,3,1,2026-08-17,2
13230,39853,3,1,2026-08-17,4
13231,42319,3,1,2026-08-17,3
13232,4268,3,1,2026-08-17,3
13233,26750,3,1,2026-08-17,4
13234,41251,3,1,2026-08-17,3
13235,45885,3,1,2026-08-17,2
13236,27481,3,1,2026-08-17,3
13237,47012,3,1,2026-08-17,3
13238,5409,3,1,2026-08-17,2
13239,14681,3,1,2026-08-17,3
13240,9069,3,1,2026-08-17,3
13241,22214,3,1,2026-08-17,2
13242,24809,3,1,2026-08-17,3
13243,36245,3,1,2026-08-17,3
13244,24611,3,1,2026-08-17,3
13245,34162,3,1,2026-08-17,4
13246,9782,3,1,2026-08-17,3
13247,44,3,1,2026-08-17,2
13248,43025,3,1,2026-08-17,5
13249,6396,3,1,2026-08-17,2
13250,9969,3,1,2026-08-17,3
13251,21662,3,1,2026-08-17,2
13252,8594,3,1,2026-08-17,3
13253,13114,3,1,2026-08-17,1
13254,24655,3,1,2026-08-17,2
13255,41636,3,1,2026-08-17,1
13256,21525,3,1,2026-08-17,2
13257,19870,3,1,2026-08-17,3
13258,5336,3,1,2026-08-17,3
13259,32216,3,1,2026-08-17,3
13260,39723,3,1,2026-08-17,2
13261,41350,3,1,2026-08-17,1
13262,34997,3,1,2026-08-17,2
13263,48783,3,1,2026-08-17,3
13264,7841,3,1,2026-08-17,3
13265,34799,3,1,2026-08-17,4
13266,43635,3,1,2026-08-17,3
13267,2432,3,1,2026-08-17,3
13268,11407,3,1,2026-08-17,3
13269,47157,3,1,2026-08-17,3
13270,22058,3,1,2026-08-17,2
13271,11968,3,1,2026-08-17,3
13272,5951,3,1,2026-08-17,3
13273,12280,3,1,2026-08-17,2
13274,4493,3,1,2026-08-17,3
13275,8393,3,1,2026-08-17,3
13276,28701,3,1,2026-08-17,3
13277,28471,3,1,2026-08-17,1
13278,20085,3,1,2026-08-17,2
13279,46536,3,1,2026-08-17,3
13280,27694,3,1,2026-08-17,2
13281,43433,3,1,2026-08-17,3
13282,23846,3,1,2026-08-17,3
13283,3117,3,1,2026-08-17,3
13284,7875,3,1,2026-08-17,3
13285,34,3,1,2026-08-17,3
13286,67,3,1,2026-08-17,5
13287,1629,3,1,2026-08-17,3
13288,10153,3,1,2026-08-17,3
13289,6747,3,1,2026-08-17,1
13290,7413,3,1,2026-08-17,1
13291,2216,3,1,2026-08-17,3
13292,41562,3,1,2026-08-17,2
13293,25544,3,1,2026-08-17,1
13294,9637,3,1,2026-08-17,2
13295,12331,3,1,2026-08-17,3
13296,29818,3,1,2026-08-17,3
13297,26019,3,1,2026-08-17,2
13298,11876,3,1,2026-08-17,3
13299,28443,3,1,2026-08-17,1
13300,14055,3,1,2026-08-17,3
13301,266,3,1,2026-08-17,4
13302,21865,3,1,2026-08-17,3
13303,10732,3,1,2026-08-17,3
13304,20515,3,1,2026-08-17,4
13305,8829,3,1,2026-08-17,3
13306,43007,3,1,2026-08-17,3
13307,28519,3,1,2026-08-17,3
13308,10861,3,1,2026-08-17,2
13309,13639,3,1,2026-08-17,1
13310,18731,3,1,2026-08-17,2
13311,19808,3,1,2026-08-17,3
13312,40623,3,1,2026-08-17,3
13313,19356,3,1,2026-08-17,2
13314,26694,3,1,2026-08-17,3
13315,30358,3,1,2026-08-17,2
13316,42866,3,1,2026-08-17,3
13317,48025,3,1,2026-08-17,3
13318,45452,3,1,2026-08-17,2
13319,49986,3,1,2026-08-17,2
13320,13919,3,1,2026-08-17,6
13321,37042,3,1,2026-08-17,2
13322,18951,3,1,2026-08-17,3
13323,27419,3,1,2026-08-17,3
13324,24402,3,1,2026-08-17,5
13325,28860,3,1,2026-08-17,3
13326,22066,3,1,2026-08-17,4
13327,34398,3,1,2026-08-17,3
13328,25034,3,1,2026-08-17,3
13329,15879,3,1,2026-08-17,3
13330,36076,3,1,2026-08-17,2
13331,1167,3,1,2026-08-17,3
13332,41649,3,1,2026-08-17,2
13333,34328,3,1,2026-08-17,1
13334,5332,3,1,2026-08-17,3
13335,48554,3,1,2026-08-17,3
13336,2605,3,1,2026-08-17,1
13337,26135,3,1,2026-08-17,3
13338,15318,3,1,2026-08-17,4
13339,16568,3,1,2026-08-17,3
13340,25930,3,1,2026-08-17,3
13341,17954,3,1,2026-08-17,2
13342,20190,3,1,2026-08-17,3
13343,49712,3,1,2026-08-17,1
13344,33102,3,1,2026-08-17,5
13345,28967,3,1,2026-08-17,2
13346,16986,3,1,2026-08-17,4
13347,1033,3,1,2026-08-17,1
13348,1061,3,1,2026-08-17,3
13349,26709,3,1,2026-08-17,1
13350,16269,3,1,2026-08-17,5
13351,36049,3,1,2026-08-17,1
13352,35997,3,1,2026-08-17,2
13353,49596,3,1,2026-08-17,2
13354,10297,3,1,2026-08-17,3
13355,10834,3,1,2026-08-17,3
13356,21515,3,1,2026-08-17,3
13357,34355,3,1,2026-08-17,3
13358,17771,3,1,2026-08-17,3
13359,20492,3,1,2026-08-17,3
13360,43612,3,1,2026-08-17,3
13361,14481,3,1,2026-08-17,3
13362,11421,3,1,2026-08-17,3
13363,43363,3,1,2026-08-17,1
13364,7862,3,1,2026-08-17,3
13365,13394,3,1,2026-08-17,3
13366,11139,3,1,2026-08-17,3
13367,36585,3,1,2026-08-17,1
13368,8113,3,1,2026-08-17,2
13369,17406,3,1,2026-08-17,3
13370,21616,3,1,2026-08-17,3
13371,47618,3,1,2026-08-17,3
13372,2787,3,1,2026-08-17,3
13373,7333,3,1,2026-08-17,3
13374,32897,3,2,2026-08-17,1
13375,6389,3,2,2026-08-17,3
13376,10333,3,2,2026-08-17,1
13377,40797,3,2,2026-08-17,4
13378,23542,3,2,2026-08-17,3
13379,40976,3,2,2026-08-17,3
13380,7261,3,2,2026-08-17,1
13381,2269,3,2,2026-08-17,2
13382,12004,3,2,2026-08-17,1
13383,2438,3,2,2026-08-17,3
13384,20994,3,2,2026-08-17,2
13385,4762,3,2,2026-08-17,2
13386,224,3,2,2026-08-17,1
13387,37527,3,2,2026-08-17,1
13388,2312,3,2,2026-08-17,1
13389,14324,3,2,2026-08-17,3
13390,13408,3,2,2026-08-17,3
13391,7833,3,2,2026-08-17,2
13392,31446,3,2,2026-08-17,3
13393,30375,3,2,2026-08-17,3
13394,1455,3,2,2026-08-17,3
13395,1143,3,2,2026-08-17,3
13396,25127,3,2,2026-08-17,3
13397,20474,3,2,2026-08-17,3
13398,2186,3,2,2026-08-17,2
13399,48115,3,2,2026-08-17,3
13400,38994,3,2,2026-08-17,3
13401,31192,3,2,2026-08-17,4
13402,26656,3,2,2026-08-17,3
13403,38119,3,2,2026-08-17,2
13404,38885,3,2,2026-08-17,3
13405,18586,3,2,2026-08-17,2
13406,27953,3,2,2026-08-17,1
13407,12676,3,2,2026-08-17,3
13408,47370,3,2,2026-08-17,1
13409,16167,3,2,2026-08-17,2
13410,26577,3,2,2026-08-17,2
13411,1811,3,2,2026-08-17,1
13412,34732,3,2,2026-08-17,3
13413,11159,3,2,2026-08-17,3
13414,3559,3,2,2026-08-17,3
13415,43922,3,2,2026-08-17,3
13416,41640,3,2,2026-08-17,3
13417,14114,3,2,2026-08-17,2
13418,29492,3,2,2026-08-17,4
13419,46052,3,2,2026-08-17,3
13420,18655,3,2,2026-08-17,3
13421,36941,3,2,2026-08-17,1
13422,35869,3,2,2026-08-17,3
13423,6659,3,2,2026-08-17,2
13424,17413,3,2,2026-08-17,2
13425,35985,3,2,2026-08-17,3
13426,4383,3,2,2026-08-17,3
13427,35752,3,2,2026-08-17,3
13428,35561,3,2,2026-08-17,1
13429,23230,3,2,2026-08-17,1
13430,43944,3,2,2026-08-17,4
13431,7691,3,2,2026-08-17,3
13432,8889,3,2,2026-08-17,5
13433,49721,3,2,2026-08-17,3
13434,49541,3,2,2026-08-17,1
13435,33117,3,2,2026-08-17,2
13436,31992,3,2,2026-08-17,3
13437,28480,2,1,2026-08-17,3
13438,43123,2,1,2026-08-17,4
13439,45384,2,1,2026-08-17,4
13440,37478,2,1,2026-08-17,3
13441,20428,2,1,2026-08-17,3
13442,18446,2,1,2026-08-17,3
13443,8521,2,1,2026-08-17,3
13444,46784,2,1,2026-08-17,4
13445,27177,2,1,2026-08-17,3
13446,49080,2,1,2026-08-17,1
13447,37609,2,1,2026-08-17,4
13448,5831,2,1,2026-08-17,3
13449,37332,2,1,2026-08-17,4
13450,6135,2,1,2026-08-17,3
13451,16288,2,1,2026-08-17,1
13452,39886,2,1,2026-08-17,3
13453,37654,2,1,2026-08-17,4
13454,19603,2,1,2026-08-17,1
13455,32697,2,1,2026-08-17,4
13456,31237,2,1,2026-08-17,1
13457,33911,2,1,2026-08-17,3
13458,12284,2,1,2026-08-17,3
13459,36038,2,1,2026-08-17,4
13460,7795,2,1,2026-08-17,4
13461,16578,2,1,2026-08-17,5
13462,33447,2,1,2026-08-17,4
13463,14610,2,1,2026-08-17,3
13464,32449,2,1,2026-08-17,3
13465,6624,2,1,2026-08-17,4
13466,42764,2,1,2026-08-17,3
13467,10483,2,1,2026-08-17,4
13468,14399,2,1,2026-08-17,3
13469,49528,2,1,2026-08-17,3
13470,45785,2,1,2026-08-17,4
13471,35861,2,1,2026-08-17,3
13472,3927,2,1,2026-08-17,3
13473,34068,2,1,2026-08-17,4
13474,44657,2,1,2026-08-17,3
13475,31758,2,1,2026-08-17,3
13476,24358,2,1,2026-08-17,4
13477,19093,2,1,2026-08-17,1
13478,26832,2,1,2026-08-17,3
13479,18745,2,1,2026-08-17,3
13480,34123,2,1,2026-08-17,4
13481,21091,2,1,2026-08-17,3
13482,26950,2,1,2026-08-17,4
13483,23814,2,1,2026-08-17,3
13484,29719,2,1,2026-08-17,3
13485,19796,2,1,2026-08-17,3
13486,42020,2,1,2026-08-17,3
13487,9309,2,1,2026-08-17,3
13488,46213,2,1,2026-08-17,3
13489,35720,2,1,2026-08-17,3
13490,10778,2,1,2026-08-17,3
13491,35605,2,1,2026-08-17,1
13492,5172,2,1,2026-08-17,3
13493,37396,2,1,2026-08-17,2
13494,33981,2,1,2026-08-17,3
13495,336,2,1,2026-08-17,3
13496,49698,2,1,2026-08-17,3
13497,36814,2,1,2026-08-17,3
13498,30837,2,1,2026-08-17,1
13499,58,2,1,2026-08-17,4
13500,48175,2,1,2026-08-17,3
13501,27768,2,1,2026-08-17,1
13502,16571,2,1,2026-08-17,1
13503,28837,2,1,2026-08-17,2
13504,29707,2,1,2026-08-17,3
13505,5113,2,1,2026-08-17,3
13506,28969,2,1,2026-08-17,3
13507,27756,2,1,2026-08-17,3
13508,8501,2,1,2026-08-17,4
13509,13601,2,1,2026-08-17,4
13510,45461,2,1,2026-08-17,4
13511,43671,2,1,2026-08-17,4
13512,7389,2,1,2026-08-17,4
13513,40991,2,1,2026-08-17,3
13514,37216,2,1,2026-08-17,3
13515,49970,2,1,2026-08-17,4
13516,12639,2,1,2026-08-17,3
13517,18046,2,1,2026-08-17,4
13518,11709,2,1,2026-08-17,4
13519,42409,2,1,2026-08-17,4
13520,19425,2,1,2026-08-17,4
13521,42069,2,1,2026-08-17,4
13522,13471,2,1,2026-08-17,1
13523,14087,2,1,2026-08-17,3
13524,6891,2,1,2026-08-17,1
13525,20871,2,1,2026-08-17,3
13526,12889,2,1,2026-08-17,4
13527,14077,2,1,2026-08-17,4
13528,1363,2,1,2026-08-17,3
13529,36548,2,1,2026-08-17,1
13530,12045,2,1,2026-08-17,3
13531,15287,2,1,2026-08-17,3
13532,11663,2,1,2026-08-17,4
13533,27326,2,1,2026-08-17,3
13534,1169,2,1,2026-08-17,3
13535,1759,2,1,2026-08-17,3
13536,30264,2,1,2026-08-17,3
13537,2285,2,1,2026-08-17,1
13538,40971,2,1,2026-08-17,4
13539,46369,2,1,2026-08-17,4
13540,44505,2,1,2026-08-17,2
13541,5714,2,1,2026-08-17,3
13542,18521,2,1,2026-08-17,3
13543,19057,2,1,2026-08-17,4
13544,42182,2,1,2026-08-17,4
13545,44222,2,1,2026-08-17,3
13546,18444,2,1,2026-08-17,3
13547,614,2,1,2026-08-17,3
13548,20625,2,1,2026-08-17,4
13549,11074,2,1,2026-08-17,4
13550,14604,2,1,2026-08-17,3
13551,35075,2,1,2026-08-17,3
13552,19716,2,1,2026-08-17,4
13553,11270,2,1,2026-08-17,1
13554,43449,2,1,2026-08-17,1
13555,34826,2,1,2026-08-17,3
13556,39178,2,1,2026-08-17,3
13557,22539,2,1,2026-08-17,5
13558,32273,2,1,2026-08-17,4
13559,38491,2,1,2026-08-17,3
13560,47606,2,1,2026-08-17,6
13561,10249,2,1,2026-08-17,3
13562,3908,2,2,2026-08-17,3
13563,700,2,2,2026-08-17,3
13564,27179,2,2,2026-08-17,4
13565,49529,2,2,2026-08-17,3
13566,49814,2,2,2026-08-17,4
13567,6131,2,2,2026-08-17,4
13568,43917,2,2,2026-08-17,3
13569,16368,2,2,2026-08-17,3
13570,41938,2,2,2026-08-17,4
13571,47255,2,2,2026-08-17,1
13572,12727,2,2,2026-08-17,4
13573,30785,2,2,2026-08-17,3
13574,1688,2,2,2026-08-17,4
13575,49779,2,2,2026-08-17,3
13576,48429,2,2,2026-08-17,4
13577,46098,2,2,2026-08-17,3
13578,610,2,2,2026-08-17,3
13579,39162,2,2,2026-08-17,3
13580,14709,2,2,2026-08-17,4
13581,34780,2,2,2026-08-17,3
13582,43982,2,2,2026-08-17,3
13583,33866,2,2,2026-08-17,3
13584,49847,2,2,2026-08-17,3
13585,4341,2,2,2026-08-17,4
13586,43427,2,2,2026-08-17,2
13587,2183,2,2,2026-08-17,1
13588,18852,2,2,2026-08-17,3
13589,29069,2,2,2026-08-17,4
13590,39585,2,2,2026-08-17,3
13591,26078,2,2,2026-08-17,3
13592,10740,2,2,2026-08-17,4
13593,22289,2,2,2026-08-17,4
13594,36749,2,2,2026-08-17,4
13595,37746,2,2,2026-08-17,4
13596,1559,2,2,2026-08-17,1
13597,40779,2,2,2026-08-17,3
13598,44672,2,2,2026-08-17,3
13599,21687,2,2,2026-08-17,4
13600,18270,2,2,2026-08-17,3
13601,28326,2,2,2026-08-17,3
13602,20330,2,2,2026-08-17,1
13603,9551,2,2,2026-08-17,3
13604,2662,2,2,2026-08-17,3
13605,2082,2,2,2026-08-17,4
13606,46165,2,2,2026-08-17,3
13607,30319,2,2,2026-08-17,1
13608,38781,2,2,2026-08-17,4
13609,4678,2,2,2026-08-17,4
13610,5818,2,2,2026-08-17,4
13611,49947,2,2,2026-08-17,4
13612,10787,2,4,2026-08-17,3
13613,21697,2,4,2026-08-17,3
13614,29194,2,4,2026-08-17,1
13615,121,2,4,2026-08-17,4
13616,35931,2,4,2026-08-17,4
13617,22691,2,4,2026-08-17,4
13618,20277,2,4,2026-08-17,3
13619,48963,2,4,2026-08-17,3
13620,11453,2,4,2026-08-17,3
13621,37012,2,4,2026-08-17,1
13622,10968,2,4,2026-08-17,3
13623,33155,2,4,2026-08-17,4
13624,19593,2,4,2026-08-17,3
13625,28544,2,4,2026-08-17,4
13626,4553,2,4,2026-08-17,4
13627,34949,2,4,2026-08-17,4
13628,46498,2,4,2026-08-17,4
13629,36392,2,4,2026-08-17,3
13630,48712,2,4,2026-08-17,4
13631,25140,2,4,2026-08-17,1
13632,20737,2,4,2026-08-17,4
13633,48235,2,4,2026-08-17,4
13634,45227,2,4,2026-08-17,5
13635,36140,2,4,2026-08-17,1
13636,12661,2,4,2026-08-17,4
13637,44330,2,4,2026-08-17,3
13638,35780,2,4,2026-08-17,5
13639,43342,2,4,2026-08-17,3
13640,18562,2,4,2026-08-17,3
13641,43689,2,4,2026-08-17,4
13642,37870,2,4,2026-08-17,3
13643,33229,2,4,2026-08-17,4
13644,24524,2,4,2026-08-17,3
13645,32657,2,4,2026-08-17,3
13646,10116,2,4,2026-08-17,2
13647,46411,2,4,2026-08-17,3
13648,42303,2,4,2026-08-17,3
13649,19839,2,4,2026-08-17,3
13650,49767,2,4,2026-08-17,1
13651,40029,2,4,2026-08-17,3
13652,3035,2,4,2026-08-17,3
13653,19850,2,4,2026-08-17,5
13654,19396,2,4,2026-08-17,3
13655,24896,2,4,2026-08-17,3
13656,31244,2,4,2026-08-17,3
13657,15330,2,4,2026-08-17,4
13658,10892,2,4,2026-08-17,1
13659,33284,2,4,2026-08-17,3
13660,11400,2,4,2026-08-17,3
13661,34009,2,4,2026-08-17,4
13662,37522,2,4,2026-08-17,3
13663,13064,2,4,2026-08-17,1
13664,6644,2,4,2026-08-17,3
13665,8083,2,4,2026-08-17,4
13666,6857,2,4,2026-08-17,3
13667,30437,2,4,2026-08-17,3
13668,44329,2,4,2026-08-17,3
13669,39067,2,4,2026-08-17,4
13670,43596,2,4,2026-08-17,3
13671,43995,2,4,2026-08-17,3
13672,28310,2,4,2026-08-17,3
13673,17352,2,4,2026-08-17,4
13674,689,2,4,2026-08-17,5
13675,41100,2,4,2026-08-17,3
13676,31449,2,4,2026-08-17,4
13677,22587,2,4,2026-08-17,4
13678,7311,2,4,2026-08-17,4
13679,19357,2,4,2026-08-17,4
13680,45860,2,4,2026-08-17,3
13681,10341,2,4,2026-08-17,3
13682,18566,2,4,2026-08-17,3
13683,38256,2,4,2026-08-17,4
13684,44544,2,4,2026-08-17,4
13685,41440,2,4,2026-08-17,3
13686,46341,2,4,2026-08-17,4
13687,12030,1,1,2026-08-18,3
13688,985,1,1,2026-08-18,3
13689,15809,1,1,2026-08-18,3
13690,48758,1,1,2026-08-18,3
13691,8019,1,1,2026-08-18,3
13692,28207,1,1,2026-08-18,3
13693,17394,1,1,2026-08-18,3
13694,28694,1,1,2026-08-18,3
13695,22891,1,1,2026-08-18,4
13696,17196,1,1,2026-08-18,3
13697,16332,1,1,2026-08-18,5
13698,35219,1,1,2026-08-18,3
13699,4679,1,1,2026-08-18,3
13700,8007,1,1,2026-08-18,3
13701,21264,1,1,2026-08-18,3
13702,37006,1,1,2026-08-18,3
13703,44976,1,1,2026-08-18,3
13704,6549,1,1,2026-08-18,3
13705,40419,1,1,2026-08-18,3
13706,22145,1,1,2026-08-18,4
13707,31995,1,1,2026-08-18,3
13708,48518,1,1,2026-08-18,3
13709,30042,1,1,2026-08-18,3
13710,39437,1,1,2026-08-18,3
13711,27971,1,1,2026-08-18,3
13712,5734,1,1,2026-08-18,3
13713,41981,1,1,2026-08-18,3
13714,26529,1,1,2026-08-18,1
13715,22896,1,1,2026-08-18,3
13716,42258,1,1,2026-08-18,3
13717,26807,1,1,2026-08-18,3
13718,23897,1,1,2026-08-18,3
13719,32410,1,1,2026-08-18,4
13720,22533,1,1,2026-08-18,3
13721,25344,1,1,2026-08-18,4
13722,46250,1,1,2026-08-18,3
13723,15985,1,1,2026-08-18,3
13724,37827,1,1,2026-08-18,3
13725,12389,1,1,2026-08-18,3
13726,44381,1,1,2026-08-18,3
13727,21957,1,1,2026-08-18,3
13728,19022,1,1,2026-08-18,3
13729,30693,1,1,2026-08-18,3
13730,21006,1,1,2026-08-18,3
13731,41906,1,1,2026-08-18,3
13732,27241,1,1,2026-08-18,3
13733,15590,1,1,2026-08-18,3
13734,49226,1,1,2026-08-18,5
13735,31518,1,1,2026-08-18,3
13736,11896,1,1,2026-08-18,3
13737,3571,1,1,2026-08-18,3
13738,45118,1,1,2026-08-18,3
13739,42524,1,1,2026-08-18,4
13740,39261,1,1,2026-08-18,1
13741,7883,1,1,2026-08-18,3
13742,20714,1,1,2026-08-18,3
13743,45353,1,1,2026-08-18,3
13744,7563,1,1,2026-08-18,3
13745,46104,1,1,2026-08-18,3
13746,30056,1,1,2026-08-18,3
13747,43130,1,1,2026-08-18,3
13748,29710,1,1,2026-08-18,5
13749,33735,1,1,2026-08-18,3
13750,36407,1,1,2026-08-18,4
13751,6412,1,1,2026-08-18,3
13752,47627,1,1,2026-08-18,3
13753,49967,1,1,2026-08-18,3
13754,16466,1,1,2026-08-18,3
13755,25292,1,1,2026-08-18,3
13756,21748,1,1,2026-08-18,3
13757,27353,1,1,2026-08-18,3
13758,34438,1,1,2026-08-18,3
13759,13026,1,1,2026-08-18,3
13760,25051,1,1,2026-08-18,3
13761,16469,1,1,2026-08-18,3
13762,45781,1,1,2026-08-18,3
13763,7724,1,1,2026-08-18,3
13764,33791,1,1,2026-08-18,3
13765,30918,1,1,2026-08-18,1
13766,48517,1,1,2026-08-18,3
13767,33400,1,1,2026-08-18,3
13768,17613,1,1,2026-08-18,3
13769,27263,1,1,2026-08-18,3
13770,22984,1,1,2026-08-18,3
13771,2195,1,1,2026-08-18,3
13772,5413,1,1,2026-08-18,3
13773,27704,1,1,2026-08-18,3
13774,24923,1,1,2026-08-18,3
13775,15754,1,1,2026-08-18,3
13776,49002,1,1,2026-08-18,3
13777,22495,1,1,2026-08-18,3
13778,47295,1,1,2026-08-18,3
13779,46002,1,1,2026-08-18,3
13780,37845,1,1,2026-08-18,1
13781,20580,1,1,2026-08-18,3
13782,23915,1,1,2026-08-18,3
13783,34424,1,1,2026-08-18,1
13784,13562,1,1,2026-08-18,3
13785,23526,1,1,2026-08-18,3
13786,18839,1,1,2026-08-18,1
13787,4133,1,1,2026-08-18,4
13788,27023,1,1,2026-08-18,1
13789,38736,1,1,2026-08-18,3
13790,12911,1,1,2026-08-18,3
13791,7151,1,1,2026-08-18,3
13792,2966,1,1,2026-08-18,3
13793,19313,1,1,2026-08-18,3
13794,37769,1,1,2026-08-18,3
13795,21630,1,1,2026-08-18,3
13796,44839,1,1,2026-08-18,3
13797,49961,1,1,2026-08-18,3
13798,48189,1,1,2026-08-18,3
13799,3776,1,1,2026-08-18,3
13800,27926,1,1,2026-08-18,3
13801,12387,1,1,2026-08-18,1
13802,284,1,1,2026-08-18,1
13803,12602,1,1,2026-08-18,3
13804,8511,1,1,2026-08-18,3
13805,33773,1,1,2026-08-18,3
13806,31127,1,1,2026-08-18,3
13807,43660,1,1,2026-08-18,3
13808,9145,1,1,2026-08-18,4
13809,19534,1,1,2026-08-18,3
13810,27097,1,1,2026-08-18,3
13811,12035,1,1,2026-08-18,3
13812,47889,1,1,2026-08-18,1
13813,1594,1,1,2026-08-18,3
13814,5693,1,1,2026-08-18,4
13815,20827,1,1,2026-08-18,3
13816,37519,1,1,2026-08-18,3
13817,38975,1,1,2026-08-18,3
13818,6433,1,1,2026-08-18,3
13819,40059,1,1,2026-08-18,3
13820,39865,1,1,2026-08-18,3
13821,31031,1,1,2026-08-18,3
13822,45584,1,1,2026-08-18,3
13823,24665,1,1,2026-08-18,3
13824,23966,1,1,2026-08-18,3
13825,11085,1,1,2026-08-18,3
13826,14509,1,1,2026-08-18,3
13827,12327,1,1,2026-08-18,3
13828,13446,1,1,2026-08-18,3
13829,1305,1,1,2026-08-18,3
13830,33873,1,1,2026-08-18,3
13831,30884,1,1,2026-08-18,3
13832,20433,1,1,2026-08-18,3
13833,35483,1,1,2026-08-18,3
13834,7158,1,1,2026-08-18,3
13835,6308,1,1,2026-08-18,3
13836,33747,1,1,2026-08-18,3
13837,46833,1,1,2026-08-18,3
13838,13488,1,1,2026-08-18,3
13839,23638,1,1,2026-08-18,3
13840,46877,1,1,2026-08-18,3
13841,13684,1,1,2026-08-18,3
13842,49356,1,1,2026-08-18,3
13843,39850,1,1,2026-08-18,3
13844,6425,1,1,2026-08-18,3
13845,646,1,1,2026-08-18,3
13846,25878,1,1,2026-08-18,3
13847,30368,1,1,2026-08-18,3
13848,16142,1,1,2026-08-18,1
13849,15764,1,1,2026-08-18,3
13850,14919,1,1,2026-08-18,3
13851,22868,1,1,2026-08-18,3
13852,31079,1,1,2026-08-18,3
13853,45494,1,1,2026-08-18,3
13854,18281,1,1,2026-08-18,3
13855,1123,1,1,2026-08-18,3
13856,18234,1,1,2026-08-18,3
13857,45212,1,1,2026-08-18,3
13858,29533,1,1,2026-08-18,1
13859,46606,1,1,2026-08-18,3
13860,11847,1,1,2026-08-18,3
13861,12397,1,1,2026-08-18,3
13862,533,1,1,2026-08-18,3
13863,34028,1,1,2026-08-18,3
13864,14706,1,1,2026-08-18,3
13865,13647,1,1,2026-08-18,3
13866,21088,1,1,2026-08-18,3
13867,24520,1,1,2026-08-18,3
13868,10882,1,1,2026-08-18,3
13869,32219,1,1,2026-08-18,4
13870,33749,1,1,2026-08-18,3
13871,11221,1,1,2026-08-18,3
13872,25900,1,1,2026-08-18,1
13873,931,1,1,2026-08-18,4
13874,39623,1,1,2026-08-18,4
13875,11021,1,1,2026-08-18,3
13876,3702,1,1,2026-08-18,3
13877,21275,1,1,2026-08-18,3
13878,38749,1,1,2026-08-18,3
13879,17179,1,1,2026-08-18,3
13880,39767,1,1,2026-08-18,3
13881,45581,1,1,2026-08-18,4
13882,1147,1,1,2026-08-18,3
13883,7507,1,1,2026-08-18,3
13884,297,1,1,2026-08-18,3
13885,31515,1,1,2026-08-18,3
13886,41940,1,1,2026-08-18,3
13887,11465,1,1,2026-08-18,3
13888,24305,1,1,2026-08-18,3
13889,2317,1,1,2026-08-18,3
13890,30088,1,1,2026-08-18,3
13891,28355,1,1,2026-08-18,3
13892,22315,1,1,2026-08-18,3
13893,34447,1,1,2026-08-18,3
13894,3683,1,1,2026-08-18,3
13895,5564,1,1,2026-08-18,3
13896,40275,1,1,2026-08-18,3
13897,20754,1,1,2026-08-18,4
13898,34509,1,1,2026-08-18,3
13899,22441,1,1,2026-08-18,3
13900,36957,1,1,2026-08-18,4
13901,15401,1,1,2026-08-18,3
13902,30161,1,1,2026-08-18,3
13903,34444,1,1,2026-08-18,5
13904,12220,1,1,2026-08-18,3
13905,49888,1,1,2026-08-18,3
13906,22224,1,1,2026-08-18,3
13907,43771,1,1,2026-08-18,3
13908,19604,1,1,2026-08-18,3
13909,46580,1,1,2026-08-18,3
13910,16007,1,1,2026-08-18,3
13911,32976,1,1,2026-08-18,3
13912,8032,1,1,2026-08-18,3
13913,48387,1,1,2026-08-18,3
13914,43843,1,1,2026-08-18,3
13915,24019,1,1,2026-08-18,4
13916,28146,1,1,2026-08-18,3
13917,29703,1,1,2026-08-18,3
13918,14460,1,1,2026-08-18,3
13919,28761,1,1,2026-08-18,3
13920,12234,1,1,2026-08-18,3
13921,30719,1,1,2026-08-18,3
13922,24232,1,1,2026-08-18,1
13923,32152,1,1,2026-08-18,3
13924,42772,1,1,2026-08-18,3
13925,31481,1,1,2026-08-18,3
13926,28977,1,1,2026-08-18,3
13927,16522,1,1,2026-08-18,3
13928,8984,1,1,2026-08-18,3
13929,46076,1,1,2026-08-18,3
13930,48064,1,1,2026-08-18,1
13931,47857,1,1,2026-08-18,3
13932,18970,1,1,2026-08-18,1
13933,12604,1,1,2026-08-18,3
13934,3233,1,1,2026-08-18,3
13935,41815,1,1,2026-08-18,3
13936,11172,1,1,2026-08-18,3
13937,17002,1,1,2026-08-18,3
13938,26878,1,1,2026-08-18,3
13939,23907,1,1,2026-08-18,3
13940,43178,1,1,2026-08-18,1
13941,14003,1,1,2026-08-18,3
13942,21386,1,1,2026-08-18,3
13943,4807,1,1,2026-08-18,3
13944,15917,1,1,2026-08-18,3
13945,32923,1,1,2026-08-18,3
13946,27317,1,1,2026-08-18,3
13947,26414,1,1,2026-08-18,1
13948,10362,1,1,2026-08-18,3
13949,35100,1,1,2026-08-18,3
13950,21838,1,1,2026-08-18,3
13951,13333,1,1,2026-08-18,4
13952,10281,1,1,2026-08-18,3
13953,49347,1,1,2026-08-18,3
13954,18432,1,1,2026-08-18,3
13955,22937,1,1,2026-08-18,4
13956,27951,1,1,2026-08-18,3
13957,8259,1,1,2026-08-18,1
13958,31443,1,1,2026-08-18,3
13959,15542,1,1,2026-08-18,3
13960,46224,1,1,2026-08-18,3
13961,18315,1,1,2026-08-18,3
13962,23803,1,1,2026-08-18,3
13963,7458,1,1,2026-08-18,3
13964,8604,1,1,2026-08-18,5
13965,8909,1,1,2026-08-18,3
13966,1608,1,1,2026-08-18,3
13967,47762,1,1,2026-08-18,3
13968,16847,1,1,2026-08-18,3
13969,18780,1,1,2026-08-18,3
13970,35384,1,1,2026-08-18,3
13971,14250,1,1,2026-08-18,3
13972,36821,1,1,2026-08-18,3
13973,35645,1,1,2026-08-18,3
13974,16708,1,1,2026-08-18,3
13975,13285,1,1,2026-08-18,3
13976,9968,1,1,2026-08-18,3
13977,14153,1,1,2026-08-18,3
13978,38742,1,1,2026-08-18,3
13979,38852,1,1,2026-08-18,3
13980,48181,1,1,2026-08-18,1
13981,45095,1,1,2026-08-18,3
13982,34387,1,1,2026-08-18,3
13983,21682,1,1,2026-08-18,3
13984,9102,1,1,2026-08-18,3
13985,10961,1,1,2026-08-18,3
13986,31642,1,1,2026-08-18,3
13987,38114,1,1,2026-08-18,3
13988,32268,1,1,2026-08-18,1
13989,1522,1,1,2026-08-18,3
13990,24363,1,1,2026-08-18,3
13991,37258,1,1,2026-08-18,3
13992,11501,1,1,2026-08-18,4
13993,8529,1,1,2026-08-18,3
13994,41792,1,1,2026-08-18,3
13995,7285,1,1,2026-08-18,3
13996,40001,1,1,2026-08-18,3
13997,16203,1,1,2026-08-18,4
13998,2810,1,1,2026-08-18,3
13999,40246,1,1,2026-08-18,3
14000,15122,1,1,2026-08-18,3
14001,12577,1,1,2026-08-18,1
14002,42411,1,1,2026-08-18,3
14003,39410,1,1,2026-08-18,3
14004,23873,1,1,2026-08-18,3
14005,43117,1,1,2026-08-18,3
14006,46807,1,1,2026-08-18,3
14007,29588,1,1,2026-08-18,3
14008,26496,1,1,2026-08-18,4
14009,11384,1,1,2026-08-18,3
14010,49503,1,1,2026-08-18,3
14011,17553,1,1,2026-08-18,1
14012,41793,1,1,2026-08-18,3
14013,44272,1,1,2026-08-18,3
14014,41209,1,1,2026-08-18,3
14015,21741,1,1,2026-08-18,3
14016,7370,1,1,2026-08-18,3
14017,6496,1,1,2026-08-18,3
14018,19461,1,1,2026-08-18,3
14019,12935,1,1,2026-08-18,1
14020,1149,1,1,2026-08-18,3
14021,48052,1,1,2026-08-18,3
14022,33993,1,1,2026-08-18,3
14023,46681,1,1,2026-08-18,3
14024,24105,1,1,2026-08-18,1
14025,37822,1,1,2026-08-18,1
14026,36111,1,1,2026-08-18,3
14027,47424,1,1,2026-08-18,3
14028,46683,1,1,2026-08-18,3
14029,46046,1,1,2026-08-18,3
14030,28509,1,1,2026-08-18,3
14031,41082,1,1,2026-08-18,3
14032,33889,1,1,2026-08-18,4
14033,17586,1,1,2026-08-18,3
14034,21876,1,1,2026-08-18,3
14035,39055,1,1,2026-08-18,3
14036,24519,1,1,2026-08-18,3
14037,31772,1,1,2026-08-18,3
14038,26902,1,1,2026-08-18,3
14039,40057,1,1,2026-08-18,3
14040,48275,1,1,2026-08-18,3
14041,9345,1,1,2026-08-18,3
14042,15195,1,1,2026-08-18,3
14043,11665,1,1,2026-08-18,3
14044,16551,1,1,2026-08-18,3
14045,42723,1,1,2026-08-18,3
14046,11666,1,1,2026-08-18,1
14047,10132,1,1,2026-08-18,3
14048,863,1,1,2026-08-18,3
14049,35876,1,1,2026-08-18,3
14050,23451,1,1,2026-08-18,1
14051,35166,1,1,2026-08-18,4
14052,7497,1,1,2026-08-18,3
14053,37490,1,1,2026-08-18,3
14054,9473,1,1,2026-08-18,3
14055,49330,1,1,2026-08-18,3
14056,21518,1,1,2026-08-18,3
14057,28122,1,1,2026-08-18,3
14058,49762,1,1,2026-08-18,3
14059,49032,1,1,2026-08-18,3
14060,14644,1,1,2026-08-18,4
14061,35628,1,1,2026-08-18,3
14062,48584,1,1,2026-08-18,3
14063,7997,1,1,2026-08-18,3
14064,7279,1,1,2026-08-18,3
14065,46795,1,1,2026-08-18,3
14066,10450,1,1,2026-08-18,3
14067,34835,1,1,2026-08-18,4
14068,17123,1,1,2026-08-18,6
14069,47760,1,1,2026-08-18,3
14070,12009,1,1,2026-08-18,3
14071,25748,1,1,2026-08-18,1
14072,1516,1,1,2026-08-18,3
14073,22929,1,1,2026-08-18,3
14074,18605,1,1,2026-08-18,3
14075,8736,1,1,2026-08-18,1
14076,20185,1,1,2026-08-18,3
14077,39212,1,1,2026-08-18,3
14078,39061,1,1,2026-08-18,3
14079,40026,1,1,2026-08-18,4
14080,25986,1,1,2026-08-18,3
14081,31445,1,1,2026-08-18,4
14082,4566,1,1,2026-08-18,3
14083,26055,1,1,2026-08-18,3
14084,16147,1,1,2026-08-18,3
14085,44179,1,1,2026-08-18,3
14086,24970,1,1,2026-08-18,3
14087,7495,1,1,2026-08-18,5
14088,5469,1,1,2026-08-18,3
14089,38925,1,1,2026-08-18,1
14090,43505,1,1,2026-08-18,3
14091,27724,1,1,2026-08-18,1
14092,33690,1,1,2026-08-18,3
14093,49067,1,1,2026-08-18,3
14094,26443,1,1,2026-08-18,3
14095,39158,1,1,2026-08-18,3
14096,7429,1,1,2026-08-18,3
14097,25231,1,1,2026-08-18,3
14098,38535,1,1,2026-08-18,3
14099,23245,1,1,2026-08-18,4
14100,32764,1,1,2026-08-18,4
14101,40264,1,1,2026-08-18,3
14102,6405,1,1,2026-08-18,3
14103,2579,1,1,2026-08-18,3
14104,25488,1,1,2026-08-18,3
14105,6035,1,1,2026-08-18,3
14106,1568,1,1,2026-08-18,3
14107,40122,1,1,2026-08-18,3
14108,13831,1,1,2026-08-18,4
14109,3869,1,1,2026-08-18,3
14110,35573,1,1,2026-08-18,5
14111,13523,1,1,2026-08-18,3
14112,15228,1,1,2026-08-18,3
14113,48390,1,1,2026-08-18,3
14114,38589,1,1,2026-08-18,3
14115,15941,1,1,2026-08-18,3
14116,1426,1,1,2026-08-18,3
14117,12936,1,1,2026-08-18,3
14118,21451,1,1,2026-08-18,1
14119,17048,1,1,2026-08-18,3
14120,46551,1,1,2026-08-18,3
14121,28240,1,1,2026-08-18,3
14122,37083,1,1,2026-08-18,4
14123,36482,1,1,2026-08-18,3
14124,28007,1,1,2026-08-18,3
14125,8278,1,1,2026-08-18,3
14126,18595,1,1,2026-08-18,3
14127,4199,1,1,2026-08-18,3
14128,46887,1,1,2026-08-18,1
14129,5785,1,1,2026-08-18,3
14130,18304,1,1,2026-08-18,3
14131,43921,1,1,2026-08-18,3
14132,11503,1,1,2026-08-18,1
14133,31567,1,1,2026-08-18,4
14134,5600,1,1,2026-08-18,3
14135,39823,1,1,2026-08-18,3
14136,36768,1,1,2026-08-18,3
14137,2438,1,1,2026-08-18,3
14138,13613,1,1,2026-08-18,3
14139,46512,1,1,2026-08-18,1
14140,18817,1,1,2026-08-18,3
14141,4251,1,1,2026-08-18,3
14142,39442,1,1,2026-08-18,3
14143,37075,1,1,2026-08-18,3
14144,48487,1,1,2026-08-18,3
14145,24212,1,1,2026-08-18,4
14146,47867,1,1,2026-08-18,4
14147,40765,1,1,2026-08-18,3
14148,27770,1,1,2026-08-18,3
14149,5049,1,1,2026-08-18,3
14150,12091,1,1,2026-08-18,1
14151,41386,1,1,2026-08-18,1
14152,45968,1,1,2026-08-18,3
14153,29952,1,1,2026-08-18,3
14154,45716,1,1,2026-08-18,4
14155,11339,1,1,2026-08-18,3
14156,36178,1,1,2026-08-18,3
14157,5620,1,1,2026-08-18,3
14158,19133,1,1,2026-08-18,3
14159,19773,1,1,2026-08-18,3
14160,34113,1,1,2026-08-18,3
14161,34922,1,1,2026-08-18,4
14162,48162,1,1,2026-08-18,3
14163,3221,1,1,2026-08-18,3
14164,33875,1,1,2026-08-18,3
14165,27355,1,1,2026-08-18,3
14166,27779,1,1,2026-08-18,3
14167,40313,1,1,2026-08-18,3
14168,10866,1,1,2026-08-18,3
14169,43127,1,1,2026-08-18,3
14170,32033,1,1,2026-08-18,3
14171,29159,1,1,2026-08-18,3
14172,1148,1,1,2026-08-18,3
14173,5830,1,1,2026-08-18,3
14174,34569,1,1,2026-08-18,3
14175,35022,1,1,2026-08-18,3
14176,47253,1,1,2026-08-18,3
14177,47815,1,1,2026-08-18,3
14178,23918,1,1,2026-08-18,3
14179,29746,1,1,2026-08-18,3
14180,32094,1,1,2026-08-18,6
14181,10853,1,1,2026-08-18,1
14182,39098,1,1,2026-08-18,4
14183,13614,1,1,2026-08-18,3
14184,45408,1,1,2026-08-18,1
14185,48809,1,1,2026-08-18,3
14186,1746,1,1,2026-08-18,3
14187,34452,1,1,2026-08-18,3
14188,6486,1,1,2026-08-18,3
14189,28287,1,1,2026-08-18,3
14190,7609,1,1,2026-08-18,3
14191,9215,1,1,2026-08-18,3
14192,11256,1,1,2026-08-18,3
14193,15331,1,1,2026-08-18,1
14194,21551,1,1,2026-08-18,3
14195,4632,1,1,2026-08-18,3
14196,28171,1,1,2026-08-18,1
14197,45262,1,1,2026-08-18,3
14198,44913,1,1,2026-08-18,3
14199,36639,1,1,2026-08-18,1
14200,47334,1,1,2026-08-18,3
14201,48021,1,1,2026-08-18,3
14202,24002,1,1,2026-08-18,3
14203,19927,1,1,2026-08-18,3
14204,46452,1,1,2026-08-18,3
14205,21000,1,1,2026-08-18,3
14206,26788,1,1,2026-08-18,3
14207,719,1,1,2026-08-18,3
14208,38323,1,1,2026-08-18,4
14209,41898,1,1,2026-08-18,3
14210,16615,1,1,2026-08-18,3
14211,1903,1,1,2026-08-18,3
14212,47750,1,1,2026-08-18,3
14213,6951,1,1,2026-08-18,3
14214,20269,1,1,2026-08-18,3
14215,35082,1,1,2026-08-18,3
14216,31104,1,1,2026-08-18,4
14217,1431,1,1,2026-08-18,1
14218,27306,1,1,2026-08-18,4
14219,6333,1,1,2026-08-18,3
14220,38549,1,1,2026-08-18,3
14221,8498,1,1,2026-08-18,3
14222,18843,1,1,2026-08-18,3
14223,49461,1,1,2026-08-18,3
14224,299,1,1,2026-08-18,3
14225,46293,1,1,2026-08-18,1
14226,33795,1,1,2026-08-18,3
14227,27385,1,1,2026-08-18,3
14228,40960,1,1,2026-08-18,6
14229,8708,1,1,2026-08-18,3
14230,15940,1,1,2026-08-18,3
14231,23301,1,1,2026-08-18,3
14232,45859,1,1,2026-08-18,3
14233,43802,1,1,2026-08-18,3
14234,32913,1,1,2026-08-18,3
14235,28285,1,1,2026-08-18,3
14236,40577,1,1,2026-08-18,3
14237,19292,1,1,2026-08-18,3
14238,22538,1,1,2026-08-18,3
14239,41401,1,1,2026-08-18,6
14240,4382,1,1,2026-08-18,3
14241,4321,1,1,2026-08-18,3
14242,4813,1,1,2026-08-18,3
14243,16262,1,1,2026-08-18,3
14244,17477,1,1,2026-08-18,4
14245,31269,1,1,2026-08-18,1
14246,21038,1,1,2026-08-18,3
14247,9577,1,1,2026-08-18,3
14248,32392,1,1,2026-08-18,3
14249,27007,1,1,2026-08-18,3
14250,20318,1,1,2026-08-18,3
14251,18172,1,1,2026-08-18,3
14252,37905,1,1,2026-08-18,4
14253,10349,1,1,2026-08-18,3
14254,49300,1,1,2026-08-18,3
14255,24139,1,1,2026-08-18,3
14256,28491,1,1,2026-08-18,3
14257,33576,1,1,2026-08-18,3
14258,1596,1,1,2026-08-18,3
14259,10136,1,1,2026-08-18,3
14260,4444,1,1,2026-08-18,3
14261,31986,1,1,2026-08-18,5
14262,40660,1,1,2026-08-18,3
14263,47269,1,1,2026-08-18,3
14264,34584,1,1,2026-08-18,3
14265,2603,1,1,2026-08-18,3
14266,36331,1,1,2026-08-18,3
14267,12520,1,1,2026-08-18,3
14268,35123,1,1,2026-08-18,3
14269,29043,1,1,2026-08-18,3
14270,4665,1,1,2026-08-18,3
14271,29489,1,1,2026-08-18,3
14272,47554,1,1,2026-08-18,3
14273,43838,1,1,2026-08-18,3
14274,15652,1,1,2026-08-18,3
14275,27654,1,1,2026-08-18,3
14276,7840,1,1,2026-08-18,3
14277,11045,1,1,2026-08-18,3
14278,16063,1,1,2026-08-18,3
14279,42086,1,1,2026-08-18,3
14280,6655,1,1,2026-08-18,3
14281,3324,1,1,2026-08-18,4
14282,35702,1,1,2026-08-18,3
14283,2844,1,1,2026-08-18,3
14284,27121,1,1,2026-08-18,3
14285,38012,1,1,2026-08-18,4
14286,7918,1,1,2026-08-18,3
14287,39281,1,1,2026-08-18,3
14288,45335,1,1,2026-08-18,3
14289,23504,1,1,2026-08-18,1
14290,11925,1,1,2026-08-18,3
14291,45637,1,1,2026-08-18,3
14292,27174,1,1,2026-08-18,3
14293,47335,1,1,2026-08-18,3
14294,20292,1,1,2026-08-18,3
14295,17546,1,1,2026-08-18,3
14296,44240,1,1,2026-08-18,3
14297,11450,1,1,2026-08-18,3
14298,38234,1,1,2026-08-18,4
14299,33961,1,1,2026-08-18,3
14300,24932,1,1,2026-08-18,3
14301,7973,1,1,2026-08-18,3
14302,34481,1,1,2026-08-18,3
14303,33614,1,1,2026-08-18,3
14304,32528,1,1,2026-08-18,3
14305,7476,1,1,2026-08-18,3
14306,13018,1,1,2026-08-18,3
14307,8609,1,1,2026-08-18,3
14308,27379,1,1,2026-08-18,3
14309,13504,1,1,2026-08-18,1
14310,49401,1,1,2026-08-18,1
14311,24123,1,1,2026-08-18,3
14312,30738,3,1,2026-08-18,1
14313,16628,3,1,2026-08-18,3
14314,1173,3,1,2026-08-18,3
14315,40988,3,1,2026-08-18,3
14316,18579,3,1,2026-08-18,3
14317,9332,3,1,2026-08-18,1
14318,10725,3,1,2026-08-18,1
14319,2477,3,1,2026-08-18,3
14320,23204,3,1,2026-08-18,1
14321,20533,3,1,2026-08-18,3
14322,23209,3,1,2026-08-18,3
14323,31278,3,1,2026-08-18,3
14324,42115,3,1,2026-08-18,3
14325,1159,3,1,2026-08-18,3
14326,49626,3,1,2026-08-18,3
14327,39152,3,1,2026-08-18,3
14328,8552,3,1,2026-08-18,4
14329,7896,3,1,2026-08-18,3
14330,1156,3,1,2026-08-18,2
14331,31157,3,1,2026-08-18,3
14332,34188,3,1,2026-08-18,3
14333,44743,3,1,2026-08-18,2
14334,44189,3,1,2026-08-18,2
14335,46253,3,1,2026-08-18,3
14336,49974,3,1,2026-08-18,2
14337,20645,3,1,2026-08-18,2
14338,11655,3,1,2026-08-18,2
14339,37129,3,1,2026-08-18,3
14340,20931,3,1,2026-08-18,2
14341,37131,3,1,2026-08-18,3
14342,25745,3,1,2026-08-18,2
14343,42149,3,1,2026-08-18,2
14344,35603,3,1,2026-08-18,2
14345,39608,3,1,2026-08-18,2
14346,22760,3,1,2026-08-18,2
14347,8602,3,1,2026-08-18,3
14348,46144,3,1,2026-08-18,3
14349,18405,3,1,2026-08-18,3
14350,16521,3,1,2026-08-18,3
14351,40714,3,1,2026-08-18,3
14352,28993,3,1,2026-08-18,2
14353,36015,3,1,2026-08-18,1
14354,15776,3,1,2026-08-18,4
14355,1802,3,1,2026-08-18,2
14356,6365,3,1,2026-08-18,3
14357,19698,3,1,2026-08-18,3
14358,26125,3,1,2026-08-18,2
14359,34891,3,1,2026-08-18,3
14360,33402,3,1,2026-08-18,1
14361,16054,3,1,2026-08-18,2
14362,47570,3,1,2026-08-18,2
14363,3685,3,1,2026-08-18,3
14364,20173,3,1,2026-08-18,1
14365,47718,3,1,2026-08-18,1
14366,35762,3,1,2026-08-18,1
14367,6113,3,1,2026-08-18,4
14368,35077,3,1,2026-08-18,2
14369,48420,3,1,2026-08-18,1
14370,42512,3,1,2026-08-18,3
14371,1178,3,1,2026-08-18,1
14372,15297,3,1,2026-08-18,3
14373,23600,3,1,2026-08-18,1
14374,5494,3,1,2026-08-18,3
14375,47458,3,1,2026-08-18,2
14376,41765,3,1,2026-08-18,1
14377,24033,3,1,2026-08-18,2
14378,13079,3,1,2026-08-18,3
14379,42686,3,1,2026-08-18,1
14380,13412,3,1,2026-08-18,1
14381,29446,3,1,2026-08-18,1
14382,30893,3,1,2026-08-18,3
14383,4773,3,1,2026-08-18,2
14384,45878,3,1,2026-08-18,1
14385,11093,3,1,2026-08-18,3
14386,47519,3,1,2026-08-18,4
14387,41588,3,1,2026-08-18,3
14388,15474,3,1,2026-08-18,1
14389,33356,3,1,2026-08-18,4
14390,13395,3,1,2026-08-18,1
14391,32955,3,1,2026-08-18,4
14392,18586,3,1,2026-08-18,3
14393,41706,3,1,2026-08-18,4
14394,1644,3,1,2026-08-18,3
14395,38099,3,1,2026-08-18,2
14396,42585,3,1,2026-08-18,3
14397,8998,3,1,2026-08-18,1
14398,28038,3,1,2026-08-18,3
14399,39815,3,1,2026-08-18,3
14400,30457,3,1,2026-08-18,3
14401,35448,3,1,2026-08-18,1
14402,44109,3,1,2026-08-18,1
14403,28394,3,1,2026-08-18,3
14404,19914,3,1,2026-08-18,3
14405,2375,3,1,2026-08-18,3
14406,18961,3,1,2026-08-18,2
14407,31872,3,1,2026-08-18,3
14408,11890,3,1,2026-08-18,3
14409,31837,3,1,2026-08-18,2
14410,48623,3,1,2026-08-18,1
14411,24549,3,1,2026-08-18,3
14412,20479,3,1,2026-08-18,2
14413,39736,3,1,2026-08-18,4
14414,16907,3,1,2026-08-18,3
14415,23611,3,1,2026-08-18,1
14416,32436,3,1,2026-08-18,2
14417,9845,3,1,2026-08-18,3
14418,48876,3,1,2026-08-18,1
14419,48502,3,1,2026-08-18,3
14420,36756,3,1,2026-08-18,3
14421,36934,3,1,2026-08-18,3
14422,2165,3,1,2026-08-18,3
14423,24185,3,1,2026-08-18,2
14424,26273,3,1,2026-08-18,3
14425,31745,3,1,2026-08-18,3
14426,25683,3,1,2026-08-18,3
14427,18061,3,1,2026-08-18,2
14428,38545,3,1,2026-08-18,1
14429,38058,3,1,2026-08-18,3
14430,15433,3,1,2026-08-18,2
14431,9240,3,1,2026-08-18,3
14432,49878,3,1,2026-08-18,1
14433,46773,3,1,2026-08-18,3
14434,7688,3,1,2026-08-18,2
14435,18047,3,1,2026-08-18,3
14436,27192,3,1,2026-08-18,3
14437,15223,3,1,2026-08-18,2
14438,35109,3,1,2026-08-18,2
14439,27562,3,1,2026-08-18,3
14440,17092,3,1,2026-08-18,6
14441,48815,3,1,2026-08-18,3
14442,9618,3,1,2026-08-18,3
14443,31265,3,1,2026-08-18,3
14444,7511,3,1,2026-08-18,3
14445,48104,3,1,2026-08-18,3
14446,47630,3,1,2026-08-18,3
14447,23268,3,1,2026-08-18,1
14448,27512,3,1,2026-08-18,2
14449,19507,3,1,2026-08-18,2
14450,11008,3,1,2026-08-18,1
14451,12645,3,1,2026-08-18,3
14452,43909,3,1,2026-08-18,3
14453,46614,3,1,2026-08-18,3
14454,39536,3,1,2026-08-18,2
14455,16002,3,1,2026-08-18,4
14456,38174,3,1,2026-08-18,2
14457,19787,3,1,2026-08-18,3
14458,26776,3,1,2026-08-18,3
14459,25665,3,1,2026-08-18,2
14460,49059,3,1,2026-08-18,2
14461,28856,3,1,2026-08-18,3
14462,24372,3,1,2026-08-18,3
14463,29295,3,1,2026-08-18,3
14464,34338,3,1,2026-08-18,2
14465,18475,3,1,2026-08-18,2
14466,4402,3,1,2026-08-18,3
14467,34861,3,1,2026-08-18,2
14468,1796,3,1,2026-08-18,3
14469,32071,3,1,2026-08-18,3
14470,26895,3,1,2026-08-18,3
14471,15291,3,1,2026-08-18,3
14472,31194,3,1,2026-08-18,3
14473,10525,3,1,2026-08-18,2
14474,11765,3,1,2026-08-18,2
14475,27275,3,1,2026-08-18,3
14476,40811,3,1,2026-08-18,3
14477,38629,3,1,2026-08-18,2
14478,2697,3,1,2026-08-18,1
14479,33779,3,1,2026-08-18,1
14480,31115,3,1,2026-08-18,3
14481,3114,3,1,2026-08-18,1
14482,18043,3,1,2026-08-18,3
14483,23377,3,1,2026-08-18,1
14484,35095,3,1,2026-08-18,3
14485,11131,3,1,2026-08-18,2
14486,24849,3,1,2026-08-18,3
14487,39193,3,1,2026-08-18,2
14488,28060,3,1,2026-08-18,3
14489,15597,3,1,2026-08-18,1
14490,24472,3,1,2026-08-18,3
14491,9294,3,1,2026-08-18,3
14492,48738,3,1,2026-08-18,1
14493,26175,3,1,2026-08-18,3
14494,24349,3,1,2026-08-18,2
14495,17852,3,1,2026-08-18,1
14496,42683,3,1,2026-08-18,1
14497,29451,3,1,2026-08-18,3
14498,20181,3,1,2026-08-18,2
14499,39666,3,1,2026-08-18,3
14500,13967,3,1,2026-08-18,3
14501,19432,3,1,2026-08-18,1
14502,10712,3,1,2026-08-18,5
14503,21424,3,1,2026-08-18,3
14504,46278,3,1,2026-08-18,5
14505,45301,3,1,2026-08-18,1
14506,12544,3,1,2026-08-18,3
14507,22522,3,1,2026-08-18,1
14508,3265,3,1,2026-08-18,1
14509,23635,3,1,2026-08-18,2
14510,16861,3,1,2026-08-18,2
14511,4272,3,1,2026-08-18,3
14512,7740,3,1,2026-08-18,3
14513,10214,3,1,2026-08-18,3
14514,43954,3,1,2026-08-18,3
14515,26512,3,1,2026-08-18,3
14516,7221,3,1,2026-08-18,2
14517,5111,3,1,2026-08-18,2
14518,24960,3,1,2026-08-18,3
14519,35255,3,1,2026-08-18,1
14520,43511,3,1,2026-08-18,1
14521,43898,3,1,2026-08-18,3
14522,18536,3,1,2026-08-18,1
14523,48777,3,1,2026-08-18,3
14524,36343,3,1,2026-08-18,1
14525,2081,3,1,2026-08-18,3
14526,33962,3,1,2026-08-18,3
14527,3752,3,1,2026-08-18,3
14528,30260,3,1,2026-08-18,3
14529,29777,3,1,2026-08-18,3
14530,20649,3,1,2026-08-18,2
14531,46915,3,1,2026-08-18,3
14532,3316,3,1,2026-08-18,3
14533,33061,3,1,2026-08-18,3
14534,28050,3,1,2026-08-18,3
14535,14415,3,1,2026-08-18,1
14536,32810,3,1,2026-08-18,3
14537,25130,3,1,2026-08-18,3
14538,49614,3,1,2026-08-18,2
14539,48191,3,1,2026-08-18,3
14540,3735,3,1,2026-08-18,2
14541,10808,3,1,2026-08-18,2
14542,18391,3,1,2026-08-18,1
14543,23338,3,1,2026-08-18,1
14544,47328,3,1,2026-08-18,3
14545,43817,3,1,2026-08-18,3
14546,1325,3,1,2026-08-18,3
14547,12971,3,1,2026-08-18,3
14548,40280,3,1,2026-08-18,3
14549,28174,3,1,2026-08-18,2
14550,8579,3,1,2026-08-18,3
14551,3754,3,1,2026-08-18,3
14552,27794,3,1,2026-08-18,3
14553,3614,3,1,2026-08-18,2
14554,13853,3,1,2026-08-18,2
14555,31643,3,1,2026-08-18,1
14556,15310,3,1,2026-08-18,3
14557,28257,3,1,2026-08-18,3
14558,2292,3,1,2026-08-18,3
14559,31012,3,1,2026-08-18,3
14560,16012,3,1,2026-08-18,2
14561,1707,3,1,2026-08-18,2
14562,30207,3,1,2026-08-18,3
14563,38163,3,1,2026-08-18,3
14564,16798,3,1,2026-08-18,3
14565,34913,3,1,2026-08-18,1
14566,22672,3,1,2026-08-18,3
14567,19845,3,1,2026-08-18,4
14568,40909,3,1,2026-08-18,2
14569,8495,3,1,2026-08-18,2
14570,7420,3,1,2026-08-18,2
14571,17005,3,1,2026-08-18,1
14572,6258,3,1,2026-08-18,1
14573,11027,3,1,2026-08-18,3
14574,36166,3,1,2026-08-18,3
14575,27624,3,1,2026-08-18,3
14576,38446,3,1,2026-08-18,3
14577,24916,3,1,2026-08-18,1
14578,7186,3,1,2026-08-18,3
14579,26841,3,1,2026-08-18,3
14580,39228,3,1,2026-08-18,3
14581,3438,3,1,2026-08-18,3
14582,25354,3,1,2026-08-18,3
14583,35117,3,1,2026-08-18,3
14584,29169,3,1,2026-08-18,2
14585,28089,3,1,2026-08-18,2
14586,13224,3,1,2026-08-18,3
14587,43384,3,1,2026-08-18,2
14588,30045,3,1,2026-08-18,3
14589,27112,3,1,2026-08-18,1
14590,22444,3,1,2026-08-18,1
14591,15382,3,1,2026-08-18,1
14592,39175,3,1,2026-08-18,1
14593,37168,3,1,2026-08-18,3
14594,40105,3,1,2026-08-18,3
14595,42847,3,1,2026-08-18,2
14596,1302,3,1,2026-08-18,3
14597,36958,3,1,2026-08-18,2
14598,19116,3,1,2026-08-18,3
14599,24964,3,1,2026-08-18,2
14600,19305,3,1,2026-08-18,1
14601,31267,3,1,2026-08-18,3
14602,3014,3,1,2026-08-18,1
14603,3632,3,1,2026-08-18,1
14604,28392,3,1,2026-08-18,3
14605,37646,3,1,2026-08-18,3
14606,27703,3,1,2026-08-18,1
14607,25417,3,1,2026-08-18,2
14608,35533,3,1,2026-08-18,3
14609,33542,3,1,2026-08-18,2
14610,5501,3,1,2026-08-18,5
14611,41591,3,1,2026-08-18,3
14612,39249,3,1,2026-08-18,2
14613,36081,3,1,2026-08-18,2
14614,19124,3,1,2026-08-18,2
14615,6732,3,1,2026-08-18,5
14616,34898,3,1,2026-08-18,3
14617,46284,3,1,2026-08-18,3
14618,11944,3,1,2026-08-18,3
14619,35369,3,1,2026-08-18,2
14620,12192,3,1,2026-08-18,3
14621,23732,3,1,2026-08-18,2
14622,30861,3,1,2026-08-18,2
14623,33264,3,1,2026-08-18,3
14624,17616,3,1,2026-08-18,2
14625,33665,3,2,2026-08-18,1
14626,39934,3,2,2026-08-18,3
14627,29603,3,2,2026-08-18,2
14628,15583,3,2,2026-08-18,2
14629,30931,3,2,2026-08-18,3
14630,28908,3,2,2026-08-18,2
14631,21935,3,2,2026-08-18,1
14632,35935,3,2,2026-08-18,3
14633,46823,3,2,2026-08-18,1
14634,35536,3,2,2026-08-18,1
14635,25197,3,2,2026-08-18,3
14636,22790,3,2,2026-08-18,2
14637,9224,3,2,2026-08-18,3
14638,18669,3,2,2026-08-18,3
14639,21022,3,2,2026-08-18,3
14640,29224,3,2,2026-08-18,2
14641,14803,3,2,2026-08-18,3
14642,30201,3,2,2026-08-18,3
14643,28717,3,2,2026-08-18,3
14644,27413,3,2,2026-08-18,1
14645,27207,3,2,2026-08-18,3
14646,25124,3,2,2026-08-18,1
14647,5847,3,2,2026-08-18,3
14648,26395,3,2,2026-08-18,3
14649,30833,3,2,2026-08-18,3
14650,22457,3,2,2026-08-18,3
14651,3285,3,2,2026-08-18,3
14652,39601,3,2,2026-08-18,3
14653,1987,3,2,2026-08-18,3
14654,11933,3,2,2026-08-18,3
14655,7116,3,2,2026-08-18,3
14656,43830,3,2,2026-08-18,3
14657,13019,3,2,2026-08-18,1
14658,49017,3,2,2026-08-18,2
14659,14818,3,2,2026-08-18,1
14660,21130,3,2,2026-08-18,2
14661,32083,3,2,2026-08-18,1
14662,7924,3,2,2026-08-18,2
14663,41785,3,2,2026-08-18,3
14664,38021,3,2,2026-08-18,1
14665,7681,3,2,2026-08-18,3
14666,19139,3,2,2026-08-18,4
14667,21369,3,2,2026-08-18,3
14668,48146,3,2,2026-08-18,2
14669,14418,3,2,2026-08-18,3
14670,20446,3,2,2026-08-18,3
14671,27983,3,2,2026-08-18,3
14672,27542,3,2,2026-08-18,6
14673,12499,3,2,2026-08-18,1
14674,36209,3,2,2026-08-18,3
14675,15359,3,2,2026-08-18,3
14676,28344,3,2,2026-08-18,2
14677,19850,3,2,2026-08-18,3
14678,49049,3,2,2026-08-18,3
14679,16865,3,2,2026-08-18,2
14680,43581,3,2,2026-08-18,2
14681,36306,3,2,2026-08-18,3
14682,11508,3,2,2026-08-18,3
14683,31514,3,2,2026-08-18,2
14684,34219,3,2,2026-08-18,2
14685,37265,3,2,2026-08-18,3
14686,47142,3,2,2026-08-18,3
14687,18838,3,2,2026-08-18,1
14688,5017,2,1,2026-08-18,3
14689,32654,2,1,2026-08-18,3
14690,48137,2,1,2026-08-18,4
14691,39781,2,1,2026-08-18,3
14692,6119,2,1,2026-08-18,4
14693,43176,2,1,2026-08-18,3
14694,16111,2,1,2026-08-18,3
14695,46346,2,1,2026-08-18,4
14696,29847,2,1,2026-08-18,4
14697,1115,2,1,2026-08-18,4
14698,3817,2,1,2026-08-18,3
14699,6125,2,1,2026-08-18,4
14700,11625,2,1,2026-08-18,3
14701,8692,2,1,2026-08-18,3
14702,34796,2,1,2026-08-18,4
14703,8324,2,1,2026-08-18,3
14704,26904,2,1,2026-08-18,2
14705,25648,2,1,2026-08-18,5
14706,11250,2,1,2026-08-18,3
14707,45079,2,1,2026-08-18,3
14708,41281,2,1,2026-08-18,4
14709,48625,2,1,2026-08-18,4
14710,17004,2,1,2026-08-18,4
14711,41264,2,1,2026-08-18,3
14712,35135,2,1,2026-08-18,3
14713,29125,2,1,2026-08-18,3
14714,42948,2,1,2026-08-18,3
14715,35994,2,1,2026-08-18,3
14716,21691,2,1,2026-08-18,3
14717,8871,2,1,2026-08-18,1
14718,5851,2,1,2026-08-18,3
14719,24534,2,1,2026-08-18,4
14720,30205,2,1,2026-08-18,3
14721,12563,2,1,2026-08-18,3
14722,13375,2,1,2026-08-18,1
14723,20845,2,1,2026-08-18,1
14724,29673,2,1,2026-08-18,3
14725,5665,2,1,2026-08-18,4
14726,40160,2,1,2026-08-18,3
14727,15261,2,1,2026-08-18,3
14728,46380,2,1,2026-08-18,4
14729,32729,2,1,2026-08-18,1
14730,13546,2,1,2026-08-18,4
14731,5751,2,1,2026-08-18,3
14732,37662,2,1,2026-08-18,5
14733,844,2,1,2026-08-18,2
14734,49050,2,1,2026-08-18,3
14735,1172,2,1,2026-08-18,3
14736,28698,2,1,2026-08-18,3
14737,2106,2,1,2026-08-18,4
14738,35060,2,1,2026-08-18,3
14739,35324,2,1,2026-08-18,4
14740,33835,2,1,2026-08-18,3
14741,40291,2,1,2026-08-18,3
14742,24459,2,1,2026-08-18,3
14743,47625,2,1,2026-08-18,4
14744,179,2,1,2026-08-18,4
14745,15894,2,1,2026-08-18,3
14746,353,2,1,2026-08-18,3
14747,39304,2,1,2026-08-18,4
14748,9258,2,1,2026-08-18,3
14749,21381,2,1,2026-08-18,4
14750,46236,2,1,2026-08-18,4
14751,3300,2,1,2026-08-18,3
14752,10912,2,1,2026-08-18,4
14753,26031,2,1,2026-08-18,3
14754,43741,2,1,2026-08-18,1
14755,5859,2,1,2026-08-18,3
14756,1717,2,1,2026-08-18,3
14757,4332,2,1,2026-08-18,3
14758,26733,2,1,2026-08-18,3
14759,25563,2,1,2026-08-18,1
14760,2346,2,1,2026-08-18,3
14761,44175,2,1,2026-08-18,4
14762,49842,2,1,2026-08-18,4
14763,16116,2,1,2026-08-18,4
14764,11473,2,1,2026-08-18,1
14765,21520,2,1,2026-08-18,3
14766,14611,2,1,2026-08-18,3
14767,28578,2,1,2026-08-18,3
14768,30901,2,1,2026-08-18,3
14769,17675,2,1,2026-08-18,3
14770,24722,2,1,2026-08-18,3
14771,37397,2,1,2026-08-18,4
14772,11861,2,1,2026-08-18,3
14773,7220,2,1,2026-08-18,3
14774,11664,2,1,2026-08-18,3
14775,13183,2,1,2026-08-18,4
14776,1698,2,1,2026-08-18,3
14777,17886,2,1,2026-08-18,3
14778,22861,2,1,2026-08-18,3
14779,19169,2,1,2026-08-18,3
14780,31844,2,1,2026-08-18,3
14781,25353,2,1,2026-08-18,3
14782,11535,2,1,2026-08-18,3
14783,47243,2,1,2026-08-18,4
14784,3193,2,1,2026-08-18,4
14785,34713,2,1,2026-08-18,3
14786,21440,2,1,2026-08-18,3
14787,46277,2,1,2026-08-18,4
14788,11452,2,1,2026-08-18,4
14789,17526,2,1,2026-08-18,3
14790,9957,2,1,2026-08-18,4
14791,3693,2,1,2026-08-18,3
14792,18105,2,1,2026-08-18,3
14793,15386,2,1,2026-08-18,3
14794,38971,2,1,2026-08-18,4
14795,40170,2,1,2026-08-18,4
14796,4306,2,1,2026-08-18,3
14797,35313,2,1,2026-08-18,3
14798,40110,2,1,2026-08-18,2
14799,32649,2,1,2026-08-18,4
14800,14507,2,1,2026-08-18,3
14801,28705,2,1,2026-08-18,4
14802,16775,2,1,2026-08-18,3
14803,6012,2,1,2026-08-18,3
14804,19908,2,1,2026-08-18,6
14805,7398,2,1,2026-08-18,3
14806,16041,2,1,2026-08-18,4
14807,17074,2,1,2026-08-18,4
14808,24018,2,1,2026-08-18,3
14809,32403,2,1,2026-08-18,4
14810,16043,2,1,2026-08-18,4
14811,15092,2,1,2026-08-18,4
14812,6767,2,1,2026-08-18,4
14813,15604,2,2,2026-08-18,4
14814,33616,2,2,2026-08-18,3
14815,34257,2,2,2026-08-18,1
14816,19038,2,2,2026-08-18,2
14817,35334,2,2,2026-08-18,3
14818,14189,2,2,2026-08-18,3
14819,31702,2,2,2026-08-18,1
14820,16649,2,2,2026-08-18,3
14821,16457,2,2,2026-08-18,3
14822,34603,2,2,2026-08-18,5
14823,29404,2,2,2026-08-18,4
14824,44118,2,2,2026-08-18,3
14825,20239,2,2,2026-08-18,3
14826,32597,2,2,2026-08-18,3
14827,35477,2,2,2026-08-18,3
14828,16694,2,2,2026-08-18,4
14829,39014,2,2,2026-08-18,4
14830,13140,2,2,2026-08-18,4
14831,40398,2,2,2026-08-18,3
14832,11104,2,2,2026-08-18,3
14833,45239,2,2,2026-08-18,2
14834,42884,2,2,2026-08-18,4
14835,19848,2,2,2026-08-18,1
14836,20102,2,2,2026-08-18,4
14837,13498,2,2,2026-08-18,3
14838,48248,2,2,2026-08-18,4
14839,22609,2,2,2026-08-18,3
14840,37368,2,2,2026-08-18,1
14841,12406,2,2,2026-08-18,4
14842,8416,2,2,2026-08-18,3
14843,22329,2,2,2026-08-18,3
14844,39937,2,2,2026-08-18,4
14845,203,2,2,2026-08-18,3
14846,47089,2,2,2026-08-18,3
14847,43945,2,2,2026-08-18,4
14848,29945,2,2,2026-08-18,3
14849,27958,2,2,2026-08-18,3
14850,918,2,2,2026-08-18,4
14851,15300,2,2,2026-08-18,3
14852,21347,2,2,2026-08-18,3
14853,46146,2,2,2026-08-18,4
14854,15593,2,2,2026-08-18,3
14855,22912,2,2,2026-08-18,3
14856,47045,2,2,2026-08-18,4
14857,18884,2,2,2026-08-18,4
14858,35605,2,2,2026-08-18,3
14859,5022,2,2,2026-08-18,4
14860,40232,2,2,2026-08-18,1
14861,41710,2,2,2026-08-18,4
14862,4324,2,2,2026-08-18,2
14863,13162,2,4,2026-08-18,1
14864,1893,2,4,2026-08-18,4
14865,11234,2,4,2026-08-18,3
14866,34417,2,4,2026-08-18,4
14867,18390,2,4,2026-08-18,4
14868,45029,2,4,2026-08-18,4
14869,32153,2,4,2026-08-18,4
14870,19568,2,4,2026-08-18,3
14871,39805,2,4,2026-08-18,3
14872,8621,2,4,2026-08-18,3
14873,23661,2,4,2026-08-18,3
14874,6991,2,4,2026-08-18,4
14875,12101,2,4,2026-08-18,6
14876,25912,2,4,2026-08-18,3
14877,34482,2,4,2026-08-18,1
14878,16319,2,4,2026-08-18,3
14879,47092,2,4,2026-08-18,3
14880,25687,2,4,2026-08-18,4
14881,20099,2,4,2026-08-18,4
14882,21209,2,4,2026-08-18,3
14883,1144,2,4,2026-08-18,1
14884,40393,2,4,2026-08-18,3
14885,19495,2,4,2026-08-18,4
14886,46654,2,4,2026-08-18,4
14887,17020,2,4,2026-08-18,3
14888,49148,2,4,2026-08-18,3
14889,8642,2,4,2026-08-18,1
14890,37342,2,4,2026-08-18,3
14891,11691,2,4,2026-08-18,4
14892,7188,2,4,2026-08-18,4
14893,12350,2,4,2026-08-18,1
14894,14567,2,4,2026-08-18,2
14895,42409,2,4,2026-08-18,2
14896,28057,2,4,2026-08-18,4
14897,34295,2,4,2026-08-18,4
14898,29872,2,4,2026-08-18,4
14899,8265,2,4,2026-08-18,4
14900,46692,2,4,2026-08-18,2
14901,11077,2,4,2026-08-18,4
14902,10338,2,4,2026-08-18,3
14903,26740,2,4,2026-08-18,3
14904,26215,2,4,2026-08-18,3
14905,44165,2,4,2026-08-18,3
14906,12744,2,4,2026-08-18,4
14907,48329,2,4,2026-08-18,3
14908,38591,2,4,2026-08-18,4
14909,34575,2,4,2026-08-18,2
14910,22587,2,4,2026-08-18,3
14911,24124,2,4,2026-08-18,3
14912,43834,2,4,2026-08-18,4
14913,22602,2,4,2026-08-18,3
14914,35125,2,4,2026-08-18,4
14915,3035,2,4,2026-08-18,6
14916,34533,2,4,2026-08-18,3
14917,12484,2,4,2026-08-18,4
14918,10161,2,4,2026-08-18,3
14919,20277,2,4,2026-08-18,3
14920,46386,2,4,2026-08-18,3
14921,16692,2,4,2026-08-18,3
14922,48402,2,4,2026-08-18,3
14923,31442,2,4,2026-08-18,3
14924,29183,2,4,2026-08-18,3
14925,26247,2,4,2026-08-18,3
14926,14675,2,4,2026-08-18,3
14927,13109,2,4,2026-08-18,3
14928,35659,2,4,2026-08-18,4
14929,27786,2,4,2026-08-18,4
14930,423,2,4,2026-08-18,1
14931,33456,2,4,2026-08-18,3
14932,48693,2,4,2026-08-18,3
14933,8983,2,4,2026-08-18,3
14934,17825,2,4,2026-08-18,3
14935,28803,2,4,2026-08-18,2
14936,11859,2,4,2026-08-18,4
14937,44250,2,4,2026-08-18,3
14938,33354,1,1,2026-08-19,4
14939,48090,1,1,2026-08-19,3
14940,39906,1,1,2026-08-19,3
14941,33510,1,1,2026-08-19,4
14942,16866,1,1,2026-08-19,3
14943,29042,1,1,2026-08-19,3
14944,43373,1,1,2026-08-19,3
14945,466,1,1,2026-08-19,3
14946,37469,1,1,2026-08-19,3
14947,39705,1,1,2026-08-19,3
14948,41928,1,1,2026-08-19,1
14949,10868,1,1,2026-08-19,3
14950,42101,1,1,2026-08-19,3
14951,25201,1,1,2026-08-19,3
14952,42229,1,1,2026-08-19,3
14953,43654,1,1,2026-08-19,3
14954,27082,1,1,2026-08-19,3
14955,19930,1,1,2026-08-19,3
14956,17770,1,1,2026-08-19,1
14957,46910,1,1,2026-08-19,3
14958,9914,1,1,2026-08-19,3
14959,47144,1,1,2026-08-19,3
14960,18515,1,1,2026-08-19,3
14961,10891,1,1,2026-08-19,3
14962,41503,1,1,2026-08-19,3
14963,5116,1,1,2026-08-19,3
14964,4704,1,1,2026-08-19,3
14965,46482,1,1,2026-08-19,3
14966,33326,1,1,2026-08-19,1
14967,35425,1,1,2026-08-19,3
14968,3528,1,1,2026-08-19,3
14969,7768,1,1,2026-08-19,4
14970,10318,1,1,2026-08-19,3
14971,44848,1,1,2026-08-19,3
14972,40985,1,1,2026-08-19,3
14973,44202,1,1,2026-08-19,3
14974,24507,1,1,2026-08-19,3
14975,20960,1,1,2026-08-19,1
14976,38603,1,1,2026-08-19,3
14977,20319,1,1,2026-08-19,3
14978,26432,1,1,2026-08-19,4
14979,15560,1,1,2026-08-19,3
14980,45257,1,1,2026-08-19,3
14981,45733,1,1,2026-08-19,3
14982,14583,1,1,2026-08-19,3
14983,27558,1,1,2026-08-19,4
14984,15807,1,1,2026-08-19,1
14985,47034,1,1,2026-08-19,3
14986,22317,1,1,2026-08-19,3
14987,41789,1,1,2026-08-19,3
14988,36986,1,1,2026-08-19,3
14989,19165,1,1,2026-08-19,3
14990,47402,1,1,2026-08-19,1
14991,48223,1,1,2026-08-19,3
14992,41795,1,1,2026-08-19,3
14993,10765,1,1,2026-08-19,3
14994,21883,1,1,2026-08-19,3
14995,47884,1,1,2026-08-19,3
14996,28667,1,1,2026-08-19,3
14997,48479,1,1,2026-08-19,3
14998,10700,1,1,2026-08-19,3
14999,28123,1,1,2026-08-19,4
15000,19246,1,1,2026-08-19,3
15001,39903,1,1,2026-08-19,3
15002,1704,1,1,2026-08-19,3
15003,26167,1,1,2026-08-19,3
15004,40720,1,1,2026-08-19,1
15005,45852,1,1,2026-08-19,1
15006,44871,1,1,2026-08-19,3
15007,27356,1,1,2026-08-19,3
15008,41824,1,1,2026-08-19,4
15009,25300,1,1,2026-08-19,3
15010,4065,1,1,2026-08-19,3
15011,41798,1,1,2026-08-19,3
15012,9684,1,1,2026-08-19,6
15013,9613,1,1,2026-08-19,3
15014,42169,1,1,2026-08-19,3
15015,14041,1,1,2026-08-19,3
15016,2073,1,1,2026-08-19,3
15017,12664,1,1,2026-08-19,3
15018,26129,1,1,2026-08-19,3
15019,7728,1,1,2026-08-19,3
15020,14752,1,1,2026-08-19,3
15021,29949,1,1,2026-08-19,3
15022,39684,1,1,2026-08-19,3
15023,32102,1,1,2026-08-19,3
15024,19954,1,1,2026-08-19,3
15025,9888,1,1,2026-08-19,1
15026,10540,1,1,2026-08-19,1
15027,11907,1,1,2026-08-19,3
15028,19706,1,1,2026-08-19,3
15029,18100,1,1,2026-08-19,3
15030,895,1,1,2026-08-19,3
15031,44847,1,1,2026-08-19,3
15032,42963,1,1,2026-08-19,3
15033,27219,1,1,2026-08-19,3
15034,3213,1,1,2026-08-19,3
15035,696,1,1,2026-08-19,3
15036,9861,1,1,2026-08-19,3
15037,16444,1,1,2026-08-19,3
15038,2745,1,1,2026-08-19,3
15039,44180,1,1,2026-08-19,3
15040,9256,1,1,2026-08-19,3
15041,5647,1,1,2026-08-19,3
15042,38999,1,1,2026-08-19,3
15043,3883,1,1,2026-08-19,3
15044,43994,1,1,2026-08-19,3
15045,18053,1,1,2026-08-19,3
15046,8861,1,1,2026-08-19,1
15047,13250,1,1,2026-08-19,3
15048,17094,1,1,2026-08-19,3
15049,44047,1,1,2026-08-19,3
15050,1723,1,1,2026-08-19,3
15051,49373,1,1,2026-08-19,3
15052,26887,1,1,2026-08-19,3
15053,22845,1,1,2026-08-19,3
15054,18610,1,1,2026-08-19,3
15055,46352,1,1,2026-08-19,3
15056,30280,1,1,2026-08-19,3
15057,25605,1,1,2026-08-19,3
15058,9273,1,1,2026-08-19,3
15059,37627,1,1,2026-08-19,3
15060,23223,1,1,2026-08-19,3
15061,47244,1,1,2026-08-19,3
15062,10493,1,1,2026-08-19,3
15063,43592,1,1,2026-08-19,3
15064,49268,1,1,2026-08-19,5
15065,19709,1,1,2026-08-19,3
15066,35736,1,1,2026-08-19,3
15067,9990,1,1,2026-08-19,3
15068,15450,1,1,2026-08-19,3
15069,2550,1,1,2026-08-19,3
15070,31581,1,1,2026-08-19,3
15071,34008,1,1,2026-08-19,3
15072,4675,1,1,2026-08-19,3
15073,6492,1,1,2026-08-19,3
15074,16139,1,1,2026-08-19,3
15075,11660,1,1,2026-08-19,3
15076,48333,1,1,2026-08-19,3
15077,19399,1,1,2026-08-19,3
15078,27944,1,1,2026-08-19,1
15079,48837,1,1,2026-08-19,3
15080,38006,1,1,2026-08-19,3
15081,3868,1,1,2026-08-19,4
15082,31174,1,1,2026-08-19,3
15083,22076,1,1,2026-08-19,1
15084,24202,1,1,2026-08-19,3
15085,30844,1,1,2026-08-19,3
15086,13612,1,1,2026-08-19,1
15087,7496,1,1,2026-08-19,3
15088,45605,1,1,2026-08-19,3
15089,15355,1,1,2026-08-19,3
15090,17725,1,1,2026-08-19,3
15091,93,1,1,2026-08-19,3
15092,16863,1,1,2026-08-19,3
15093,20477,1,1,2026-08-19,4
15094,23927,1,1,2026-08-19,3
15095,16586,1,1,2026-08-19,3
15096,1511,1,1,2026-08-19,3
15097,7210,1,1,2026-08-19,3
15098,7503,1,1,2026-08-19,1
15099,19558,1,1,2026-08-19,3
15100,6455,1,1,2026-08-19,3
15101,42689,1,1,2026-08-19,3
15102,41691,1,1,2026-08-19,3
15103,23341,1,1,2026-08-19,3
15104,29153,1,1,2026-08-19,3
15105,221,1,1,2026-08-19,3
15106,25386,1,1,2026-08-19,3
15107,25624,1,1,2026-08-19,4
15108,23719,1,1,2026-08-19,3
15109,15712,1,1,2026-08-19,3
15110,5001,1,1,2026-08-19,3
15111,49126,1,1,2026-08-19,3
15112,42907,1,1,2026-08-19,3
15113,41530,1,1,2026-08-19,3
15114,37925,1,1,2026-08-19,3
15115,34443,1,1,2026-08-19,1
15116,47081,1,1,2026-08-19,3
15117,44319,1,1,2026-08-19,3
15118,7477,1,1,2026-08-19,3
15119,36547,1,1,2026-08-19,1
15120,1340,1,1,2026-08-19,3
15121,24136,1,1,2026-08-19,3
15122,11324,1,1,2026-08-19,3
15123,18075,1,1,2026-08-19,3
15124,23487,1,1,2026-08-19,3
15125,38600,1,1,2026-08-19,3
15126,40184,1,1,2026-08-19,1
15127,45458,1,1,2026-08-19,3
15128,32447,1,1,2026-08-19,3
15129,14257,1,1,2026-08-19,3
15130,32576,1,1,2026-08-19,3
15131,8988,1,1,2026-08-19,3
15132,33227,1,1,2026-08-19,3
15133,42384,1,1,2026-08-19,3
15134,30892,1,1,2026-08-19,3
15135,29265,1,1,2026-08-19,3
15136,41650,1,1,2026-08-19,3
15137,2790,1,1,2026-08-19,3
15138,21815,1,1,2026-08-19,3
15139,12561,1,1,2026-08-19,3
15140,236,1,1,2026-08-19,3
15141,39728,1,1,2026-08-19,1
15142,26612,1,1,2026-08-19,3
15143,39856,1,1,2026-08-19,6
15144,1669,1,1,2026-08-19,4
15145,23527,1,1,2026-08-19,1
15146,36953,1,1,2026-08-19,3
15147,21311,1,1,2026-08-19,3
15148,37394,1,1,2026-08-19,3
15149,2531,1,1,2026-08-19,3
15150,6321,1,1,2026-08-19,3
15151,27368,1,1,2026-08-19,3
15152,4820,1,1,2026-08-19,3
15153,4238,1,1,2026-08-19,3
15154,44339,1,1,2026-08-19,3
15155,23126,1,1,2026-08-19,3
15156,30923,1,1,2026-08-19,1
15157,38568,1,1,2026-08-19,4
15158,32489,1,1,2026-08-19,3
15159,6448,1,1,2026-08-19,3
15160,26193,1,1,2026-08-19,3
15161,25649,1,1,2026-08-19,3
15162,9835,1,1,2026-08-19,3
15163,37062,1,1,2026-08-19,1
15164,9156,1,1,2026-08-19,3
15165,30615,1,1,2026-08-19,1
15166,17998,1,1,2026-08-19,3
15167,124,1,1,2026-08-19,3
15168,23910,1,1,2026-08-19,3
15169,32383,1,1,2026-08-19,3
15170,17552,1,1,2026-08-19,3
15171,28756,1,1,2026-08-19,3
15172,7378,1,1,2026-08-19,3
15173,25100,1,1,2026-08-19,3
15174,19549,1,1,2026-08-19,3
15175,24220,1,1,2026-08-19,3
15176,33814,1,1,2026-08-19,3
15177,26954,1,1,2026-08-19,4
15178,41084,1,1,2026-08-19,3
15179,16857,1,1,2026-08-19,4
15180,4693,1,1,2026-08-19,3
15181,27767,1,1,2026-08-19,4
15182,38488,1,1,2026-08-19,3
15183,1591,1,1,2026-08-19,3
15184,3959,1,1,2026-08-19,3
15185,16011,1,1,2026-08-19,3
15186,8252,1,1,2026-08-19,1
15187,35704,1,1,2026-08-19,1
15188,26468,1,1,2026-08-19,3
15189,13055,1,1,2026-08-19,3
15190,31036,1,1,2026-08-19,3
15191,38149,1,1,2026-08-19,3
15192,33612,1,1,2026-08-19,3
15193,23346,1,1,2026-08-19,4
15194,11892,1,1,2026-08-19,3
15195,31253,1,1,2026-08-19,3
15196,4640,1,1,2026-08-19,3
15197,42357,1,1,2026-08-19,3
15198,16400,1,1,2026-08-19,3
15199,12506,1,1,2026-08-19,3
15200,32863,1,1,2026-08-19,3
15201,22894,1,1,2026-08-19,3
15202,37953,1,1,2026-08-19,3
15203,42916,1,1,2026-08-19,3
15204,17761,1,1,2026-08-19,3
15205,5871,1,1,2026-08-19,3
15206,10776,1,1,2026-08-19,3
15207,31963,1,1,2026-08-19,3
15208,36041,1,1,2026-08-19,3
15209,39872,1,1,2026-08-19,3
15210,17377,1,1,2026-08-19,4
15211,14091,1,1,2026-08-19,3
15212,32070,1,1,2026-08-19,3
15213,10458,1,1,2026-08-19,4
15214,47566,1,1,2026-08-19,3
15215,48366,1,1,2026-08-19,3
15216,42795,1,1,2026-08-19,3
15217,37682,1,1,2026-08-19,3
15218,47274,1,1,2026-08-19,3
15219,17310,1,1,2026-08-19,3
15220,679,1,1,2026-08-19,3
15221,24884,1,1,2026-08-19,3
15222,41750,1,1,2026-08-19,3
15223,7063,1,1,2026-08-19,3
15224,8169,1,1,2026-08-19,3
15225,8223,1,1,2026-08-19,3
15226,21140,1,1,2026-08-19,3
15227,35264,1,1,2026-08-19,4
15228,37229,1,1,2026-08-19,3
15229,16862,1,1,2026-08-19,3
15230,44473,1,1,2026-08-19,3
15231,19086,1,1,2026-08-19,3
15232,44492,1,1,2026-08-19,3
15233,2500,1,1,2026-08-19,4
15234,7386,1,1,2026-08-19,3
15235,41525,1,1,2026-08-19,3
15236,27189,1,1,2026-08-19,3
15237,2855,1,1,2026-08-19,3
15238,952,1,1,2026-08-19,3
15239,24442,1,1,2026-08-19,3
15240,22491,1,1,2026-08-19,3
15241,9459,1,1,2026-08-19,3
15242,29973,1,1,2026-08-19,6
15243,3897,1,1,2026-08-19,3
15244,44012,1,1,2026-08-19,1
15245,10056,1,1,2026-08-19,3
15246,21972,1,1,2026-08-19,3
15247,15714,1,1,2026-08-19,4
15248,4396,1,1,2026-08-19,3
15249,25374,1,1,2026-08-19,3
15250,39128,1,1,2026-08-19,3
15251,39303,1,1,2026-08-19,3
15252,2087,1,1,2026-08-19,5
15253,29987,1,1,2026-08-19,3
15254,41800,1,1,2026-08-19,1
15255,48049,1,1,2026-08-19,3
15256,24436,1,1,2026-08-19,3
15257,41216,1,1,2026-08-19,4
15258,37246,1,1,2026-08-19,3
15259,22087,1,1,2026-08-19,3
15260,36646,1,1,2026-08-19,3
15261,28661,1,1,2026-08-19,3
15262,40767,1,1,2026-08-19,3
15263,27391,1,1,2026-08-19,3
15264,3136,1,1,2026-08-19,3
15265,26442,1,1,2026-08-19,3
15266,38692,1,1,2026-08-19,3
15267,23525,1,1,2026-08-19,3
15268,34907,1,1,2026-08-19,4
15269,21812,1,1,2026-08-19,3
15270,44918,1,1,2026-08-19,3
15271,6743,1,1,2026-08-19,3
15272,1950,1,1,2026-08-19,6
15273,37553,1,1,2026-08-19,3
15274,28853,1,1,2026-08-19,1
15275,41699,1,1,2026-08-19,3
15276,43916,1,1,2026-08-19,3
15277,41161,1,1,2026-08-19,3
15278,39487,1,1,2026-08-19,3
15279,27692,1,1,2026-08-19,3
15280,24709,1,1,2026-08-19,3
15281,24920,1,1,2026-08-19,1
15282,1111,1,1,2026-08-19,3
15283,41985,1,1,2026-08-19,1
15284,34726,1,1,2026-08-19,3
15285,6945,1,1,2026-08-19,1
15286,38189,1,1,2026-08-19,3
15287,41006,1,1,2026-08-19,3
15288,3806,1,1,2026-08-19,3
15289,49906,1,1,2026-08-19,4
15290,7726,1,1,2026-08-19,3
15291,4082,1,1,2026-08-19,3
15292,14691,1,1,2026-08-19,3
15293,30181,1,1,2026-08-19,3
15294,13808,1,1,2026-08-19,3
15295,10821,1,1,2026-08-19,3
15296,11134,1,1,2026-08-19,3
15297,41656,1,1,2026-08-19,4
15298,36248,1,1,2026-08-19,3
15299,45869,1,1,2026-08-19,3
15300,767,1,1,2026-08-19,3
15301,17240,1,1,2026-08-19,3
15302,25767,1,1,2026-08-19,3
15303,930,1,1,2026-08-19,3
15304,3580,1,1,2026-08-19,3
15305,28473,1,1,2026-08-19,3
15306,49298,1,1,2026-08-19,3
15307,17529,1,1,2026-08-19,3
15308,29211,1,1,2026-08-19,3
15309,35361,1,1,2026-08-19,3
15310,6829,1,1,2026-08-19,3
15311,2607,1,1,2026-08-19,4
15312,26795,1,1,2026-08-19,1
15313,47401,1,1,2026-08-19,3
15314,27115,1,1,2026-08-19,1
15315,13319,1,1,2026-08-19,1
15316,5035,1,1,2026-08-19,3
15317,30941,1,1,2026-08-19,3
15318,36282,1,1,2026-08-19,3
15319,16531,1,1,2026-08-19,3
15320,39702,1,1,2026-08-19,3
15321,37795,1,1,2026-08-19,3
15322,24380,1,1,2026-08-19,3
15323,28086,1,1,2026-08-19,3
15324,13756,1,1,2026-08-19,3
15325,547,1,1,2026-08-19,3
15326,43707,1,1,2026-08-19,3
15327,41034,1,1,2026-08-19,3
15328,26109,1,1,2026-08-19,3
15329,26095,1,1,2026-08-19,3
15330,17285,1,1,2026-08-19,3
15331,24790,1,1,2026-08-19,3
15332,18589,1,1,2026-08-19,3
15333,47133,1,1,2026-08-19,3
15334,39161,1,1,2026-08-19,3
15335,3578,1,1,2026-08-19,3
15336,47998,1,1,2026-08-19,3
15337,22674,1,1,2026-08-19,3
15338,22235,1,1,2026-08-19,3
15339,2601,1,1,2026-08-19,3
15340,39601,1,1,2026-08-19,3
15341,4022,1,1,2026-08-19,3
15342,35764,1,1,2026-08-19,3
15343,10513,1,1,2026-08-19,3
15344,22143,1,1,2026-08-19,3
15345,8841,1,1,2026-08-19,3
15346,47821,1,1,2026-08-19,3
15347,27998,1,1,2026-08-19,3
15348,7372,1,1,2026-08-19,4
15349,19829,1,1,2026-08-19,3
15350,26633,1,1,2026-08-19,3
15351,16189,1,1,2026-08-19,3
15352,47786,1,1,2026-08-19,3
15353,35291,1,1,2026-08-19,3
15354,14593,1,1,2026-08-19,3
15355,27408,1,1,2026-08-19,3
15356,13154,1,1,2026-08-19,3
15357,29557,1,1,2026-08-19,3
15358,14579,1,1,2026-08-19,3
15359,2731,1,1,2026-08-19,3
15360,48338,1,1,2026-08-19,1
15361,46971,1,1,2026-08-19,1
15362,32448,1,1,2026-08-19,3
15363,31465,1,1,2026-08-19,3
15364,24109,1,1,2026-08-19,3
15365,32646,1,1,2026-08-19,4
15366,35527,1,1,2026-08-19,3
15367,6067,1,1,2026-08-19,4
15368,562,1,1,2026-08-19,3
15369,9167,1,1,2026-08-19,3
15370,32084,1,1,2026-08-19,4
15371,10033,1,1,2026-08-19,3
15372,17222,1,1,2026-08-19,3
15373,9698,1,1,2026-08-19,3
15374,5520,1,1,2026-08-19,3
15375,10238,1,1,2026-08-19,3
15376,45003,1,1,2026-08-19,3
15377,8676,1,1,2026-08-19,3
15378,38891,1,1,2026-08-19,3
15379,15858,1,1,2026-08-19,3
15380,7012,1,1,2026-08-19,3
15381,6034,1,1,2026-08-19,3
15382,49763,1,1,2026-08-19,3
15383,24473,1,1,2026-08-19,3
15384,3956,1,1,2026-08-19,3
15385,16607,1,1,2026-08-19,5
15386,31399,1,1,2026-08-19,1
15387,40193,1,1,2026-08-19,3
15388,12824,1,1,2026-08-19,3
15389,37070,1,1,2026-08-19,1
15390,36969,1,1,2026-08-19,6
15391,34918,1,1,2026-08-19,3
15392,29000,1,1,2026-08-19,1
15393,38255,1,1,2026-08-19,1
15394,43400,1,1,2026-08-19,3
15395,31633,1,1,2026-08-19,3
15396,13704,1,1,2026-08-19,3
15397,45803,1,1,2026-08-19,4
15398,7934,1,1,2026-08-19,1
15399,41037,1,1,2026-08-19,3
15400,19723,1,1,2026-08-19,3
15401,23434,1,1,2026-08-19,3
15402,45308,1,1,2026-08-19,3
15403,49773,1,1,2026-08-19,3
15404,35609,1,1,2026-08-19,3
15405,14607,1,1,2026-08-19,3
15406,26420,1,1,2026-08-19,3
15407,15376,1,1,2026-08-19,3
15408,45410,1,1,2026-08-19,3
15409,9837,1,1,2026-08-19,3
15410,1744,1,1,2026-08-19,3
15411,19084,1,1,2026-08-19,1
15412,20921,1,1,2026-08-19,3
15413,38443,1,1,2026-08-19,3
15414,13213,1,1,2026-08-19,1
15415,13943,1,1,2026-08-19,3
15416,49525,1,1,2026-08-19,3
15417,40372,1,1,2026-08-19,3
15418,17270,1,1,2026-08-19,3
15419,27027,1,1,2026-08-19,3
15420,39291,1,1,2026-08-19,3
15421,18109,1,1,2026-08-19,3
15422,31552,1,1,2026-08-19,3
15423,22138,1,1,2026-08-19,3
15424,28812,1,1,2026-08-19,3
15425,43670,1,1,2026-08-19,3
15426,18266,1,1,2026-08-19,3
15427,2611,1,1,2026-08-19,3
15428,22946,1,1,2026-08-19,3
15429,46283,1,1,2026-08-19,3
15430,7545,1,1,2026-08-19,4
15431,49881,1,1,2026-08-19,3
15432,18173,1,1,2026-08-19,3
15433,2940,1,1,2026-08-19,3
15434,13966,1,1,2026-08-19,3
15435,2588,1,1,2026-08-19,3
15436,18766,1,1,2026-08-19,3
15437,14462,1,1,2026-08-19,3
15438,5218,1,1,2026-08-19,3
15439,27736,1,1,2026-08-19,3
15440,32885,1,1,2026-08-19,3
15441,25680,1,1,2026-08-19,4
15442,33811,1,1,2026-08-19,1
15443,36784,1,1,2026-08-19,3
15444,24574,1,1,2026-08-19,3
15445,33179,1,1,2026-08-19,3
15446,1356,1,1,2026-08-19,3
15447,4575,1,1,2026-08-19,1
15448,30606,1,1,2026-08-19,3
15449,45911,1,1,2026-08-19,3
15450,20217,1,1,2026-08-19,3
15451,34205,1,1,2026-08-19,3
15452,47605,1,1,2026-08-19,3
15453,38144,1,1,2026-08-19,3
15454,16561,1,1,2026-08-19,3
15455,12712,1,1,2026-08-19,3
15456,48178,1,1,2026-08-19,3
15457,22810,1,1,2026-08-19,3
15458,9858,1,1,2026-08-19,3
15459,43787,1,1,2026-08-19,3
15460,25946,1,1,2026-08-19,1
15461,43736,1,1,2026-08-19,3
15462,47490,1,1,2026-08-19,3
15463,10958,1,1,2026-08-19,1
15464,18130,1,1,2026-08-19,3
15465,1043,1,1,2026-08-19,3
15466,1942,1,1,2026-08-19,3
15467,9124,1,1,2026-08-19,3
15468,20830,1,1,2026-08-19,3
15469,45521,1,1,2026-08-19,1
15470,2088,1,1,2026-08-19,3
15471,8165,1,1,2026-08-19,3
15472,43169,1,1,2026-08-19,3
15473,44896,1,1,2026-08-19,3
15474,30761,1,1,2026-08-19,3
15475,3800,1,1,2026-08-19,3
15476,44460,1,1,2026-08-19,3
15477,34298,1,1,2026-08-19,3
15478,23430,1,1,2026-08-19,1
15479,37144,1,1,2026-08-19,3
15480,43546,1,1,2026-08-19,1
15481,39364,1,1,2026-08-19,1
15482,38634,1,1,2026-08-19,3
15483,11468,1,1,2026-08-19,1
15484,30254,1,1,2026-08-19,3
15485,17644,1,1,2026-08-19,3
15486,40758,1,1,2026-08-19,1
15487,15622,1,1,2026-08-19,3
15488,1027,1,1,2026-08-19,3
15489,45883,1,1,2026-08-19,4
15490,9731,1,1,2026-08-19,4
15491,2852,1,1,2026-08-19,3
15492,4853,1,1,2026-08-19,5
15493,49706,1,1,2026-08-19,3
15494,26716,1,1,2026-08-19,3
15495,40608,1,1,2026-08-19,3
15496,8732,1,1,2026-08-19,3
15497,33110,1,1,2026-08-19,3
15498,34838,1,1,2026-08-19,3
15499,28485,1,1,2026-08-19,4
15500,14536,1,1,2026-08-19,3
15501,11287,1,1,2026-08-19,3
15502,36949,1,1,2026-08-19,1
15503,20351,1,1,2026-08-19,3
15504,13510,1,1,2026-08-19,3
15505,30226,1,1,2026-08-19,4
15506,40789,1,1,2026-08-19,3
15507,8305,1,1,2026-08-19,3
15508,27351,1,1,2026-08-19,3
15509,24793,1,1,2026-08-19,3
15510,5828,1,1,2026-08-19,3
15511,17353,1,1,2026-08-19,3
15512,19861,1,1,2026-08-19,3
15513,31020,1,1,2026-08-19,4
15514,36093,1,1,2026-08-19,3
15515,38718,1,1,2026-08-19,3
15516,37932,1,1,2026-08-19,4
15517,39430,1,1,2026-08-19,3
15518,24140,1,1,2026-08-19,1
15519,21333,1,1,2026-08-19,3
15520,8878,1,1,2026-08-19,3
15521,23135,1,1,2026-08-19,3
15522,10644,1,1,2026-08-19,3
15523,36667,1,1,2026-08-19,1
15524,24670,1,1,2026-08-19,4
15525,1742,1,1,2026-08-19,3
15526,27331,1,1,2026-08-19,5
15527,21724,1,1,2026-08-19,3
15528,48699,1,1,2026-08-19,3
15529,399,1,1,2026-08-19,3
15530,16793,1,1,2026-08-19,3
15531,16092,1,1,2026-08-19,1
15532,27972,1,1,2026-08-19,3
15533,10230,1,1,2026-08-19,3
15534,14044,1,1,2026-08-19,3
15535,31070,1,1,2026-08-19,3
15536,23106,1,1,2026-08-19,4
15537,48861,1,1,2026-08-19,3
15538,26401,1,1,2026-08-19,3
15539,48130,1,1,2026-08-19,3
15540,36574,1,1,2026-08-19,3
15541,27689,1,1,2026-08-19,3
15542,23129,1,1,2026-08-19,3
15543,34789,1,1,2026-08-19,3
15544,2817,1,1,2026-08-19,3
15545,32823,1,1,2026-08-19,3
15546,23022,1,1,2026-08-19,1
15547,4101,1,1,2026-08-19,3
15548,25804,1,1,2026-08-19,3
15549,16755,1,1,2026-08-19,3
15550,14575,1,1,2026-08-19,3
15551,23443,1,1,2026-08-19,3
15552,2413,1,1,2026-08-19,3
15553,8059,1,1,2026-08-19,3
15554,6738,1,1,2026-08-19,3
15555,30621,1,1,2026-08-19,3
15556,2110,1,1,2026-08-19,3
15557,18435,1,1,2026-08-19,1
15558,28654,1,1,2026-08-19,3
15559,34422,1,1,2026-08-19,3
15560,10415,1,1,2026-08-19,3
15561,8331,1,1,2026-08-19,3
15562,2462,1,1,2026-08-19,1
15563,7425,3,1,2026-08-19,2
15564,47479,3,1,2026-08-19,5
15565,28029,3,1,2026-08-19,1
15566,20206,3,1,2026-08-19,1
15567,35401,3,1,2026-08-19,2
15568,22157,3,1,2026-08-19,3
15569,22141,3,1,2026-08-19,3
15570,8905,3,1,2026-08-19,3
15571,29004,3,1,2026-08-19,3
15572,35986,3,1,2026-08-19,1
15573,37575,3,1,2026-08-19,2
15574,17336,3,1,2026-08-19,5
15575,30616,3,1,2026-08-19,3
15576,14999,3,1,2026-08-19,2
15577,5420,3,1,2026-08-19,1
15578,13703,3,1,2026-08-19,2
15579,36625,3,1,2026-08-19,1
15580,38312,3,1,2026-08-19,2
15581,37866,3,1,2026-08-19,3
15582,203,3,1,2026-08-19,2
15583,3950,3,1,2026-08-19,1
15584,1452,3,1,2026-08-19,3
15585,7593,3,1,2026-08-19,3
15586,48249,3,1,2026-08-19,1
15587,21905,3,1,2026-08-19,2
15588,25400,3,1,2026-08-19,3
15589,28690,3,1,2026-08-19,3
15590,28107,3,1,2026-08-19,2
15591,49104,3,1,2026-08-19,1
15592,45675,3,1,2026-08-19,3
15593,27890,3,1,2026-08-19,5
15594,38895,3,1,2026-08-19,3
15595,48489,3,1,2026-08-19,3
15596,35132,3,1,2026-08-19,4
15597,24329,3,1,2026-08-19,3
15598,11683,3,1,2026-08-19,3
15599,41903,3,1,2026-08-19,3
15600,35987,3,1,2026-08-19,3
15601,49520,3,1,2026-08-19,5
15602,39019,3,1,2026-08-19,3
15603,818,3,1,2026-08-19,3
15604,47761,3,1,2026-08-19,4
15605,45236,3,1,2026-08-19,1
15606,44659,3,1,2026-08-19,2
15607,21947,3,1,2026-08-19,3
15608,43006,3,1,2026-08-19,2
15609,45121,3,1,2026-08-19,4
15610,15349,3,1,2026-08-19,1
15611,18980,3,1,2026-08-19,3
15612,45886,3,1,2026-08-19,2
15613,4688,3,1,2026-08-19,3
15614,487,3,1,2026-08-19,3
15615,40641,3,1,2026-08-19,2
15616,26427,3,1,2026-08-19,5
15617,3592,3,1,2026-08-19,4
15618,20268,3,1,2026-08-19,3
15619,41553,3,1,2026-08-19,3
15620,6691,3,1,2026-08-19,2
15621,22208,3,1,2026-08-19,1
15622,23222,3,1,2026-08-19,1
15623,14203,3,1,2026-08-19,3
15624,35661,3,1,2026-08-19,2
15625,36082,3,1,2026-08-19,3
15626,26939,3,1,2026-08-19,4
15627,12166,3,1,2026-08-19,1
15628,48602,3,1,2026-08-19,4
15629,35376,3,1,2026-08-19,3
15630,44751,3,1,2026-08-19,3
15631,5389,3,1,2026-08-19,2
15632,14227,3,1,2026-08-19,4
15633,27879,3,1,2026-08-19,2
15634,7586,3,1,2026-08-19,2
15635,32875,3,1,2026-08-19,3
15636,20002,3,1,2026-08-19,3
15637,21622,3,1,2026-08-19,4
15638,24780,3,1,2026-08-19,1
15639,44352,3,1,2026-08-19,3
15640,1898,3,1,2026-08-19,3
15641,24255,3,1,2026-08-19,2
15642,35724,3,1,2026-08-19,3
15643,2887,3,1,2026-08-19,5
15644,48449,3,1,2026-08-19,3
15645,18934,3,1,2026-08-19,2
15646,23168,3,1,2026-08-19,3
15647,32464,3,1,2026-08-19,3
15648,14576,3,1,2026-08-19,3
15649,34120,3,1,2026-08-19,3
15650,12245,3,1,2026-08-19,3
15651,15671,3,1,2026-08-19,1
15652,14614,3,1,2026-08-19,3
15653,28128,3,1,2026-08-19,4
15654,10063,3,1,2026-08-19,3
15655,22168,3,1,2026-08-19,2
15656,24482,3,1,2026-08-19,3
15657,27668,3,1,2026-08-19,3
15658,17572,3,1,2026-08-19,2
15659,39539,3,1,2026-08-19,1
15660,41326,3,1,2026-08-19,2
15661,49907,3,1,2026-08-19,3
15662,12239,3,1,2026-08-19,3
15663,15001,3,1,2026-08-19,2
15664,7283,3,1,2026-08-19,1
15665,20733,3,1,2026-08-19,1
15666,22646,3,1,2026-08-19,3
15667,33917,3,1,2026-08-19,1
15668,3638,3,1,2026-08-19,3
15669,20582,3,1,2026-08-19,2
15670,24383,3,1,2026-08-19,3
15671,20425,3,1,2026-08-19,3
15672,1088,3,1,2026-08-19,3
15673,3106,3,1,2026-08-19,3
15674,37624,3,1,2026-08-19,1
15675,40904,3,1,2026-08-19,3
15676,35668,3,1,2026-08-19,3
15677,25490,3,1,2026-08-19,3
15678,26803,3,1,2026-08-19,2
15679,35142,3,1,2026-08-19,3
15680,36484,3,1,2026-08-19,3
15681,17736,3,1,2026-08-19,3
15682,49171,3,1,2026-08-19,3
15683,45192,3,1,2026-08-19,2
15684,10152,3,1,2026-08-19,4
15685,38927,3,1,2026-08-19,3
15686,49604,3,1,2026-08-19,3
15687,8384,3,1,2026-08-19,1
15688,6128,3,1,2026-08-19,1
15689,23839,3,1,2026-08-19,1
15690,35970,3,1,2026-08-19,2
15691,28987,3,1,2026-08-19,3
15692,13335,3,1,2026-08-19,2
15693,36389,3,1,2026-08-19,2
15694,23990,3,1,2026-08-19,1
15695,8778,3,1,2026-08-19,3
15696,25535,3,1,2026-08-19,1
15697,39748,3,1,2026-08-19,1
15698,11740,3,1,2026-08-19,3
15699,5790,3,1,2026-08-19,2
15700,12294,3,1,2026-08-19,3
15701,25089,3,1,2026-08-19,2
15702,22463,3,1,2026-08-19,2
15703,49791,3,1,2026-08-19,1
15704,35343,3,1,2026-08-19,3
15705,46781,3,1,2026-08-19,1
15706,26085,3,1,2026-08-19,4
15707,26438,3,1,2026-08-19,3
15708,37665,3,1,2026-08-19,3
15709,32130,3,1,2026-08-19,3
15710,1264,3,1,2026-08-19,2
15711,5937,3,1,2026-08-19,1
15712,18176,3,1,2026-08-19,3
15713,37916,3,1,2026-08-19,3
15714,34671,3,1,2026-08-19,3
15715,46256,3,1,2026-08-19,3
15716,37483,3,1,2026-08-19,3
15717,43322,3,1,2026-08-19,1
15718,37632,3,1,2026-08-19,2
15719,39419,3,1,2026-08-19,3
15720,47035,3,1,2026-08-19,3
15721,21746,3,1,2026-08-19,3
15722,28968,3,1,2026-08-19,2
15723,17497,3,1,2026-08-19,1
15724,33218,3,1,2026-08-19,2
15725,43722,3,1,2026-08-19,3
15726,869,3,1,2026-08-19,3
15727,16945,3,1,2026-08-19,2
15728,11991,3,1,2026-08-19,4
15729,1826,3,1,2026-08-19,3
15730,20214,3,1,2026-08-19,2
15731,5615,3,1,2026-08-19,2
15732,11599,3,1,2026-08-19,3
15733,33678,3,1,2026-08-19,1
15734,18484,3,1,2026-08-19,3
15735,49109,3,1,2026-08-19,1
15736,17103,3,1,2026-08-19,3
15737,20414,3,1,2026-08-19,2
15738,19099,3,1,2026-08-19,3
15739,10600,3,1,2026-08-19,3
15740,7329,3,1,2026-08-19,3
15741,31699,3,1,2026-08-19,3
15742,19343,3,1,2026-08-19,3
15743,13449,3,1,2026-08-19,2
15744,29048,3,1,2026-08-19,3
15745,44123,3,1,2026-08-19,4
15746,37972,3,1,2026-08-19,4
15747,21373,3,1,2026-08-19,3
15748,35652,3,1,2026-08-19,2
15749,42378,3,1,2026-08-19,2
15750,21782,3,1,2026-08-19,3
15751,7148,3,1,2026-08-19,3
15752,27698,3,1,2026-08-19,2
15753,9297,3,1,2026-08-19,3
15754,48673,3,1,2026-08-19,5
15755,19730,3,1,2026-08-19,3
15756,37765,3,1,2026-08-19,3
15757,43846,3,1,2026-08-19,1
15758,9844,3,1,2026-08-19,2
15759,8733,3,1,2026-08-19,3
15760,36306,3,1,2026-08-19,2
15761,17763,3,1,2026-08-19,3
15762,30096,3,1,2026-08-19,3
15763,45918,3,1,2026-08-19,3
15764,9778,3,1,2026-08-19,1
15765,45683,3,1,2026-08-19,3
15766,26269,3,1,2026-08-19,3
15767,32667,3,1,2026-08-19,2
15768,20826,3,1,2026-08-19,4
15769,36100,3,1,2026-08-19,1
15770,37363,3,1,2026-08-19,1
15771,33832,3,1,2026-08-19,2
15772,25316,3,1,2026-08-19,2
15773,22194,3,1,2026-08-19,1
15774,3926,3,1,2026-08-19,3
15775,25210,3,1,2026-08-19,1
15776,49241,3,1,2026-08-19,3
15777,48854,3,1,2026-08-19,2
15778,42043,3,1,2026-08-19,4
15779,1624,3,1,2026-08-19,3
15780,5275,3,1,2026-08-19,3
15781,36449,3,1,2026-08-19,3
15782,46361,3,1,2026-08-19,3
15783,12710,3,1,2026-08-19,3
15784,43984,3,1,2026-08-19,3
15785,10019,3,1,2026-08-19,3
15786,7328,3,1,2026-08-19,2
15787,9513,3,1,2026-08-19,3
15788,37463,3,1,2026-08-19,2
15789,25452,3,1,2026-08-19,3
15790,48002,3,1,2026-08-19,2
15791,48942,3,1,2026-08-19,2
15792,14092,3,1,2026-08-19,1
15793,34446,3,1,2026-08-19,2
15794,30486,3,1,2026-08-19,2
15795,33898,3,1,2026-08-19,4
15796,24097,3,1,2026-08-19,3
15797,15547,3,1,2026-08-19,4
15798,15859,3,1,2026-08-19,2
15799,14138,3,1,2026-08-19,3
15800,22219,3,1,2026-08-19,3
15801,9349,3,1,2026-08-19,1
15802,38295,3,1,2026-08-19,2
15803,29110,3,1,2026-08-19,2
15804,22513,3,1,2026-08-19,3
15805,4789,3,1,2026-08-19,3
15806,47959,3,1,2026-08-19,3
15807,1947,3,1,2026-08-19,3
15808,46870,3,1,2026-08-19,1
15809,41839,3,1,2026-08-19,1
15810,5029,3,1,2026-08-19,3
15811,10224,3,1,2026-08-19,3
15812,39203,3,1,2026-08-19,2
15813,49553,3,1,2026-08-19,1
15814,39604,3,1,2026-08-19,1
15815,2075,3,1,2026-08-19,2
15816,6252,3,1,2026-08-19,1
15817,9261,3,1,2026-08-19,3
15818,9062,3,1,2026-08-19,3
15819,14495,3,1,2026-08-19,1
15820,40979,3,1,2026-08-19,2
15821,26406,3,1,2026-08-19,1
15822,26302,3,1,2026-08-19,3
15823,36871,3,1,2026-08-19,3
15824,27268,3,1,2026-08-19,3
15825,36679,3,1,2026-08-19,1
15826,43987,3,1,2026-08-19,2
15827,31781,3,1,2026-08-19,3
15828,20011,3,1,2026-08-19,2
15829,26271,3,1,2026-08-19,1
15830,30193,3,1,2026-08-19,2
15831,2484,3,1,2026-08-19,2
15832,7056,3,1,2026-08-19,3
15833,29912,3,1,2026-08-19,2
15834,18730,3,1,2026-08-19,3
15835,12684,3,1,2026-08-19,2
15836,14955,3,1,2026-08-19,4
15837,32977,3,1,2026-08-19,3
15838,38574,3,1,2026-08-19,2
15839,11128,3,1,2026-08-19,1
15840,37540,3,1,2026-08-19,1
15841,17863,3,1,2026-08-19,3
15842,27531,3,1,2026-08-19,2
15843,42372,3,1,2026-08-19,3
15844,46799,3,1,2026-08-19,3
15845,7047,3,1,2026-08-19,3
15846,40375,3,1,2026-08-19,3
15847,48494,3,1,2026-08-19,2
15848,2361,3,1,2026-08-19,3
15849,45856,3,1,2026-08-19,2
15850,34272,3,1,2026-08-19,3
15851,29362,3,1,2026-08-19,3
15852,43703,3,1,2026-08-19,1
15853,29984,3,1,2026-08-19,2
15854,34278,3,1,2026-08-19,3
15855,997,3,1,2026-08-19,2
15856,32408,3,1,2026-08-19,3
15857,37699,3,1,2026-08-19,4
15858,2451,3,1,2026-08-19,3
15859,24856,3,1,2026-08-19,2
15860,32506,3,1,2026-08-19,3
15861,5004,3,1,2026-08-19,1
15862,1030,3,1,2026-08-19,3
15863,43794,3,1,2026-08-19,3
15864,37433,3,1,2026-08-19,3
15865,44790,3,1,2026-08-19,2
15866,1457,3,1,2026-08-19,4
15867,6267,3,1,2026-08-19,3
15868,16813,3,1,2026-08-19,1
15869,24522,3,1,2026-08-19,3
15870,38385,3,1,2026-08-19,2
15871,40073,3,1,2026-08-19,1
15872,35577,3,1,2026-08-19,1
15873,44325,3,1,2026-08-19,3
15874,47394,3,1,2026-08-19,3
15875,12522,3,1,2026-08-19,1
15876,12637,3,2,2026-08-19,2
15877,8260,3,2,2026-08-19,2
15878,12574,3,2,2026-08-19,3
15879,8652,3,2,2026-08-19,2
15880,4725,3,2,2026-08-19,2
15881,8613,3,2,2026-08-19,2
15882,35303,3,2,2026-08-19,1
15883,22117,3,2,2026-08-19,3
15884,39108,3,2,2026-08-19,3
15885,16272,3,2,2026-08-19,5
15886,26797,3,2,2026-08-19,4
15887,43218,3,2,2026-08-19,3
15888,46294,3,2,2026-08-19,3
15889,34357,3,2,2026-08-19,2
15890,48005,3,2,2026-08-19,3
15891,22782,3,2,2026-08-19,3
15892,27194,3,2,2026-08-19,1
15893,8371,3,2,2026-08-19,4
15894,43458,3,2,2026-08-19,3
15895,3539,3,2,2026-08-19,3
15896,36290,3,2,2026-08-19,3
15897,39673,3,2,2026-08-19,3
15898,34745,3,2,2026-08-19,3
15899,7291,3,2,2026-08-19,2
15900,37390,3,2,2026-08-19,3
15901,4110,3,2,2026-08-19,1
15902,1689,3,2,2026-08-19,3
15903,33327,3,2,2026-08-19,1
15904,41044,3,2,2026-08-19,3
15905,39569,3,2,2026-08-19,3
15906,10760,3,2,2026-08-19,2
15907,13298,3,2,2026-08-19,3
15908,46441,3,2,2026-08-19,3
15909,8783,3,2,2026-08-19,1
15910,3174,3,2,2026-08-19,3
15911,28546,3,2,2026-08-19,3
15912,42707,3,2,2026-08-19,2
15913,9329,3,2,2026-08-19,2
15914,31644,3,2,2026-08-19,2
15915,13052,3,2,2026-08-19,3
15916,25330,3,2,2026-08-19,2
15917,43694,3,2,2026-08-19,1
15918,42657,3,2,2026-08-19,3
15919,5532,3,2,2026-08-19,3
15920,29351,3,2,2026-08-19,3
15921,43780,3,2,2026-08-19,1
15922,22719,3,2,2026-08-19,2
15923,11163,3,2,2026-08-19,3
15924,46130,3,2,2026-08-19,2
15925,31700,3,2,2026-08-19,1
15926,8133,3,2,2026-08-19,1
15927,18234,3,2,2026-08-19,2
15928,8721,3,2,2026-08-19,5
15929,5981,3,2,2026-08-19,2
15930,3485,3,2,2026-08-19,3
15931,21799,3,2,2026-08-19,2
15932,33552,3,2,2026-08-19,3
15933,10984,3,2,2026-08-19,2
15934,44382,3,2,2026-08-19,3
15935,3000,3,2,2026-08-19,2
15936,22505,3,2,2026-08-19,3
15937,34299,3,2,2026-08-19,1
15938,27744,3,2,2026-08-19,1
15939,11130,2,1,2026-08-19,5
15940,42393,2,1,2026-08-19,3
15941,9574,2,1,2026-08-19,3
15942,27979,2,1,2026-08-19,4
15943,12764,2,1,2026-08-19,3
15944,39491,2,1,2026-08-19,3
15945,41978,2,1,2026-08-19,3
15946,26619,2,1,2026-08-19,4
15947,34273,2,1,2026-08-19,4
15948,22589,2,1,2026-08-19,4
15949,21458,2,1,2026-08-19,1
15950,33598,2,1,2026-08-19,3
15951,21888,2,1,2026-08-19,4
15952,26001,2,1,2026-08-19,3
15953,28789,2,1,2026-08-19,2
15954,2563,2,1,2026-08-19,1
15955,31474,2,1,2026-08-19,3
15956,23864,2,1,2026-08-19,4
15957,6149,2,1,2026-08-19,3
15958,42859,2,1,2026-08-19,4
15959,39920,2,1,2026-08-19,4
15960,15420,2,1,2026-08-19,4
15961,39989,2,1,2026-08-19,3
15962,14271,2,1,2026-08-19,1
15963,45109,2,1,2026-08-19,3
15964,12354,2,1,2026-08-19,2
15965,21684,2,1,2026-08-19,3
15966,8020,2,1,2026-08-19,4
15967,3653,2,1,2026-08-19,4
15968,37136,2,1,2026-08-19,3
15969,42813,2,1,2026-08-19,3
15970,7601,2,1,2026-08-19,4
15971,46163,2,1,2026-08-19,3
15972,1577,2,1,2026-08-19,1
15973,2116,2,1,2026-08-19,3
15974,1925,2,1,2026-08-19,3
15975,34774,2,1,2026-08-19,3
15976,6016,2,1,2026-08-19,4
15977,19919,2,1,2026-08-19,4
15978,44342,2,1,2026-08-19,4
15979,21354,2,1,2026-08-19,4
15980,45828,2,1,2026-08-19,3
15981,36412,2,1,2026-08-19,4
15982,28828,2,1,2026-08-19,3
15983,39422,2,1,2026-08-19,3
15984,23677,2,1,2026-08-19,3
15985,12124,2,1,2026-08-19,3
15986,35761,2,1,2026-08-19,3
15987,38721,2,1,2026-08-19,3
15988,6965,2,1,2026-08-19,4
15989,6944,2,1,2026-08-19,3
15990,30036,2,1,2026-08-19,1
15991,15869,2,1,2026-08-19,4
15992,3132,2,1,2026-08-19,4
15993,8813,2,1,2026-08-19,3
15994,2385,2,1,2026-08-19,3
15995,9926,2,1,2026-08-19,5
15996,28448,2,1,2026-08-19,3
15997,41011,2,1,2026-08-19,3
15998,28752,2,1,2026-08-19,3
15999,34507,2,1,2026-08-19,4
16000,19786,2,1,2026-08-19,3
16001,13444,2,1,2026-08-19,4
16002,4088,2,1,2026-08-19,3
16003,6653,2,1,2026-08-19,3
16004,28040,2,1,2026-08-19,4
16005,29797,2,1,2026-08-19,1
16006,40367,2,1,2026-08-19,3
16007,7213,2,1,2026-08-19,4
16008,24081,2,1,2026-08-19,1
16009,31606,2,1,2026-08-19,1
16010,23512,2,1,2026-08-19,3
16011,24088,2,1,2026-08-19,4
16012,35597,2,1,2026-08-19,3
16013,33247,2,1,2026-08-19,4
16014,26700,2,1,2026-08-19,3
16015,16008,2,1,2026-08-19,4
16016,2439,2,1,2026-08-19,3
16017,6679,2,1,2026-08-19,4
16018,36285,2,1,2026-08-19,3
16019,47932,2,1,2026-08-19,3
16020,12168,2,1,2026-08-19,4
16021,29997,2,1,2026-08-19,3
16022,38962,2,1,2026-08-19,4
16023,17230,2,1,2026-08-19,4
16024,3478,2,1,2026-08-19,5
16025,41791,2,1,2026-08-19,1
16026,5718,2,1,2026-08-19,3
16027,20946,2,1,2026-08-19,4
16028,3513,2,1,2026-08-19,4
16029,4797,2,1,2026-08-19,4
16030,8530,2,1,2026-08-19,4
16031,16583,2,1,2026-08-19,4
16032,42177,2,1,2026-08-19,1
16033,11497,2,1,2026-08-19,3
16034,6264,2,1,2026-08-19,3
16035,42837,2,1,2026-08-19,5
16036,23614,2,1,2026-08-19,3
16037,3697,2,1,2026-08-19,3
16038,29655,2,1,2026-08-19,3
16039,31921,2,1,2026-08-19,3
16040,45153,2,1,2026-08-19,4
16041,40805,2,1,2026-08-19,5
16042,3505,2,1,2026-08-19,3
16043,10516,2,1,2026-08-19,2
16044,17190,2,1,2026-08-19,3
16045,7073,2,1,2026-08-19,3
16046,33015,2,1,2026-08-19,3
16047,28078,2,1,2026-08-19,4
16048,26828,2,1,2026-08-19,1
16049,12606,2,1,2026-08-19,1
16050,49707,2,1,2026-08-19,4
16051,20088,2,1,2026-08-19,4
16052,32224,2,1,2026-08-19,4
16053,44757,2,1,2026-08-19,3
16054,8231,2,1,2026-08-19,3
16055,18328,2,1,2026-08-19,4
16056,22761,2,1,2026-08-19,4
16057,47332,2,1,2026-08-19,3
16058,39647,2,1,2026-08-19,3
16059,34172,2,1,2026-08-19,3
16060,14501,2,1,2026-08-19,3
16061,20658,2,1,2026-08-19,3
16062,30371,2,1,2026-08-19,4
16063,20888,2,1,2026-08-19,3
16064,4566,2,2,2026-08-19,3
16065,20916,2,2,2026-08-19,3
16066,9900,2,2,2026-08-19,3
16067,25677,2,2,2026-08-19,1
16068,16413,2,2,2026-08-19,6
16069,48137,2,2,2026-08-19,4
16070,1398,2,2,2026-08-19,4
16071,39637,2,2,2026-08-19,3
16072,23829,2,2,2026-08-19,4
16073,26345,2,2,2026-08-19,4
16074,32953,2,2,2026-08-19,3
16075,266,2,2,2026-08-19,4
16076,24841,2,2,2026-08-19,4
16077,29759,2,2,2026-08-19,3
16078,14756,2,2,2026-08-19,4
16079,33550,2,2,2026-08-19,3
16080,7683,2,2,2026-08-19,3
16081,28050,2,2,2026-08-19,3
16082,11746,2,2,2026-08-19,4
16083,40368,2,2,2026-08-19,4
16084,17566,2,2,2026-08-19,3
16085,41457,2,2,2026-08-19,4
16086,45485,2,2,2026-08-19,4
16087,23274,2,2,2026-08-19,4
16088,45256,2,2,2026-08-19,4
16089,13259,2,2,2026-08-19,3
16090,8640,2,2,2026-08-19,4
16091,24816,2,2,2026-08-19,4
16092,43340,2,2,2026-08-19,3
16093,7837,2,2,2026-08-19,3
16094,47668,2,2,2026-08-19,4
16095,5085,2,2,2026-08-19,3
16096,11968,2,2,2026-08-19,3
16097,18874,2,2,2026-08-19,4
16098,9432,2,2,2026-08-19,3
16099,36515,2,2,2026-08-19,3
16100,25713,2,2,2026-08-19,3
16101,17749,2,2,2026-08-19,1
16102,9285,2,2,2026-08-19,3
16103,3431,2,2,2026-08-19,3
16104,27733,2,2,2026-08-19,4
16105,27513,2,2,2026-08-19,3
16106,8635,2,2,2026-08-19,4
16107,42029,2,2,2026-08-19,4
16108,45513,2,2,2026-08-19,4
16109,23932,2,2,2026-08-19,3
16110,1877,2,2,2026-08-19,3
16111,24092,2,2,2026-08-19,4
16112,11669,2,2,2026-08-19,3
16113,29694,2,2,2026-08-19,3
16114,1957,2,4,2026-08-19,4
16115,40726,2,4,2026-08-19,3
16116,46411,2,4,2026-08-19,4
16117,14178,2,4,2026-08-19,5
16118,26743,2,4,2026-08-19,4
16119,8674,2,4,2026-08-19,3
16120,23616,2,4,2026-08-19,3
16121,29309,2,4,2026-08-19,3
16122,32657,2,4,2026-08-19,3
16123,3001,2,4,2026-08-19,6
16124,9411,2,4,2026-08-19,3
16125,32019,2,4,2026-08-19,4
16126,10161,2,4,2026-08-19,4
16127,8158,2,4,2026-08-19,3
16128,43569,2,4,2026-08-19,3
16129,24570,2,4,2026-08-19,4
16130,34758,2,4,2026-08-19,4
16131,30011,2,4,2026-08-19,3
16132,46009,2,4,2026-08-19,3
16133,47762,2,4,2026-08-19,1
16134,33168,2,4,2026-08-19,1
16135,2326,2,4,2026-08-19,4
16136,32510,2,4,2026-08-19,4
16137,27174,2,4,2026-08-19,4
16138,20736,2,4,2026-08-19,4
16139,30207,2,4,2026-08-19,3
16140,21360,2,4,2026-08-19,4
16141,27963,2,4,2026-08-19,2
16142,8968,2,4,2026-08-19,3
16143,26215,2,4,2026-08-19,3
16144,8491,2,4,2026-08-19,3
16145,7452,2,4,2026-08-19,3
16146,12011,2,4,2026-08-19,3
16147,31817,2,4,2026-08-19,4
16148,47866,2,4,2026-08-19,4
16149,27502,2,4,2026-08-19,4
16150,28176,2,4,2026-08-19,3
16151,19425,2,4,2026-08-19,3
16152,38570,2,4,2026-08-19,3
16153,8098,2,4,2026-08-19,4
16154,24278,2,4,2026-08-19,3
16155,37940,2,4,2026-08-19,3
16156,41442,2,4,2026-08-19,3
16157,19680,2,4,2026-08-19,4
16158,38426,2,4,2026-08-19,4
16159,5063,2,4,2026-08-19,4
16160,33456,2,4,2026-08-19,3
16161,7321,2,4,2026-08-19,4
16162,39710,2,4,2026-08-19,4
16163,34492,2,4,2026-08-19,1
16164,41943,2,4,2026-08-19,3
16165,6857,2,4,2026-08-19,4
16166,30241,2,4,2026-08-19,4
16167,47078,2,4,2026-08-19,3
16168,1383,2,4,2026-08-19,4
16169,23782,2,4,2026-08-19,3
16170,17520,2,4,2026-08-19,4
16171,31380,2,4,2026-08-19,4
16172,3611,2,4,2026-08-19,3
16173,121,2,4,2026-08-19,4
16174,22561,2,4,2026-08-19,4
16175,25344,2,4,2026-08-19,3
16176,8019,2,4,2026-08-19,4
16177,34910,2,4,2026-08-19,3
16178,26277,2,4,2026-08-19,3
16179,21202,2,4,2026-08-19,2
16180,12974,2,4,2026-08-19,4
16181,30437,2,4,2026-08-19,3
16182,423,2,4,2026-08-19,3
16183,40279,2,4,2026-08-19,4
16184,11453,2,4,2026-08-19,3
16185,22128,2,4,2026-08-19,3
16186,25912,2,4,2026-08-19,3
16187,45474,2,4,2026-08-19,1
16188,36942,2,4,2026-08-19,4
16189,18146,1,1,2026-08-20,3
16190,33555,1,1,2026-08-20,3
16191,32886,1,1,2026-08-20,3
16192,25765,1,1,2026-08-20,3
16193,7619,1,1,2026-08-20,3
16194,7847,1,1,2026-08-20,6
16195,47973,1,1,2026-08-20,3
16196,38470,1,1,2026-08-20,3
16197,29625,1,1,2026-08-20,1
16198,1145,1,1,2026-08-20,1
16199,12899,1,1,2026-08-20,3
16200,33684,1,1,2026-08-20,3
16201,23776,1,1,2026-08-20,3
16202,27995,1,1,2026-08-20,3
16203,19324,1,1,2026-08-20,3
16204,47115,1,1,2026-08-20,3
16205,40567,1,1,2026-08-20,3
16206,26675,1,1,2026-08-20,3
16207,9218,1,1,2026-08-20,3
16208,5229,1,1,2026-08-20,3
16209,31122,1,1,2026-08-20,3
16210,22876,1,1,2026-08-20,3
16211,30639,1,1,2026-08-20,4
16212,35813,1,1,2026-08-20,3
16213,34013,1,1,2026-08-20,3
16214,11990,1,1,2026-08-20,3
16215,35972,1,1,2026-08-20,3
16216,15730,1,1,2026-08-20,3
16217,28926,1,1,2026-08-20,3
16218,25122,1,1,2026-08-20,3
16219,12453,1,1,2026-08-20,3
16220,38746,1,1,2026-08-20,3
16221,15215,1,1,2026-08-20,3
16222,17334,1,1,2026-08-20,3
16223,4519,1,1,2026-08-20,3
16224,41812,1,1,2026-08-20,3
16225,16119,1,1,2026-08-20,3
16226,28221,1,1,2026-08-20,3
16227,36651,1,1,2026-08-20,3
16228,27553,1,1,2026-08-20,3
16229,7673,1,1,2026-08-20,3
16230,23562,1,1,2026-08-20,3
16231,15422,1,1,2026-08-20,3
16232,3463,1,1,2026-08-20,3
16233,12250,1,1,2026-08-20,3
16234,20518,1,1,2026-08-20,1
16235,36559,1,1,2026-08-20,3
16236,35131,1,1,2026-08-20,3
16237,18317,1,1,2026-08-20,5
16238,24784,1,1,2026-08-20,3
16239,48884,1,1,2026-08-20,3
16240,22381,1,1,2026-08-20,3
16241,34427,1,1,2026-08-20,3
16242,34485,1,1,2026-08-20,4
16243,39787,1,1,2026-08-20,3
16244,6248,1,1,2026-08-20,3
16245,36388,1,1,2026-08-20,3
16246,25094,1,1,2026-08-20,3
16247,20519,1,1,2026-08-20,3
16248,15969,1,1,2026-08-20,1
16249,23313,1,1,2026-08-20,3
16250,36279,1,1,2026-08-20,3
16251,35962,1,1,2026-08-20,1
16252,39909,1,1,2026-08-20,3
16253,34283,1,1,2026-08-20,1
16254,45170,1,1,2026-08-20,3
16255,44622,1,1,2026-08-20,4
16256,47009,1,1,2026-08-20,3
16257,42705,1,1,2026-08-20,3
16258,9852,1,1,2026-08-20,3
16259,11176,1,1,2026-08-20,3
16260,18160,1,1,2026-08-20,3
16261,11854,1,1,2026-08-20,3
16262,36824,1,1,2026-08-20,3
16263,38205,1,1,2026-08-20,3
16264,49285,1,1,2026-08-20,3
16265,7674,1,1,2026-08-20,3
16266,20578,1,1,2026-08-20,3
16267,18943,1,1,2026-08-20,3
16268,23640,1,1,2026-08-20,3
16269,17284,1,1,2026-08-20,1
16270,34434,1,1,2026-08-20,3
16271,49872,1,1,2026-08-20,3
16272,43783,1,1,2026-08-20,3
16273,46059,1,1,2026-08-20,3
16274,7055,1,1,2026-08-20,1
16275,46476,1,1,2026-08-20,4
16276,17434,1,1,2026-08-20,3
16277,10634,1,1,2026-08-20,3
16278,23542,1,1,2026-08-20,3
16279,48379,1,1,2026-08-20,1
16280,12809,1,1,2026-08-20,3
16281,28792,1,1,2026-08-20,3
16282,42369,1,1,2026-08-20,3
16283,4191,1,1,2026-08-20,3
16284,29374,1,1,2026-08-20,4
16285,5016,1,1,2026-08-20,3
16286,42980,1,1,2026-08-20,3
16287,36658,1,1,2026-08-20,3
16288,7864,1,1,2026-08-20,3
16289,26609,1,1,2026-08-20,3
16290,33425,1,1,2026-08-20,3
16291,39796,1,1,2026-08-20,1
16292,36985,1,1,2026-08-20,3
16293,6235,1,1,2026-08-20,3
16294,9940,1,1,2026-08-20,3
16295,28144,1,1,2026-08-20,3
16296,9826,1,1,2026-08-20,3
16297,14406,1,1,2026-08-20,3
16298,26598,1,1,2026-08-20,3
16299,29571,1,1,2026-08-20,3
16300,5596,1,1,2026-08-20,1
16301,2541,1,1,2026-08-20,3
16302,6880,1,1,2026-08-20,3
16303,42240,1,1,2026-08-20,3
16304,36107,1,1,2026-08-20,3
16305,29264,1,1,2026-08-20,5
16306,29586,1,1,2026-08-20,1
16307,47111,1,1,2026-08-20,3
16308,5175,1,1,2026-08-20,3
16309,15486,1,1,2026-08-20,3
16310,42921,1,1,2026-08-20,3
16311,14693,1,1,2026-08-20,3
16312,22154,1,1,2026-08-20,3
16313,34778,1,1,2026-08-20,3
16314,31256,1,1,2026-08-20,4
16315,32089,1,1,2026-08-20,3
16316,217,1,1,2026-08-20,3
16317,35751,1,1,2026-08-20,3
16318,28889,1,1,2026-08-20,4
16319,34090,1,1,2026-08-20,3
16320,18925,1,1,2026-08-20,3
16321,35579,1,1,2026-08-20,3
16322,21864,1,1,2026-08-20,3
16323,37004,1,1,2026-08-20,3
16324,40305,1,1,2026-08-20,3
16325,42029,1,1,2026-08-20,3
16326,28034,1,1,2026-08-20,3
16327,40632,1,1,2026-08-20,3
16328,38822,1,1,2026-08-20,3
16329,25004,1,1,2026-08-20,3
16330,27838,1,1,2026-08-20,4
16331,18679,1,1,2026-08-20,3
16332,13746,1,1,2026-08-20,3
16333,45464,1,1,2026-08-20,4
16334,22088,1,1,2026-08-20,3
16335,20430,1,1,2026-08-20,3
16336,40442,1,1,2026-08-20,3
16337,32534,1,1,2026-08-20,4
16338,15415,1,1,2026-08-20,1
16339,46490,1,1,2026-08-20,5
16340,45321,1,1,2026-08-20,3
16341,22215,1,1,2026-08-20,4
16342,32899,1,1,2026-08-20,3
16343,349,1,1,2026-08-20,3
16344,16559,1,1,2026-08-20,3
16345,28360,1,1,2026-08-20,3
16346,26929,1,1,2026-08-20,3
16347,32973,1,1,2026-08-20,3
16348,47079,1,1,2026-08-20,3
16349,24484,1,1,2026-08-20,3
16350,17901,1,1,2026-08-20,3
16351,37771,1,1,2026-08-20,3
16352,9898,1,1,2026-08-20,3
16353,6560,1,1,2026-08-20,3
16354,28961,1,1,2026-08-20,3
16355,3745,1,1,2026-08-20,3
16356,13450,1,1,2026-08-20,3
16357,43069,1,1,2026-08-20,4
16358,10306,1,1,2026-08-20,1
16359,37501,1,1,2026-08-20,3
16360,42012,1,1,2026-08-20,3
16361,1125,1,1,2026-08-20,3
16362,22501,1,1,2026-08-20,3
16363,47832,1,1,2026-08-20,3
16364,4039,1,1,2026-08-20,3
16365,21873,1,1,2026-08-20,1
16366,17816,1,1,2026-08-20,3
16367,11043,1,1,2026-08-20,4
16368,38775,1,1,2026-08-20,3
16369,5900,1,1,2026-08-20,3
16370,33185,1,1,2026-08-20,3
16371,34693,1,1,2026-08-20,3
16372,2507,1,1,2026-08-20,3
16373,45148,1,1,2026-08-20,4
16374,17476,1,1,2026-08-20,3
16375,38647,1,1,2026-08-20,3
16376,4236,1,1,2026-08-20,3
16377,6482,1,1,2026-08-20,3
16378,46028,1,1,2026-08-20,3
16379,21435,1,1,2026-08-20,3
16380,28476,1,1,2026-08-20,3
16381,29115,1,1,2026-08-20,3
16382,34324,1,1,2026-08-20,3
16383,7695,1,1,2026-08-20,3
16384,32611,1,1,2026-08-20,3
16385,10086,1,1,2026-08-20,1
16386,41786,1,1,2026-08-20,3
16387,14074,1,1,2026-08-20,3
16388,33318,1,1,2026-08-20,3
16389,29479,1,1,2026-08-20,3
16390,4525,1,1,2026-08-20,3
16391,5724,1,1,2026-08-20,4
16392,14767,1,1,2026-08-20,3
16393,13413,1,1,2026-08-20,5
16394,10129,1,1,2026-08-20,3
16395,2002,1,1,2026-08-20,3
16396,21455,1,1,2026-08-20,3
16397,36101,1,1,2026-08-20,3
16398,100,1,1,2026-08-20,3
16399,34154,1,1,2026-08-20,3
16400,45090,1,1,2026-08-20,3
16401,2717,1,1,2026-08-20,3
16402,38301,1,1,2026-08-20,3
16403,19586,1,1,2026-08-20,3
16404,31137,1,1,2026-08-20,3
16405,18007,1,1,2026-08-20,3
16406,9695,1,1,2026-08-20,3
16407,34842,1,1,2026-08-20,3
16408,17050,1,1,2026-08-20,3
16409,45018,1,1,2026-08-20,3
16410,11887,1,1,2026-08-20,3
16411,26987,1,1,2026-08-20,3
16412,21577,1,1,2026-08-20,3
16413,39015,1,1,2026-08-20,3
16414,9399,1,1,2026-08-20,1
16415,36749,1,1,2026-08-20,3
16416,43066,1,1,2026-08-20,3
16417,42991,1,1,2026-08-20,1
16418,7343,1,1,2026-08-20,3
16419,31804,1,1,2026-08-20,4
16420,11829,1,1,2026-08-20,4
16421,37529,1,1,2026-08-20,3
16422,22061,1,1,2026-08-20,3
16423,34019,1,1,2026-08-20,3
16424,27601,1,1,2026-08-20,3
16425,19332,1,1,2026-08-20,3
16426,48354,1,1,2026-08-20,3
16427,39066,1,1,2026-08-20,3
16428,25232,1,1,2026-08-20,3
16429,12146,1,1,2026-08-20,3
16430,41907,1,1,2026-08-20,3
16431,25383,1,1,2026-08-20,3
16432,4957,1,1,2026-08-20,3
16433,28873,1,1,2026-08-20,3
16434,47633,1,1,2026-08-20,3
16435,9438,1,1,2026-08-20,3
16436,28403,1,1,2026-08-20,3
16437,49740,1,1,2026-08-20,3
16438,11398,1,1,2026-08-20,3
16439,3398,1,1,2026-08-20,3
16440,10053,1,1,2026-08-20,3
16441,42522,1,1,2026-08-20,3
16442,26111,1,1,2026-08-20,3
16443,30133,1,1,2026-08-20,3
16444,45502,1,1,2026-08-20,3
16445,41673,1,1,2026-08-20,3
16446,40819,1,1,2026-08-20,3
16447,35654,1,1,2026-08-20,3
16448,6539,1,1,2026-08-20,4
16449,32783,1,1,2026-08-20,3
16450,30228,1,1,2026-08-20,1
16451,11409,1,1,2026-08-20,3
16452,33560,1,1,2026-08-20,3
16453,3351,1,1,2026-08-20,3
16454,26678,1,1,2026-08-20,3
16455,40504,1,1,2026-08-20,3
16456,13257,1,1,2026-08-20,3
16457,11712,1,1,2026-08-20,3
16458,7647,1,1,2026-08-20,3
16459,3335,1,1,2026-08-20,3
16460,4918,1,1,2026-08-20,3
16461,37859,1,1,2026-08-20,3
16462,24943,1,1,2026-08-20,3
16463,48341,1,1,2026-08-20,3
16464,18716,1,1,2026-08-20,3
16465,19719,1,1,2026-08-20,3
16466,38183,1,1,2026-08-20,1
16467,43902,1,1,2026-08-20,4
16468,28890,1,1,2026-08-20,3
16469,46609,1,1,2026-08-20,3
16470,29379,1,1,2026-08-20,3
16471,32237,1,1,2026-08-20,3
16472,12665,1,1,2026-08-20,3
16473,40304,1,1,2026-08-20,3
16474,677,1,1,2026-08-20,3
16475,21161,1,1,2026-08-20,3
16476,31395,1,1,2026-08-20,3
16477,43227,1,1,2026-08-20,4
16478,33225,1,1,2026-08-20,3
16479,17354,1,1,2026-08-20,4
16480,32313,1,1,2026-08-20,3
16481,31176,1,1,2026-08-20,3
16482,7203,1,1,2026-08-20,3
16483,31970,1,1,2026-08-20,1
16484,8080,1,1,2026-08-20,4
16485,21285,1,1,2026-08-20,3
16486,23831,1,1,2026-08-20,3
16487,46243,1,1,2026-08-20,5
16488,22771,1,1,2026-08-20,3
16489,20119,1,1,2026-08-20,3
16490,38,1,1,2026-08-20,3
16491,23428,1,1,2026-08-20,3
16492,19427,1,1,2026-08-20,3
16493,24211,1,1,2026-08-20,3
16494,15857,1,1,2026-08-20,3
16495,41149,1,1,2026-08-20,3
16496,23905,1,1,2026-08-20,3
16497,9757,1,1,2026-08-20,3
16498,525,1,1,2026-08-20,4
16499,21382,1,1,2026-08-20,4
16500,862,1,1,2026-08-20,3
16501,40345,1,1,2026-08-20,3
16502,41531,1,1,2026-08-20,3
16503,49839,1,1,2026-08-20,3
16504,27312,1,1,2026-08-20,3
16505,41416,1,1,2026-08-20,3
16506,32081,1,1,2026-08-20,3
16507,39632,1,1,2026-08-20,3
16508,17153,1,1,2026-08-20,3
16509,43603,1,1,2026-08-20,4
16510,5893,1,1,2026-08-20,5
16511,28820,1,1,2026-08-20,3
16512,38212,1,1,2026-08-20,4
16513,2870,1,1,2026-08-20,3
16514,46418,1,1,2026-08-20,3
16515,11419,1,1,2026-08-20,4
16516,36284,1,1,2026-08-20,3
16517,42784,1,1,2026-08-20,3
16518,14862,1,1,2026-08-20,3
16519,41787,1,1,2026-08-20,3
16520,47544,1,1,2026-08-20,3
16521,21562,1,1,2026-08-20,3
16522,4344,1,1,2026-08-20,3
16523,21506,1,1,2026-08-20,3
16524,8035,1,1,2026-08-20,5
16525,45713,1,1,2026-08-20,3
16526,1585,1,1,2026-08-20,3
16527,33672,1,1,2026-08-20,3
16528,21973,1,1,2026-08-20,3
16529,72,1,1,2026-08-20,3
16530,32601,1,1,2026-08-20,6
16531,29509,1,1,2026-08-20,4
16532,47311,1,1,2026-08-20,3
16533,23096,1,1,2026-08-20,4
16534,37121,1,1,2026-08-20,3
16535,4840,1,1,2026-08-20,3
16536,37542,1,1,2026-08-20,3
16537,15893,1,1,2026-08-20,3
16538,49625,1,1,2026-08-20,3
16539,25514,1,1,2026-08-20,3
16540,23198,1,1,2026-08-20,3
16541,43451,1,1,2026-08-20,1
16542,33906,1,1,2026-08-20,4
16543,14804,1,1,2026-08-20,3
16544,42438,1,1,2026-08-20,1
16545,44726,1,1,2026-08-20,3
16546,30060,1,1,2026-08-20,3
16547,31355,1,1,2026-08-20,4
16548,31654,1,1,2026-08-20,3
16549,6293,1,1,2026-08-20,3
16550,29569,1,1,2026-08-20,3
16551,15484,1,1,2026-08-20,3
16552,34916,1,1,2026-08-20,3
16553,11548,1,1,2026-08-20,3
16554,10651,1,1,2026-08-20,3
16555,17832,1,1,2026-08-20,4
16556,26064,1,1,2026-08-20,3
16557,19548,1,1,2026-08-20,5
16558,36007,1,1,2026-08-20,1
16559,28022,1,1,2026-08-20,3
16560,17869,1,1,2026-08-20,3
16561,26137,1,1,2026-08-20,3
16562,43951,1,1,2026-08-20,3
16563,48745,1,1,2026-08-20,3
16564,35842,1,1,2026-08-20,3
16565,19538,1,1,2026-08-20,1
16566,35253,1,1,2026-08-20,3
16567,12041,1,1,2026-08-20,3
16568,7032,1,1,2026-08-20,3
16569,11150,1,1,2026-08-20,3
16570,34741,1,1,2026-08-20,3
16571,17540,1,1,2026-08-20,3
16572,8469,1,1,2026-08-20,3
16573,35808,1,1,2026-08-20,4
16574,33757,1,1,2026-08-20,3
16575,26245,1,1,2026-08-20,3
16576,4138,1,1,2026-08-20,1
16577,37427,1,1,2026-08-20,4
16578,45292,1,1,2026-08-20,3
16579,45619,1,1,2026-08-20,5
16580,32822,1,1,2026-08-20,1
16581,8264,1,1,2026-08-20,3
16582,43464,1,1,2026-08-20,3
16583,48243,1,1,2026-08-20,4
16584,6760,1,1,2026-08-20,3
16585,43947,1,1,2026-08-20,3
16586,28625,1,1,2026-08-20,3
16587,15187,1,1,2026-08-20,3
16588,14043,1,1,2026-08-20,3
16589,39116,1,1,2026-08-20,3
16590,39908,1,1,2026-08-20,3
16591,30472,1,1,2026-08-20,3
16592,25464,1,1,2026-08-20,3
16593,39859,1,1,2026-08-20,3
16594,9485,1,1,2026-08-20,3
16595,21970,1,1,2026-08-20,3
16596,5791,1,1,2026-08-20,3
16597,40166,1,1,2026-08-20,3
16598,35797,1,1,2026-08-20,3
16599,34982,1,1,2026-08-20,3
16600,35017,1,1,2026-08-20,3
16601,19994,1,1,2026-08-20,3
16602,20769,1,1,2026-08-20,3
16603,46624,1,1,2026-08-20,3
16604,1521,1,1,2026-08-20,3
16605,36837,1,1,2026-08-20,3
16606,46184,1,1,2026-08-20,4
16607,34212,1,1,2026-08-20,4
16608,33794,1,1,2026-08-20,5
16609,12531,1,1,2026-08-20,3
16610,47053,1,1,2026-08-20,3
16611,24846,1,1,2026-08-20,3
16612,32635,1,1,2026-08-20,3
16613,18430,1,1,2026-08-20,3
16614,18474,1,1,2026-08-20,3
16615,33955,1,1,2026-08-20,3
16616,33986,1,1,2026-08-20,1
16617,17946,1,1,2026-08-20,3
16618,39950,1,1,2026-08-20,3
16619,11380,1,1,2026-08-20,3
16620,46844,1,1,2026-08-20,3
16621,9994,1,1,2026-08-20,3
16622,5956,1,1,2026-08-20,3
16623,47908,1,1,2026-08-20,3
16624,11154,1,1,2026-08-20,3
16625,3487,1,1,2026-08-20,3
16626,40952,1,1,2026-08-20,3
16627,40688,1,1,2026-08-20,3
16628,7136,1,1,2026-08-20,3
16629,10290,1,1,2026-08-20,3
16630,12747,1,1,2026-08-20,3
16631,34354,1,1,2026-08-20,3
16632,14940,1,1,2026-08-20,4
16633,3736,1,1,2026-08-20,3
16634,9308,1,1,2026-08-20,3
16635,19820,1,1,2026-08-20,4
16636,32689,1,1,2026-08-20,4
16637,7424,1,1,2026-08-20,3
16638,31073,1,1,2026-08-20,3
16639,20122,1,1,2026-08-20,3
16640,38246,1,1,2026-08-20,3
16641,7076,1,1,2026-08-20,3
16642,27632,1,1,2026-08-20,3
16643,42533,1,1,2026-08-20,3
16644,17171,1,1,2026-08-20,3
16645,12760,1,1,2026-08-20,3
16646,44451,1,1,2026-08-20,3
16647,25476,1,1,2026-08-20,3
16648,23694,1,1,2026-08-20,3
16649,31075,1,1,2026-08-20,4
16650,27581,1,1,2026-08-20,3
16651,26356,1,1,2026-08-20,1
16652,46853,1,1,2026-08-20,1
16653,19077,1,1,2026-08-20,3
16654,28683,1,1,2026-08-20,3
16655,37209,1,1,2026-08-20,3
16656,38714,1,1,2026-08-20,3
16657,40671,1,1,2026-08-20,3
16658,42782,1,1,2026-08-20,3
16659,40820,1,1,2026-08-20,3
16660,31282,1,1,2026-08-20,3
16661,14344,1,1,2026-08-20,3
16662,18389,1,1,2026-08-20,3
16663,21999,1,1,2026-08-20,3
16664,36310,1,1,2026-08-20,5
16665,38582,1,1,2026-08-20,3
16666,15044,1,1,2026-08-20,3
16667,34207,1,1,2026-08-20,3
16668,32118,1,1,2026-08-20,3
16669,44931,1,1,2026-08-20,1
16670,14700,1,1,2026-08-20,3
16671,5808,1,1,2026-08-20,3
16672,26729,1,1,2026-08-20,3
16673,7040,1,1,2026-08-20,4
16674,49858,1,1,2026-08-20,3
16675,31472,1,1,2026-08-20,3
16676,5043,1,1,2026-08-20,4
16677,35899,1,1,2026-08-20,3
16678,35582,1,1,2026-08-20,4
16679,15012,1,1,2026-08-20,4
16680,21430,1,1,2026-08-20,3
16681,14676,1,1,2026-08-20,3
16682,29859,1,1,2026-08-20,3
16683,21584,1,1,2026-08-20,3
16684,44722,1,1,2026-08-20,3
16685,1854,1,1,2026-08-20,3
16686,31829,1,1,2026-08-20,1
16687,4355,1,1,2026-08-20,3
16688,18295,1,1,2026-08-20,3
16689,22361,1,1,2026-08-20,3
16690,2391,1,1,2026-08-20,5
16691,18284,1,1,2026-08-20,3
16692,32025,1,1,2026-08-20,3
16693,36354,1,1,2026-08-20,3
16694,21646,1,1,2026-08-20,3
16695,18292,1,1,2026-08-20,3
16696,32404,1,1,2026-08-20,4
16697,35237,1,1,2026-08-20,3
16698,36652,1,1,2026-08-20,3
16699,41240,1,1,2026-08-20,3
16700,10150,1,1,2026-08-20,3
16701,6693,1,1,2026-08-20,3
16702,24594,1,1,2026-08-20,3
16703,1996,1,1,2026-08-20,3
16704,35504,1,1,2026-08-20,4
16705,46094,1,1,2026-08-20,3
16706,47039,1,1,2026-08-20,3
16707,32819,1,1,2026-08-20,3
16708,41339,1,1,2026-08-20,3
16709,46444,1,1,2026-08-20,3
16710,26630,1,1,2026-08-20,3
16711,35705,1,1,2026-08-20,3
16712,5559,1,1,2026-08-20,4
16713,458,1,1,2026-08-20,3
16714,38139,1,1,2026-08-20,3
16715,29316,1,1,2026-08-20,5
16716,5243,1,1,2026-08-20,3
16717,2804,1,1,2026-08-20,3
16718,1350,1,1,2026-08-20,3
16719,3390,1,1,2026-08-20,4
16720,30687,1,1,2026-08-20,3
16721,33579,1,1,2026-08-20,3
16722,17492,1,1,2026-08-20,3
16723,49547,1,1,2026-08-20,3
16724,43281,1,1,2026-08-20,3
16725,25257,1,1,2026-08-20,3
16726,24419,1,1,2026-08-20,3
16727,8963,1,1,2026-08-20,3
16728,16013,1,1,2026-08-20,3
16729,2975,1,1,2026-08-20,3
16730,23246,1,1,2026-08-20,4
16731,46493,1,1,2026-08-20,3
16732,43437,1,1,2026-08-20,3
16733,28677,1,1,2026-08-20,1
16734,10412,1,1,2026-08-20,4
16735,2396,1,1,2026-08-20,3
16736,35390,1,1,2026-08-20,4
16737,33307,1,1,2026-08-20,3
16738,12662,1,1,2026-08-20,3
16739,19926,1,1,2026-08-20,3
16740,23030,1,1,2026-08-20,3
16741,34710,1,1,2026-08-20,3
16742,272,1,1,2026-08-20,3
16743,6160,1,1,2026-08-20,3
16744,3495,1,1,2026-08-20,3
16745,44141,1,1,2026-08-20,3
16746,5377,1,1,2026-08-20,3
16747,31825,1,1,2026-08-20,5
16748,31044,1,1,2026-08-20,3
16749,38788,1,1,2026-08-20,3
16750,6203,1,1,2026-08-20,3
16751,19770,1,1,2026-08-20,1
16752,38181,1,1,2026-08-20,4
16753,37414,1,1,2026-08-20,3
16754,49747,1,1,2026-08-20,3
16755,46196,1,1,2026-08-20,3
16756,23064,1,1,2026-08-20,3
16757,30503,1,1,2026-08-20,3
16758,37594,1,1,2026-08-20,4
16759,33276,1,1,2026-08-20,3
16760,25963,1,1,2026-08-20,3
16761,45256,1,1,2026-08-20,3
16762,27785,1,1,2026-08-20,3
16763,12100,1,1,2026-08-20,3
16764,11967,1,1,2026-08-20,3
16765,19900,1,1,2026-08-20,3
16766,20970,1,1,2026-08-20,3
16767,45082,1,1,2026-08-20,3
16768,6546,1,1,2026-08-20,3
16769,38884,1,1,2026-08-20,3
16770,42274,1,1,2026-08-20,3
16771,10857,1,1,2026-08-20,3
16772,1075,1,1,2026-08-20,1
16773,29769,1,1,2026-08-20,3
16774,40396,1,1,2026-08-20,3
16775,44595,1,1,2026-08-20,3
16776,22952,1,1,2026-08-20,3
16777,17166,1,1,2026-08-20,1
16778,46367,1,1,2026-08-20,3
16779,44106,1,1,2026-08-20,3
16780,43270,1,1,2026-08-20,3
16781,8064,1,1,2026-08-20,3
16782,29481,1,1,2026-08-20,4
16783,35433,1,1,2026-08-20,1
16784,49021,1,1,2026-08-20,3
16785,10665,1,1,2026-08-20,3
16786,41622,1,1,2026-08-20,3
16787,29262,1,1,2026-08-20,3
16788,17326,1,1,2026-08-20,3
16789,12349,1,1,2026-08-20,3
16790,248,1,1,2026-08-20,3
16791,31364,1,1,2026-08-20,3
16792,4002,1,1,2026-08-20,1
16793,41276,1,1,2026-08-20,3
16794,13264,1,1,2026-08-20,3
16795,28940,1,1,2026-08-20,3
16796,8418,1,1,2026-08-20,3
16797,38053,1,1,2026-08-20,3
16798,24816,1,1,2026-08-20,3
16799,7102,1,1,2026-08-20,3
16800,1514,1,1,2026-08-20,3
16801,30285,1,1,2026-08-20,3
16802,17360,1,1,2026-08-20,4
16803,43132,1,1,2026-08-20,1
16804,39503,1,1,2026-08-20,3
16805,25973,1,1,2026-08-20,3
16806,33611,1,1,2026-08-20,3
16807,20295,1,1,2026-08-20,3
16808,13171,1,1,2026-08-20,6
16809,24547,1,1,2026-08-20,3
16810,28510,1,1,2026-08-20,3
16811,29037,1,1,2026-08-20,3
16812,37807,1,1,2026-08-20,3
16813,18692,1,1,2026-08-20,3
16814,2720,3,1,2026-08-20,2
16815,1119,3,1,2026-08-20,3
16816,48668,3,1,2026-08-20,1
16817,17866,3,1,2026-08-20,3
16818,29720,3,1,2026-08-20,3
16819,34275,3,1,2026-08-20,3
16820,28854,3,1,2026-08-20,3
16821,41552,3,1,2026-08-20,2
16822,33657,3,1,2026-08-20,3
16823,14220,3,1,2026-08-20,3
16824,47888,3,1,2026-08-20,2
16825,12032,3,1,2026-08-20,4
16826,503,3,1,2026-08-20,1
16827,10147,3,1,2026-08-20,2
16828,47291,3,1,2026-08-20,4
16829,34432,3,1,2026-08-20,2
16830,30930,3,1,2026-08-20,2
16831,2780,3,1,2026-08-20,3
16832,30931,3,1,2026-08-20,1
16833,49191,3,1,2026-08-20,2
16834,38693,3,1,2026-08-20,2
16835,23733,3,1,2026-08-20,2
16836,31749,3,1,2026-08-20,3
16837,42433,3,1,2026-08-20,1
16838,39331,3,1,2026-08-20,2
16839,36008,3,1,2026-08-20,1
16840,2867,3,1,2026-08-20,3
16841,20893,3,1,2026-08-20,3
16842,18187,3,1,2026-08-20,2
16843,21472,3,1,2026-08-20,3
16844,38691,3,1,2026-08-20,3
16845,18580,3,1,2026-08-20,4
16846,47083,3,1,2026-08-20,3
16847,44564,3,1,2026-08-20,3
16848,14551,3,1,2026-08-20,4
16849,1322,3,1,2026-08-20,2
16850,28175,3,1,2026-08-20,3
16851,9476,3,1,2026-08-20,3
16852,11644,3,1,2026-08-20,2
16853,45173,3,1,2026-08-20,3
16854,43045,3,1,2026-08-20,3
16855,6988,3,1,2026-08-20,2
16856,38819,3,1,2026-08-20,1
16857,1709,3,1,2026-08-20,3
16858,23874,3,1,2026-08-20,2
16859,15083,3,1,2026-08-20,4
16860,1465,3,1,2026-08-20,1
16861,19494,3,1,2026-08-20,2
16862,36613,3,1,2026-08-20,1
16863,34961,3,1,2026-08-20,3
16864,37706,3,1,2026-08-20,3
16865,8263,3,1,2026-08-20,3
16866,34825,3,1,2026-08-20,3
16867,49629,3,1,2026-08-20,2
16868,12975,3,1,2026-08-20,2
16869,8063,3,1,2026-08-20,2
16870,26357,3,1,2026-08-20,3
16871,27130,3,1,2026-08-20,1
16872,33630,3,1,2026-08-20,4
16873,2024,3,1,2026-08-20,3
16874,30283,3,1,2026-08-20,1
16875,17396,3,1,2026-08-20,3
16876,29059,3,1,2026-08-20,3
16877,6608,3,1,2026-08-20,5
16878,24347,3,1,2026-08-20,2
16879,18803,3,1,2026-08-20,3
16880,15363,3,1,2026-08-20,3
16881,3641,3,1,2026-08-20,3
16882,9876,3,1,2026-08-20,4
16883,46195,3,1,2026-08-20,5
16884,24607,3,1,2026-08-20,3
16885,23835,3,1,2026-08-20,2
16886,24493,3,1,2026-08-20,3
16887,13462,3,1,2026-08-20,3
16888,41080,3,1,2026-08-20,4
16889,2713,3,1,2026-08-20,2
16890,38677,3,1,2026-08-20,3
16891,43001,3,1,2026-08-20,3
16892,6769,3,1,2026-08-20,3
16893,34389,3,1,2026-08-20,3
16894,10970,3,1,2026-08-20,2
16895,10655,3,1,2026-08-20,3
16896,578,3,1,2026-08-20,3
16897,20500,3,1,2026-08-20,2
16898,31945,3,1,2026-08-20,3
16899,7381,3,1,2026-08-20,3
16900,6465,3,1,2026-08-20,1
16901,18,3,1,2026-08-20,1
16902,20497,3,1,2026-08-20,3
16903,25859,3,1,2026-08-20,1
16904,22075,3,1,2026-08-20,3
16905,29234,3,1,2026-08-20,1
16906,47823,3,1,2026-08-20,3
16907,18813,3,1,2026-08-20,3
16908,29259,3,1,2026-08-20,1
16909,27487,3,1,2026-08-20,2
16910,34630,3,1,2026-08-20,1
16911,26426,3,1,2026-08-20,2
16912,48115,3,1,2026-08-20,2
16913,29889,3,1,2026-08-20,3
16914,29380,3,1,2026-08-20,3
16915,41521,3,1,2026-08-20,2
16916,28627,3,1,2026-08-20,1
16917,43495,3,1,2026-08-20,3
16918,48037,3,1,2026-08-20,3
16919,11825,3,1,2026-08-20,3
16920,45635,3,1,2026-08-20,3
16921,2859,3,1,2026-08-20,3
16922,14806,3,1,2026-08-20,2
16923,6292,3,1,2026-08-20,2
16924,8008,3,1,2026-08-20,2
16925,9696,3,1,2026-08-20,2
16926,3055,3,1,2026-08-20,3
16927,16807,3,1,2026-08-20,1
16928,45296,3,1,2026-08-20,3
16929,21048,3,1,2026-08-20,2
16930,38595,3,1,2026-08-20,3
16931,47708,3,1,2026-08-20,3
16932,39719,3,1,2026-08-20,1
16933,11329,3,1,2026-08-20,3
16934,24089,3,1,2026-08-20,3
16935,11457,3,1,2026-08-20,6
16936,26834,3,1,2026-08-20,3
16937,48676,3,1,2026-08-20,6
16938,4508,3,1,2026-08-20,3
16939,32034,3,1,2026-08-20,3
16940,34587,3,1,2026-08-20,3
16941,18309,3,1,2026-08-20,2
16942,21342,3,1,2026-08-20,3
16943,11583,3,1,2026-08-20,3
16944,18032,3,1,2026-08-20,5
16945,40798,3,1,2026-08-20,3
16946,7536,3,1,2026-08-20,3
16947,39476,3,1,2026-08-20,1
16948,23929,3,1,2026-08-20,2
16949,8892,3,1,2026-08-20,2
16950,519,3,1,2026-08-20,3
16951,45440,3,1,2026-08-20,1
16952,33635,3,1,2026-08-20,2
16953,37166,3,1,2026-08-20,2
16954,26234,3,1,2026-08-20,2
16955,27712,3,1,2026-08-20,1
16956,37974,3,1,2026-08-20,3
16957,17910,3,1,2026-08-20,3
16958,29980,3,1,2026-08-20,3
16959,19177,3,1,2026-08-20,3
16960,33681,3,1,2026-08-20,4
16961,41595,3,1,2026-08-20,3
16962,8167,3,1,2026-08-20,3
16963,44868,3,1,2026-08-20,1
16964,47820,3,1,2026-08-20,2
16965,30618,3,1,2026-08-20,2
16966,37919,3,1,2026-08-20,3
16967,13605,3,1,2026-08-20,2
16968,31310,3,1,2026-08-20,1
16969,41579,3,1,2026-08-20,3
16970,43311,3,1,2026-08-20,1
16971,39809,3,1,2026-08-20,3
16972,8476,3,1,2026-08-20,3
16973,31938,3,1,2026-08-20,3
16974,42184,3,1,2026-08-20,4
16975,19338,3,1,2026-08-20,3
16976,16658,3,1,2026-08-20,3
16977,10260,3,1,2026-08-20,3
16978,24641,3,1,2026-08-20,3
16979,22627,3,1,2026-08-20,1
16980,46200,3,1,2026-08-20,3
16981,20801,3,1,2026-08-20,1
16982,36483,3,1,2026-08-20,3
16983,12846,3,1,2026-08-20,3
16984,3467,3,1,2026-08-20,3
16985,32358,3,1,2026-08-20,3
16986,24144,3,1,2026-08-20,3
16987,18450,3,1,2026-08-20,2
16988,14930,3,1,2026-08-20,3
16989,8635,3,1,2026-08-20,2
16990,12302,3,1,2026-08-20,4
16991,5134,3,1,2026-08-20,3
16992,12589,3,1,2026-08-20,3
16993,4052,3,1,2026-08-20,3
16994,18572,3,1,2026-08-20,3
16995,36428,3,1,2026-08-20,3
16996,27985,3,1,2026-08-20,1
16997,25479,3,1,2026-08-20,4
16998,14941,3,1,2026-08-20,3
16999,32012,3,1,2026-08-20,3
17000,15702,3,1,2026-08-20,6
17001,538,3,1,2026-08-20,1
17002,9864,3,1,2026-08-20,1
17003,16089,3,1,2026-08-20,2
17004,22019,3,1,2026-08-20,3
17005,8479,3,1,2026-08-20,1
17006,18462,3,1,2026-08-20,1
17007,47163,3,1,2026-08-20,3
17008,44715,3,1,2026-08-20,2
17009,12921,3,1,2026-08-20,1
17010,36066,3,1,2026-08-20,3
17011,7679,3,1,2026-08-20,3
17012,6686,3,1,2026-08-20,3
17013,41493,3,1,2026-08-20,2
17014,36863,3,1,2026-08-20,3
17015,44723,3,1,2026-08-20,1
17016,32294,3,1,2026-08-20,3
17017,18754,3,1,2026-08-20,2
17018,5057,3,1,2026-08-20,2
17019,43039,3,1,2026-08-20,3
17020,25364,3,1,2026-08-20,3
17021,19979,3,1,2026-08-20,1
17022,30864,3,1,2026-08-20,3
17023,28341,3,1,2026-08-20,2
17024,49892,3,1,2026-08-20,1
17025,15471,3,1,2026-08-20,3
17026,29063,3,1,2026-08-20,1
17027,38537,3,1,2026-08-20,3
17028,17023,3,1,2026-08-20,2
17029,24059,3,1,2026-08-20,3
17030,7590,3,1,2026-08-20,2
17031,37605,3,1,2026-08-20,3
17032,9748,3,1,2026-08-20,2
17033,245,3,1,2026-08-20,4
17034,4371,3,1,2026-08-20,3
17035,32205,3,1,2026-08-20,3
17036,45058,3,1,2026-08-20,3
17037,26430,3,1,2026-08-20,2
17038,10168,3,1,2026-08-20,3
17039,20583,3,1,2026-08-20,2
17040,34683,3,1,2026-08-20,1
17041,4713,3,1,2026-08-20,1
17042,32109,3,1,2026-08-20,3
17043,12181,3,1,2026-08-20,1
17044,6208,3,1,2026-08-20,4
17045,32079,3,1,2026-08-20,4
17046,14663,3,1,2026-08-20,3
17047,47623,3,1,2026-08-20,1
17048,37923,3,1,2026-08-20,3
17049,42085,3,1,2026-08-20,1
17050,43590,3,1,2026-08-20,2
17051,7023,3,1,2026-08-20,3
17052,702,3,1,2026-08-20,4
17053,42282,3,1,2026-08-20,2
17054,29222,3,1,2026-08-20,3
17055,25622,3,1,2026-08-20,1
17056,48170,3,1,2026-08-20,3
17057,32122,3,1,2026-08-20,1
17058,45776,3,1,2026-08-20,2
17059,31072,3,1,2026-08-20,1
17060,11552,3,1,2026-08-20,2
17061,20756,3,1,2026-08-20,4
17062,11065,3,1,2026-08-20,2
17063,17623,3,1,2026-08-20,5
17064,43828,3,1,2026-08-20,4
17065,33406,3,1,2026-08-20,3
17066,5219,3,1,2026-08-20,1
17067,7945,3,1,2026-08-20,2
17068,28335,3,1,2026-08-20,1
17069,17255,3,1,2026-08-20,3
17070,29161,3,1,2026-08-20,2
17071,32387,3,1,2026-08-20,1
17072,17337,3,1,2026-08-20,1
17073,23173,3,1,2026-08-20,1
17074,4636,3,1,2026-08-20,3
17075,12430,3,1,2026-08-20,2
17076,29831,3,1,2026-08-20,4
17077,45147,3,1,2026-08-20,1
17078,28064,3,1,2026-08-20,3
17079,13418,3,1,2026-08-20,1
17080,42250,3,1,2026-08-20,2
17081,31766,3,1,2026-08-20,3
17082,29050,3,1,2026-08-20,2
17083,35226,3,1,2026-08-20,1
17084,18024,3,1,2026-08-20,2
17085,10620,3,1,2026-08-20,2
17086,11909,3,1,2026-08-20,1
17087,46138,3,1,2026-08-20,1
17088,30314,3,1,2026-08-20,3
17089,30879,3,1,2026-08-20,3
17090,17628,3,1,2026-08-20,2
17091,23496,3,1,2026-08-20,2
17092,5817,3,1,2026-08-20,3
17093,11707,3,1,2026-08-20,1
17094,4793,3,1,2026-08-20,1
17095,47336,3,1,2026-08-20,1
17096,17614,3,1,2026-08-20,1
17097,37149,3,1,2026-08-20,2
17098,23953,3,1,2026-08-20,3
17099,20004,3,1,2026-08-20,3
17100,38092,3,1,2026-08-20,1
17101,49029,3,1,2026-08-20,2
17102,45217,3,1,2026-08-20,3
17103,6099,3,1,2026-08-20,2
17104,30062,3,1,2026-08-20,3
17105,19325,3,1,2026-08-20,3
17106,8444,3,1,2026-08-20,3
17107,3073,3,1,2026-08-20,2
17108,43198,3,1,2026-08-20,2
17109,11492,3,1,2026-08-20,3
17110,35700,3,1,2026-08-20,2
17111,13383,3,1,2026-08-20,3
17112,36218,3,1,2026-08-20,3
17113,31038,3,1,2026-08-20,3
17114,12185,3,1,2026-08-20,3
17115,40895,3,1,2026-08-20,3
17116,12261,3,1,2026-08-20,3
17117,35888,3,1,2026-08-20,3
17118,23580,3,1,2026-08-20,1
17119,32401,3,1,2026-08-20,3
17120,48770,3,1,2026-08-20,2
17121,38110,3,1,2026-08-20,3
17122,14318,3,1,2026-08-20,1
17123,359,3,1,2026-08-20,2
17124,29187,3,1,2026-08-20,4
17125,46892,3,1,2026-08-20,3
17126,21757,3,1,2026-08-20,4
17127,3094,3,2,2026-08-20,1
17128,5797,3,2,2026-08-20,3
17129,7186,3,2,2026-08-20,1
17130,10696,3,2,2026-08-20,3
17131,38610,3,2,2026-08-20,3
17132,47063,3,2,2026-08-20,3
17133,8959,3,2,2026-08-20,1
17134,24510,3,2,2026-08-20,2
17135,41551,3,2,2026-08-20,3
17136,38546,3,2,2026-08-20,1
17137,14783,3,2,2026-08-20,2
17138,43410,3,2,2026-08-20,3
17139,43078,3,2,2026-08-20,2
17140,44887,3,2,2026-08-20,1
17141,38175,3,2,2026-08-20,3
17142,34748,3,2,2026-08-20,2
17143,23653,3,2,2026-08-20,3
17144,15661,3,2,2026-08-20,1
17145,12986,3,2,2026-08-20,3
17146,24029,3,2,2026-08-20,3
17147,19212,3,2,2026-08-20,3
17148,29402,3,2,2026-08-20,1
17149,30644,3,2,2026-08-20,3
17150,6996,3,2,2026-08-20,1
17151,17787,3,2,2026-08-20,2
17152,34808,3,2,2026-08-20,2
17153,14514,3,2,2026-08-20,3
17154,3177,3,2,2026-08-20,2
17155,49689,3,2,2026-08-20,4
17156,43180,3,2,2026-08-20,2
17157,21971,3,2,2026-08-20,2
17158,32381,3,2,2026-08-20,3
17159,7622,3,2,2026-08-20,3
17160,44786,3,2,2026-08-20,3
17161,15903,3,2,2026-08-20,1
17162,25910,3,2,2026-08-20,2
17163,18796,3,2,2026-08-20,3
17164,48789,3,2,2026-08-20,3
17165,26164,3,2,2026-08-20,5
17166,10369,3,2,2026-08-20,2
17167,27802,3,2,2026-08-20,1
17168,28130,3,2,2026-08-20,2
17169,29047,3,2,2026-08-20,3
17170,39660,3,2,2026-08-20,3
17171,536,3,2,2026-08-20,3
17172,20807,3,2,2026-08-20,3
17173,37495,3,2,2026-08-20,1
17174,21107,3,2,2026-08-20,2
17175,18800,3,2,2026-08-20,2
17176,47461,3,2,2026-08-20,2
17177,41971,3,2,2026-08-20,3
17178,45064,3,2,2026-08-20,3
17179,2278,3,2,2026-08-20,2
17180,37425,3,2,2026-08-20,2
17181,41906,3,2,2026-08-20,2
17182,45006,3,2,2026-08-20,2
17183,1841,3,2,2026-08-20,2
17184,26321,3,2,2026-08-20,3
17185,2697,3,2,2026-08-20,2
17186,23338,3,2,2026-08-20,1
17187,9216,3,2,2026-08-20,3
17188,22584,3,2,2026-08-20,4
17189,27177,3,2,2026-08-20,2
17190,31601,2,1,2026-08-20,1
17191,43444,2,1,2026-08-20,5
17192,3162,2,1,2026-08-20,3
17193,8941,2,1,2026-08-20,3
17194,11830,2,1,2026-08-20,3
17195,5621,2,1,2026-08-20,4
17196,33375,2,1,2026-08-20,1
17197,6656,2,1,2026-08-20,3
17198,21747,2,1,2026-08-20,3
17199,25174,2,1,2026-08-20,3
17200,10100,2,1,2026-08-20,3
17201,48964,2,1,2026-08-20,4
17202,44697,2,1,2026-08-20,3
17203,49014,2,1,2026-08-20,3
17204,5500,2,1,2026-08-20,2
17205,36349,2,1,2026-08-20,3
17206,34203,2,1,2026-08-20,4
17207,33311,2,1,2026-08-20,3
17208,32194,2,1,2026-08-20,4
17209,10469,2,1,2026-08-20,4
17210,3147,2,1,2026-08-20,3
17211,29496,2,1,2026-08-20,4
17212,47872,2,1,2026-08-20,3
17213,39793,2,1,2026-08-20,1
17214,22226,2,1,2026-08-20,3
17215,43277,2,1,2026-08-20,1
17216,11789,2,1,2026-08-20,3
17217,20061,2,1,2026-08-20,3
17218,25807,2,1,2026-08-20,3
17219,345,2,1,2026-08-20,4
17220,37801,2,1,2026-08-20,3
17221,2339,2,1,2026-08-20,3
17222,30097,2,1,2026-08-20,4
17223,14608,2,1,2026-08-20,4
17224,38522,2,1,2026-08-20,3
17225,37596,2,1,2026-08-20,3
17226,48309,2,1,2026-08-20,3
17227,48416,2,1,2026-08-20,3
17228,48568,2,1,2026-08-20,2
17229,43829,2,1,2026-08-20,3
17230,28393,2,1,2026-08-20,4
17231,49203,2,1,2026-08-20,3
17232,40065,2,1,2026-08-20,4
17233,21726,2,1,2026-08-20,1
17234,30853,2,1,2026-08-20,4
17235,12070,2,1,2026-08-20,3
17236,8017,2,1,2026-08-20,1
17237,46182,2,1,2026-08-20,3
17238,281,2,1,2026-08-20,4
17239,28604,2,1,2026-08-20,3
17240,22739,2,1,2026-08-20,3
17241,33580,2,1,2026-08-20,5
17242,26856,2,1,2026-08-20,1
17243,19181,2,1,2026-08-20,3
17244,24398,2,1,2026-08-20,3
17245,22387,2,1,2026-08-20,4
17246,36078,2,1,2026-08-20,3
17247,12545,2,1,2026-08-20,3
17248,49759,2,1,2026-08-20,4
17249,24242,2,1,2026-08-20,3
17250,40365,2,1,2026-08-20,3
17251,45154,2,1,2026-08-20,1
17252,14140,2,1,2026-08-20,3
17253,45915,2,1,2026-08-20,3
17254,43810,2,1,2026-08-20,4
17255,4459,2,1,2026-08-20,4
17256,9554,2,1,2026-08-20,3
17257,14764,2,1,2026-08-20,4
17258,39993,2,1,2026-08-20,3
17259,23756,2,1,2026-08-20,1
17260,30525,2,1,2026-08-20,4
17261,39941,2,1,2026-08-20,4
17262,37567,2,1,2026-08-20,1
17263,25832,2,1,2026-08-20,1
17264,1403,2,1,2026-08-20,3
17265,29876,2,1,2026-08-20,3
17266,20086,2,1,2026-08-20,3
17267,26734,2,1,2026-08-20,2
17268,33404,2,1,2026-08-20,4
17269,37390,2,1,2026-08-20,3
17270,14717,2,1,2026-08-20,4
17271,17576,2,1,2026-08-20,4
17272,37626,2,1,2026-08-20,4
17273,45985,2,1,2026-08-20,4
17274,8903,2,1,2026-08-20,3
17275,8314,2,1,2026-08-20,1
17276,33607,2,1,2026-08-20,2
17277,44566,2,1,2026-08-20,1
17278,21942,2,1,2026-08-20,3
17279,22116,2,1,2026-08-20,1
17280,4119,2,1,2026-08-20,4
17281,26261,2,1,2026-08-20,3
17282,1357,2,1,2026-08-20,4
17283,46735,2,1,2026-08-20,3
17284,12067,2,1,2026-08-20,3
17285,20223,2,1,2026-08-20,3
17286,44650,2,1,2026-08-20,3
17287,14531,2,1,2026-08-20,4
17288,7278,2,1,2026-08-20,1
17289,25762,2,1,2026-08-20,4
17290,28791,2,1,2026-08-20,4
17291,2650,2,1,2026-08-20,4
17292,21517,2,1,2026-08-20,1
17293,5447,2,1,2026-08-20,1
17294,10314,2,1,2026-08-20,4
17295,41753,2,1,2026-08-20,4
17296,6724,2,1,2026-08-20,4
17297,40368,2,1,2026-08-20,3
17298,23925,2,1,2026-08-20,4
17299,21997,2,1,2026-08-20,3
17300,15897,2,1,2026-08-20,3
17301,8636,2,1,2026-08-20,4
17302,10849,2,1,2026-08-20,4
17303,21932,2,1,2026-08-20,4
17304,8312,2,1,2026-08-20,1
17305,40595,2,1,2026-08-20,4
17306,41902,2,1,2026-08-20,3
17307,2993,2,1,2026-08-20,4
17308,33435,2,1,2026-08-20,4
17309,13086,2,1,2026-08-20,4
17310,3440,2,1,2026-08-20,4
17311,31457,2,1,2026-08-20,3
17312,21521,2,1,2026-08-20,1
17313,18746,2,1,2026-08-20,3
17314,14364,2,1,2026-08-20,3
17315,35112,2,2,2026-08-20,4
17316,10778,2,2,2026-08-20,3
17317,39324,2,2,2026-08-20,3
17318,30496,2,2,2026-08-20,4
17319,27037,2,2,2026-08-20,3
17320,40248,2,2,2026-08-20,4
17321,42816,2,2,2026-08-20,3
17322,33533,2,2,2026-08-20,3
17323,44426,2,2,2026-08-20,5
17324,12751,2,2,2026-08-20,3
17325,49949,2,2,2026-08-20,4
17326,44652,2,2,2026-08-20,3
17327,7643,2,2,2026-08-20,4
17328,16774,2,2,2026-08-20,3
17329,25424,2,2,2026-08-20,3
17330,23149,2,2,2026-08-20,4
17331,9727,2,2,2026-08-20,3
17332,9960,2,2,2026-08-20,4
17333,30191,2,2,2026-08-20,4
17334,20249,2,2,2026-08-20,1
17335,21025,2,2,2026-08-20,4
17336,15223,2,2,2026-08-20,3
17337,380,2,2,2026-08-20,3
17338,5599,2,2,2026-08-20,4
17339,38028,2,2,2026-08-20,3
17340,36676,2,2,2026-08-20,3
17341,41623,2,2,2026-08-20,3
17342,6894,2,2,2026-08-20,4
17343,11102,2,2,2026-08-20,4
17344,43118,2,2,2026-08-20,3
17345,37357,2,2,2026-08-20,4
17346,769,2,2,2026-08-20,4
17347,6459,2,2,2026-08-20,3
17348,23154,2,2,2026-08-20,3
17349,15798,2,2,2026-08-20,4
17350,24543,2,2,2026-08-20,3
17351,30125,2,2,2026-08-20,3
17352,20390,2,2,2026-08-20,4
17353,31442,2,2,2026-08-20,3
17354,44094,2,2,2026-08-20,4
17355,26186,2,2,2026-08-20,4
17356,44836,2,2,2026-08-20,1
17357,26898,2,2,2026-08-20,4
17358,10714,2,2,2026-08-20,4
17359,26569,2,2,2026-08-20,4
17360,29734,2,2,2026-08-20,4
17361,37249,2,2,2026-08-20,3
17362,12167,2,2,2026-08-20,3
17363,35725,2,2,2026-08-20,4
17364,33723,2,2,2026-08-20,4
17365,36015,2,4,2026-08-20,2
17366,25390,2,4,2026-08-20,2
17367,11942,2,4,2026-08-20,4
17368,8325,2,4,2026-08-20,3
17369,31835,2,4,2026-08-20,4
17370,35058,2,4,2026-08-20,4
17371,37237,2,4,2026-08-20,2
17372,21817,2,4,2026-08-20,3
17373,3173,2,4,2026-08-20,4
17374,16743,2,4,2026-08-20,3
17375,22587,2,4,2026-08-20,3
17376,39056,2,4,2026-08-20,4
17377,33570,2,4,2026-08-20,4
17378,21722,2,4,2026-08-20,4
17379,4278,2,4,2026-08-20,3
17380,32213,2,4,2026-08-20,3
17381,42566,2,4,2026-08-20,4
17382,43689,2,4,2026-08-20,3
17383,47512,2,4,2026-08-20,3
17384,10341,2,4,2026-08-20,3
17385,41345,2,4,2026-08-20,3
17386,18661,2,4,2026-08-20,4
17387,46647,2,4,2026-08-20,3
17388,28208,2,4,2026-08-20,3
17389,22050,2,4,2026-08-20,3
17390,7051,2,4,2026-08-20,1
17391,28040,2,4,2026-08-20,3
17392,29290,2,4,2026-08-20,4
17393,9488,2,4,2026-08-20,3
17394,45029,2,4,2026-08-20,4
17395,11669,2,4,2026-08-20,1
17396,49086,2,4,2026-08-20,4
17397,33100,2,4,2026-08-20,4
17398,30022,2,4,2026-08-20,3
17399,5772,2,4,2026-08-20,3
17400,29337,2,4,2026-08-20,4
17401,36096,2,4,2026-08-20,3
17402,30241,2,4,2026-08-20,3
17403,49445,2,4,2026-08-20,3
17404,5111,2,4,2026-08-20,2
17405,17597,2,4,2026-08-20,3
17406,9085,2,4,2026-08-20,4
17407,32510,2,4,2026-08-20,4
17408,41603,2,4,2026-08-20,4
17409,3035,2,4,2026-08-20,1
17410,3693,2,4,2026-08-20,5
17411,19790,2,4,2026-08-20,4
17412,42409,2,4,2026-08-20,4
17413,22776,2,4,2026-08-20,3
17414,8594,2,4,2026-08-20,4
17415,47702,2,4,2026-08-20,4
17416,34334,2,4,2026-08-20,3
17417,16533,2,4,2026-08-20,4
17418,17613,2,4,2026-08-20,3
17419,12265,2,4,2026-08-20,3
17420,41131,2,4,2026-08-20,3
17421,43548,2,4,2026-08-20,3
17422,11598,2,4,2026-08-20,2
17423,19839,2,4,2026-08-20,5
17424,34910,2,4,2026-08-20,3
17425,7452,2,4,2026-08-20,3
17426,5180,2,4,2026-08-20,4
17427,20373,2,4,2026-08-20,4
17428,1462,2,4,2026-08-20,3
17429,36680,2,4,2026-08-20,3
17430,11621,2,4,2026-08-20,3
17431,27457,2,4,2026-08-20,4
17432,39511,2,4,2026-08-20,4
17433,39453,2,4,2026-08-20,1
17434,34758,2,4,2026-08-20,3
17435,48693,2,4,2026-08-20,3
17436,10161,2,4,2026-08-20,2
17437,40449,2,4,2026-08-20,1
17438,5828,2,4,2026-08-20,3
17439,45725,2,4,2026-08-20,3
17440,48144,1,1,2026-08-21,3
17441,37265,1,1,2026-08-21,3
17442,45,1,1,2026-08-21,1
17443,9886,1,1,2026-08-21,3
17444,17622,1,1,2026-08-21,3
17445,17448,1,1,2026-08-21,3
17446,19625,1,1,2026-08-21,3
17447,11206,1,1,2026-08-21,4
17448,35796,1,1,2026-08-21,3
17449,30416,1,1,2026-08-21,3
17450,20135,1,1,2026-08-21,3
17451,20776,1,1,2026-08-21,3
17452,5006,1,1,2026-08-21,3
17453,38182,1,1,2026-08-21,3
17454,29740,1,1,2026-08-21,3
17455,36145,1,1,2026-08-21,3
17456,23549,1,1,2026-08-21,3
17457,2967,1,1,2026-08-21,1
17458,30013,1,1,2026-08-21,3
17459,28635,1,1,2026-08-21,1
17460,16310,1,1,2026-08-21,3
17461,10271,1,1,2026-08-21,3
17462,44799,1,1,2026-08-21,3
17463,20791,1,1,2026-08-21,3
17464,5537,1,1,2026-08-21,4
17465,13861,1,1,2026-08-21,3
17466,41942,1,1,2026-08-21,3
17467,43235,1,1,2026-08-21,3
17468,12667,1,1,2026-08-21,1
17469,39505,1,1,2026-08-21,1
17470,14238,1,1,2026-08-21,3
17471,37468,1,1,2026-08-21,3
17472,40336,1,1,2026-08-21,3
17473,33728,1,1,2026-08-21,3
17474,32098,1,1,2026-08-21,3
17475,2199,1,1,2026-08-21,3
17476,27015,1,1,2026-08-21,3
17477,3913,1,1,2026-08-21,3
17478,6454,1,1,2026-08-21,3
17479,20033,1,1,2026-08-21,3
17480,18476,1,1,2026-08-21,3
17481,27784,1,1,2026-08-21,3
17482,11863,1,1,2026-08-21,3
17483,6389,1,1,2026-08-21,3
17484,12485,1,1,2026-08-21,3
17485,4762,1,1,2026-08-21,3
17486,4485,1,1,2026-08-21,3
17487,46169,1,1,2026-08-21,3
17488,33142,1,1,2026-08-21,3
17489,28522,1,1,2026-08-21,3
17490,16785,1,1,2026-08-21,3
17491,9143,1,1,2026-08-21,3
17492,39306,1,1,2026-08-21,3
17493,187,1,1,2026-08-21,1
17494,42482,1,1,2026-08-21,3
17495,37893,1,1,2026-08-21,1
17496,9555,1,1,2026-08-21,3
17497,48036,1,1,2026-08-21,1
17498,27325,1,1,2026-08-21,3
17499,17488,1,1,2026-08-21,1
17500,36472,1,1,2026-08-21,3
17501,49777,1,1,2026-08-21,5
17502,40701,1,1,2026-08-21,3
17503,9110,1,1,2026-08-21,3
17504,10971,1,1,2026-08-21,3
17505,24066,1,1,2026-08-21,3
17506,500,1,1,2026-08-21,1
17507,39784,1,1,2026-08-21,3
17508,15971,1,1,2026-08-21,3
17509,38608,1,1,2026-08-21,4
17510,47892,1,1,2026-08-21,3
17511,39390,1,1,2026-08-21,3
17512,25444,1,1,2026-08-21,3
17513,2141,1,1,2026-08-21,3
17514,24872,1,1,2026-08-21,3
17515,925,1,1,2026-08-21,3
17516,41449,1,1,2026-08-21,3
17517,26787,1,1,2026-08-21,3
17518,33173,1,1,2026-08-21,3
17519,43026,1,1,2026-08-21,3
17520,9871,1,1,2026-08-21,3
17521,445,1,1,2026-08-21,4
17522,38506,1,1,2026-08-21,1
17523,15066,1,1,2026-08-21,3
17524,42243,1,1,2026-08-21,3
17525,2010,1,1,2026-08-21,3
17526,28875,1,1,2026-08-21,4
17527,34770,1,1,2026-08-21,3
17528,22640,1,1,2026-08-21,3
17529,30913,1,1,2026-08-21,1
17530,25809,1,1,2026-08-21,1
17531,33491,1,1,2026-08-21,3
17532,27072,1,1,2026-08-21,3
17533,6062,1,1,2026-08-21,4
17534,9818,1,1,2026-08-21,3
17535,37800,1,1,2026-08-21,3
17536,329,1,1,2026-08-21,3
17537,16631,1,1,2026-08-21,3
17538,15274,1,1,2026-08-21,3
17539,9031,1,1,2026-08-21,4
17540,40248,1,1,2026-08-21,3
17541,11833,1,1,2026-08-21,3
17542,33984,1,1,2026-08-21,3
17543,48808,1,1,2026-08-21,3
17544,16102,1,1,2026-08-21,3
17545,28115,1,1,2026-08-21,3
17546,48728,1,1,2026-08-21,1
17547,22934,1,1,2026-08-21,3
17548,32431,1,1,2026-08-21,1
17549,32591,1,1,2026-08-21,3
17550,1005,1,1,2026-08-21,3
17551,41456,1,1,2026-08-21,3
17552,37937,1,1,2026-08-21,3
17553,19831,1,1,2026-08-21,4
17554,20110,1,1,2026-08-21,3
17555,34723,1,1,2026-08-21,3
17556,9243,1,1,2026-08-21,3
17557,34768,1,1,2026-08-21,3
17558,8163,1,1,2026-08-21,4
17559,5573,1,1,2026-08-21,3
17560,1936,1,1,2026-08-21,3
17561,49732,1,1,2026-08-21,3
17562,32535,1,1,2026-08-21,4
17563,22874,1,1,2026-08-21,3
17564,32341,1,1,2026-08-21,3
17565,19392,1,1,2026-08-21,4
17566,20349,1,1,2026-08-21,4
17567,2078,1,1,2026-08-21,4
17568,45045,1,1,2026-08-21,3
17569,31905,1,1,2026-08-21,3
17570,24765,1,1,2026-08-21,1
17571,49676,1,1,2026-08-21,3
17572,27551,1,1,2026-08-21,3
17573,38901,1,1,2026-08-21,3
17574,27608,1,1,2026-08-21,3
17575,40100,1,1,2026-08-21,3
17576,7007,1,1,2026-08-21,3
17577,30903,1,1,2026-08-21,3
17578,25145,1,1,2026-08-21,3
17579,41029,1,1,2026-08-21,3
17580,49102,1,1,2026-08-21,3
17581,10706,1,1,2026-08-21,3
17582,29985,1,1,2026-08-21,3
17583,39443,1,1,2026-08-21,6
17584,49363,1,1,2026-08-21,3
17585,28238,1,1,2026-08-21,4
17586,31784,1,1,2026-08-21,3
17587,32693,1,1,2026-08-21,3
17588,3016,1,1,2026-08-21,3
17589,28489,1,1,2026-08-21,3
17590,28930,1,1,2026-08-21,3
17591,49539,1,1,2026-08-21,1
17592,2059,1,1,2026-08-21,3
17593,5581,1,1,2026-08-21,3
17594,18375,1,1,2026-08-21,3
17595,1237,1,1,2026-08-21,3
17596,5155,1,1,2026-08-21,3
17597,39448,1,1,2026-08-21,3
17598,13662,1,1,2026-08-21,3
17599,6697,1,1,2026-08-21,3
17600,17810,1,1,2026-08-21,3
17601,10296,1,1,2026-08-21,3
17602,12513,1,1,2026-08-21,3
17603,2683,1,1,2026-08-21,3
17604,24286,1,1,2026-08-21,3
17605,1171,1,1,2026-08-21,3
17606,37869,1,1,2026-08-21,3
17607,48816,1,1,2026-08-21,3
17608,30554,1,1,2026-08-21,3
17609,12173,1,1,2026-08-21,3
17610,5657,1,1,2026-08-21,3
17611,6095,1,1,2026-08-21,1
17612,30757,1,1,2026-08-21,3
17613,4105,1,1,2026-08-21,3
17614,47551,1,1,2026-08-21,3
17615,41159,1,1,2026-08-21,3
17616,33038,1,1,2026-08-21,3
17617,4590,1,1,2026-08-21,3
17618,5988,1,1,2026-08-21,3
17619,21847,1,1,2026-08-21,3
17620,37000,1,1,2026-08-21,3
17621,44467,1,1,2026-08-21,3
17622,36072,1,1,2026-08-21,3
17623,25950,1,1,2026-08-21,4
17624,49096,1,1,2026-08-21,3
17625,36273,1,1,2026-08-21,3
17626,37142,1,1,2026-08-21,3
17627,22893,1,1,2026-08-21,3
17628,7860,1,1,2026-08-21,3
17629,47362,1,1,2026-08-21,3
17630,155,1,1,2026-08-21,3
17631,8321,1,1,2026-08-21,3
17632,9710,1,1,2026-08-21,3
17633,44895,1,1,2026-08-21,3
17634,30756,1,1,2026-08-21,3
17635,47007,1,1,2026-08-21,1
17636,49934,1,1,2026-08-21,4
17637,2944,1,1,2026-08-21,3
17638,17678,1,1,2026-08-21,3
17639,5862,1,1,2026-08-21,3
17640,30317,1,1,2026-08-21,3
17641,17596,1,1,2026-08-21,3
17642,18021,1,1,2026-08-21,3
17643,31359,1,1,2026-08-21,4
17644,32009,1,1,2026-08-21,3
17645,10130,1,1,2026-08-21,3
17646,13219,1,1,2026-08-21,3
17647,12663,1,1,2026-08-21,3
17648,41433,1,1,2026-08-21,3
17649,5533,1,1,2026-08-21,5
17650,42326,1,1,2026-08-21,3
17651,42059,1,1,2026-08-21,3
17652,35110,1,1,2026-08-21,3
17653,393,1,1,2026-08-21,3
17654,38711,1,1,2026-08-21,3
17655,31810,1,1,2026-08-21,3
17656,5350,1,1,2026-08-21,4
17657,49202,1,1,2026-08-21,4
17658,46530,1,1,2026-08-21,3
17659,5010,1,1,2026-08-21,3
17660,36563,1,1,2026-08-21,3
17661,4650,1,1,2026-08-21,3
17662,41256,1,1,2026-08-21,3
17663,20244,1,1,2026-08-21,3
17664,29483,1,1,2026-08-21,3
17665,47560,1,1,2026-08-21,3
17666,20101,1,1,2026-08-21,3
17667,9177,1,1,2026-08-21,3
17668,17011,1,1,2026-08-21,4
17669,5040,1,1,2026-08-21,3
17670,22436,1,1,2026-08-21,3
17671,30297,1,1,2026-08-21,3
17672,30857,1,1,2026-08-21,3
17673,5827,1,1,2026-08-21,3
17674,38572,1,1,2026-08-21,3
17675,31351,1,1,2026-08-21,3
17676,26824,1,1,2026-08-21,3
17677,41030,1,1,2026-08-21,3
17678,23118,1,1,2026-08-21,3
17679,30344,1,1,2026-08-21,4
17680,26797,1,1,2026-08-21,3
17681,26341,1,1,2026-08-21,3
17682,18842,1,1,2026-08-21,4
17683,2210,1,1,2026-08-21,3
17684,42230,1,1,2026-08-21,3
17685,13294,1,1,2026-08-21,3
17686,22447,1,1,2026-08-21,3
17687,11483,1,1,2026-08-21,3
17688,11618,1,1,2026-08-21,1
17689,38726,1,1,2026-08-21,3
17690,20839,1,1,2026-08-21,3
17691,44104,1,1,2026-08-21,3
17692,27738,1,1,2026-08-21,3
17693,21338,1,1,2026-08-21,3
17694,18884,1,1,2026-08-21,3
17695,26196,1,1,2026-08-21,5
17696,4657,1,1,2026-08-21,4
17697,40224,1,1,2026-08-21,3
17698,43214,1,1,2026-08-21,3
17699,25125,1,1,2026-08-21,3
17700,16959,1,1,2026-08-21,3
17701,6673,1,1,2026-08-21,3
17702,43561,1,1,2026-08-21,3
17703,47644,1,1,2026-08-21,3
17704,3336,1,1,2026-08-21,3
17705,36655,1,1,2026-08-21,3
17706,9531,1,1,2026-08-21,3
17707,27220,1,1,2026-08-21,3
17708,37521,1,1,2026-08-21,3
17709,20387,1,1,2026-08-21,3
17710,15653,1,1,2026-08-21,3
17711,2131,1,1,2026-08-21,3
17712,42643,1,1,2026-08-21,3
17713,1694,1,1,2026-08-21,3
17714,30027,1,1,2026-08-21,3
17715,15079,1,1,2026-08-21,3
17716,6613,1,1,2026-08-21,4
17717,6442,1,1,2026-08-21,3
17718,9996,1,1,2026-08-21,3
17719,23573,1,1,2026-08-21,1
17720,27497,1,1,2026-08-21,3
17721,1605,1,1,2026-08-21,3
17722,19592,1,1,2026-08-21,3
17723,20029,1,1,2026-08-21,3
17724,23391,1,1,2026-08-21,3
17725,19189,1,1,2026-08-21,4
17726,38291,1,1,2026-08-21,3
17727,2473,1,1,2026-08-21,3
17728,38939,1,1,2026-08-21,3
17729,30721,1,1,2026-08-21,3
17730,4767,1,1,2026-08-21,3
17731,44229,1,1,2026-08-21,3
17732,37353,1,1,2026-08-21,3
17733,27260,1,1,2026-08-21,3
17734,16360,1,1,2026-08-21,3
17735,28479,1,1,2026-08-21,1
17736,5672,1,1,2026-08-21,4
17737,19376,1,1,2026-08-21,3
17738,24854,1,1,2026-08-21,3
17739,20128,1,1,2026-08-21,3
17740,6127,1,1,2026-08-21,3
17741,39339,1,1,2026-08-21,1
17742,27420,1,1,2026-08-21,3
17743,29270,1,1,2026-08-21,3
17744,28,1,1,2026-08-21,3
17745,34047,1,1,2026-08-21,3
17746,12213,1,1,2026-08-21,4
17747,13520,1,1,2026-08-21,3
17748,46608,1,1,2026-08-21,3
17749,20925,1,1,2026-08-21,3
17750,31047,1,1,2026-08-21,3
17751,32394,1,1,2026-08-21,3
17752,1213,1,1,2026-08-21,3
17753,13170,1,1,2026-08-21,3
17754,13099,1,1,2026-08-21,3
17755,40129,1,1,2026-08-21,3
17756,27534,1,1,2026-08-21,3
17757,717,1,1,2026-08-21,3
17758,20881,1,1,2026-08-21,3
17759,6257,1,1,2026-08-21,3
17760,45061,1,1,2026-08-21,3
17761,29443,1,1,2026-08-21,3
17762,29026,1,1,2026-08-21,3
17763,24899,1,1,2026-08-21,3
17764,33123,1,1,2026-08-21,3
17765,31045,1,1,2026-08-21,3
17766,2196,1,1,2026-08-21,3
17767,1642,1,1,2026-08-21,3
17768,3599,1,1,2026-08-21,3
17769,39434,1,1,2026-08-21,3
17770,38122,1,1,2026-08-21,3
17771,40150,1,1,2026-08-21,3
17772,19463,1,1,2026-08-21,1
17773,7360,1,1,2026-08-21,3
17774,44748,1,1,2026-08-21,3
17775,29278,1,1,2026-08-21,4
17776,43179,1,1,2026-08-21,3
17777,7707,1,1,2026-08-21,4
17778,37518,1,1,2026-08-21,3
17779,8203,1,1,2026-08-21,3
17780,38825,1,1,2026-08-21,3
17781,37927,1,1,2026-08-21,3
17782,2837,1,1,2026-08-21,1
17783,5084,1,1,2026-08-21,1
17784,42367,1,1,2026-08-21,3
17785,17997,1,1,2026-08-21,3
17786,41695,1,1,2026-08-21,3
17787,10193,1,1,2026-08-21,3
17788,12034,1,1,2026-08-21,3
17789,27616,1,1,2026-08-21,3
17790,27904,1,1,2026-08-21,3
17791,14312,1,1,2026-08-21,3
17792,40256,1,1,2026-08-21,3
17793,44662,1,1,2026-08-21,3
17794,10560,1,1,2026-08-21,4
17795,27084,1,1,2026-08-21,3
17796,34816,1,1,2026-08-21,3
17797,33957,1,1,2026-08-21,5
17798,24388,1,1,2026-08-21,3
17799,28989,1,1,2026-08-21,3
17800,49922,1,1,2026-08-21,3
17801,18671,1,1,2026-08-21,3
17802,10143,1,1,2026-08-21,3
17803,29712,1,1,2026-08-21,3
17804,34621,1,1,2026-08-21,3
17805,37730,1,1,2026-08-21,4
17806,425,1,1,2026-08-21,3
17807,16547,1,1,2026-08-21,3
17808,19591,1,1,2026-08-21,1
17809,20303,1,1,2026-08-21,3
17810,3413,1,1,2026-08-21,3
17811,41956,1,1,2026-08-21,3
17812,21397,1,1,2026-08-21,4
17813,21370,1,1,2026-08-21,4
17814,15461,1,1,2026-08-21,3
17815,47142,1,1,2026-08-21,3
17816,41733,1,1,2026-08-21,3
17817,4836,1,1,2026-08-21,3
17818,47381,1,1,2026-08-21,3
17819,31337,1,1,2026-08-21,3
17820,35624,1,1,2026-08-21,4
17821,33902,1,1,2026-08-21,3
17822,36190,1,1,2026-08-21,3
17823,8690,1,1,2026-08-21,3
17824,11088,1,1,2026-08-21,3
17825,29956,1,1,2026-08-21,3
17826,41830,1,1,2026-08-21,3
17827,18119,1,1,2026-08-21,3
17828,39804,1,1,2026-08-21,3
17829,49908,1,1,2026-08-21,3
17830,4393,1,1,2026-08-21,4
17831,2530,1,1,2026-08-21,3
17832,8102,1,1,2026-08-21,3
17833,36966,1,1,2026-08-21,3
17834,35726,1,1,2026-08-21,1
17835,39550,1,1,2026-08-21,3
17836,32797,1,1,2026-08-21,3
17837,41583,1,1,2026-08-21,1
17838,47215,1,1,2026-08-21,3
17839,21158,1,1,2026-08-21,3
17840,26888,1,1,2026-08-21,3
17841,37417,1,1,2026-08-21,3
17842,23947,1,1,2026-08-21,3
17843,8514,1,1,2026-08-21,3
17844,35316,1,1,2026-08-21,3
17845,22162,1,1,2026-08-21,3
17846,9395,1,1,2026-08-21,1
17847,22408,1,1,2026-08-21,3
17848,11152,1,1,2026-08-21,3
17849,20166,1,1,2026-08-21,3
17850,3108,1,1,2026-08-21,3
17851,47984,1,1,2026-08-21,3
17852,45035,1,1,2026-08-21,3
17853,33037,1,1,2026-08-21,3
17854,47622,1,1,2026-08-21,3
17855,32568,1,1,2026-08-21,1
17856,16235,1,1,2026-08-21,3
17857,41662,1,1,2026-08-21,3
17858,37402,1,1,2026-08-21,3
17859,4422,1,1,2026-08-21,3
17860,17435,1,1,2026-08-21,3
17861,35267,1,1,2026-08-21,3
17862,235,1,1,2026-08-21,3
17863,18723,1,1,2026-08-21,3
17864,37964,1,1,2026-08-21,4
17865,4031,1,1,2026-08-21,3
17866,22242,1,1,2026-08-21,3
17867,49524,1,1,2026-08-21,3
17868,13236,1,1,2026-08-21,3
17869,753,1,1,2026-08-21,3
17870,11977,1,1,2026-08-21,3
17871,49831,1,1,2026-08-21,4
17872,49669,1,1,2026-08-21,4
17873,41071,1,1,2026-08-21,4
17874,32204,1,1,2026-08-21,3
17875,25228,1,1,2026-08-21,3
17876,25078,1,1,2026-08-21,3
17877,24427,1,1,2026-08-21,3
17878,34060,1,1,2026-08-21,3
17879,46298,1,1,2026-08-21,4
17880,4433,1,1,2026-08-21,3
17881,3011,1,1,2026-08-21,3
17882,20376,1,1,2026-08-21,3
17883,34250,1,1,2026-08-21,3
17884,9525,1,1,2026-08-21,4
17885,29409,1,1,2026-08-21,3
17886,1014,1,1,2026-08-21,5
17887,34919,1,1,2026-08-21,3
17888,26928,1,1,2026-08-21,3
17889,33566,1,1,2026-08-21,3
17890,21256,1,1,2026-08-21,3
17891,2080,1,1,2026-08-21,3
17892,16855,1,1,2026-08-21,3
17893,24857,1,1,2026-08-21,3
17894,17537,1,1,2026-08-21,3
17895,5592,1,1,2026-08-21,4
17896,26753,1,1,2026-08-21,3
17897,38298,1,1,2026-08-21,1
17898,11386,1,1,2026-08-21,3
17899,13565,1,1,2026-08-21,3
17900,6106,1,1,2026-08-21,3
17901,6008,1,1,2026-08-21,3
17902,11703,1,1,2026-08-21,3
17903,38329,1,1,2026-08-21,3
17904,24239,1,1,2026-08-21,3
17905,37336,1,1,2026-08-21,1
17906,2689,1,1,2026-08-21,1
17907,5855,1,1,2026-08-21,3
17908,45728,1,1,2026-08-21,3
17909,35880,1,1,2026-08-21,1
17910,44233,1,1,2026-08-21,3
17911,19921,1,1,2026-08-21,3
17912,35497,1,1,2026-08-21,3
17913,2037,1,1,2026-08-21,1
17914,41842,1,1,2026-08-21,3
17915,19732,1,1,2026-08-21,1
17916,41092,1,1,2026-08-21,3
17917,9378,1,1,2026-08-21,3
17918,12576,1,1,2026-08-21,3
17919,20752,1,1,2026-08-21,3
17920,17551,1,1,2026-08-21,3
17921,4084,1,1,2026-08-21,3
17922,42690,1,1,2026-08-21,3
17923,35621,1,1,2026-08-21,3
17924,45779,1,1,2026-08-21,4
17925,26782,1,1,2026-08-21,3
17926,23250,1,1,2026-08-21,3
17927,18872,1,1,2026-08-21,3
17928,855,1,1,2026-08-21,3
17929,29564,1,1,2026-08-21,3
17930,42796,1,1,2026-08-21,3
17931,22313,1,1,2026-08-21,3
17932,33193,1,1,2026-08-21,3
17933,18690,1,1,2026-08-21,3
17934,25589,1,1,2026-08-21,3
17935,36836,1,1,2026-08-21,3
17936,14639,1,1,2026-08-21,4
17937,30470,1,1,2026-08-21,3
17938,45709,1,1,2026-08-21,3
17939,14147,1,1,2026-08-21,3
17940,38596,1,1,2026-08-21,3
17941,11284,1,1,2026-08-21,3
17942,30502,1,1,2026-08-21,3
17943,1334,1,1,2026-08-21,3
17944,40451,1,1,2026-08-21,3
17945,38083,1,1,2026-08-21,3
17946,22384,1,1,2026-08-21,3
17947,842,1,1,2026-08-21,3
17948,40999,1,1,2026-08-21,1
17949,6213,1,1,2026-08-21,3
17950,34184,1,1,2026-08-21,1
17951,348,1,1,2026-08-21,3
17952,21439,1,1,2026-08-21,3
17953,23703,1,1,2026-08-21,3
17954,6876,1,1,2026-08-21,3
17955,34158,1,1,2026-08-21,3
17956,41894,1,1,2026-08-21,3
17957,46450,1,1,2026-08-21,3
17958,15082,1,1,2026-08-21,6
17959,38090,1,1,2026-08-21,3
17960,32437,1,1,2026-08-21,4
17961,16535,1,1,2026-08-21,3
17962,42710,1,1,2026-08-21,3
17963,35851,1,1,2026-08-21,3
17964,11804,1,1,2026-08-21,3
17965,28517,1,1,2026-08-21,4
17966,44629,1,1,2026-08-21,3
17967,25524,1,1,2026-08-21,3
17968,35831,1,1,2026-08-21,3
17969,41373,1,1,2026-08-21,3
17970,4577,1,1,2026-08-21,3
17971,34771,1,1,2026-08-21,1
17972,23469,1,1,2026-08-21,3
17973,47260,1,1,2026-08-21,3
17974,43269,1,1,2026-08-21,3
17975,12627,1,1,2026-08-21,3
17976,49715,1,1,2026-08-21,3
17977,5982,1,1,2026-08-21,3
17978,21018,1,1,2026-08-21,3
17979,9209,1,1,2026-08-21,3
17980,19825,1,1,2026-08-21,3
17981,44986,1,1,2026-08-21,3
17982,19268,1,1,2026-08-21,3
17983,14797,1,1,2026-08-21,3
17984,35056,1,1,2026-08-21,1
17985,27127,1,1,2026-08-21,3
17986,12305,1,1,2026-08-21,3
17987,13952,1,1,2026-08-21,4
17988,29312,1,1,2026-08-21,3
17989,5605,1,1,2026-08-21,1
17990,9755,1,1,2026-08-21,3
17991,1271,1,1,2026-08-21,1
17992,10699,1,1,2026-08-21,3
17993,18265,1,1,2026-08-21,3
17994,26636,1,1,2026-08-21,3
17995,49089,1,1,2026-08-21,5
17996,26692,1,1,2026-08-21,3
17997,23038,1,1,2026-08-21,3
17998,35326,1,1,2026-08-21,3
17999,44925,1,1,2026-08-21,3
18000,12370,1,1,2026-08-21,3
18001,45260,1,1,2026-08-21,3
18002,31317,1,1,2026-08-21,3
18003,5796,1,1,2026-08-21,3
18004,33509,1,1,2026-08-21,3
18005,30599,1,1,2026-08-21,3
18006,1848,1,1,2026-08-21,4
18007,27459,1,1,2026-08-21,3
18008,44764,1,1,2026-08-21,3
18009,3358,1,1,2026-08-21,3
18010,33101,1,1,2026-08-21,3
18011,19092,1,1,2026-08-21,3
18012,42206,1,1,2026-08-21,3
18013,41143,1,1,2026-08-21,3
18014,27532,1,1,2026-08-21,3
18015,1304,1,1,2026-08-21,3
18016,21218,1,1,2026-08-21,3
18017,21392,1,1,2026-08-21,3
18018,45757,1,1,2026-08-21,3
18019,23872,1,1,2026-08-21,4
18020,42044,1,1,2026-08-21,3
18021,33457,1,1,2026-08-21,3
18022,34010,1,1,2026-08-21,3
18023,28915,1,1,2026-08-21,4
18024,14502,1,1,2026-08-21,3
18025,7392,1,1,2026-08-21,1
18026,45827,1,1,2026-08-21,3
18027,11049,1,1,2026-08-21,1
18028,32389,1,1,2026-08-21,3
18029,5639,1,1,2026-08-21,3
18030,12285,1,1,2026-08-21,1
18031,26384,1,1,2026-08-21,3
18032,49968,1,1,2026-08-21,3
18033,47882,1,1,2026-08-21,4
18034,12304,1,1,2026-08-21,3
18035,2693,1,1,2026-08-21,3
18036,19595,1,1,2026-08-21,1
18037,41170,1,1,2026-08-21,4
18038,34553,1,1,2026-08-21,3
18039,16552,1,1,2026-08-21,3
18040,21733,1,1,2026-08-21,3
18041,20743,1,1,2026-08-21,3
18042,46024,1,1,2026-08-21,1
18043,21089,1,1,2026-08-21,3
18044,34694,1,1,2026-08-21,3
18045,31431,1,1,2026-08-21,3
18046,32199,1,1,2026-08-21,4
18047,32088,1,1,2026-08-21,3
18048,380,1,1,2026-08-21,1
18049,13054,1,1,2026-08-21,3
18050,47063,1,1,2026-08-21,1
18051,40532,1,1,2026-08-21,3
18052,34782,1,1,2026-08-21,3
18053,38571,1,1,2026-08-21,3
18054,40369,1,1,2026-08-21,3
18055,44664,1,1,2026-08-21,3
18056,21419,1,1,2026-08-21,3
18057,34588,1,1,2026-08-21,1
18058,25152,1,1,2026-08-21,3
18059,44773,1,1,2026-08-21,3
18060,29969,1,1,2026-08-21,4
18061,36868,1,1,2026-08-21,3
18062,15838,1,1,2026-08-21,3
18063,17773,1,1,2026-08-21,3
18064,17456,1,1,2026-08-21,3
18065,42062,3,1,2026-08-21,3
18066,22477,3,1,2026-08-21,3
18067,49508,3,1,2026-08-21,3
18068,21842,3,1,2026-08-21,2
18069,34419,3,1,2026-08-21,2
18070,42820,3,1,2026-08-21,3
18071,7422,3,1,2026-08-21,2
18072,44730,3,1,2026-08-21,2
18073,27782,3,1,2026-08-21,4
18074,22443,3,1,2026-08-21,2
18075,15805,3,1,2026-08-21,3
18076,17411,3,1,2026-08-21,5
18077,9270,3,1,2026-08-21,2
18078,34783,3,1,2026-08-21,2
18079,48667,3,1,2026-08-21,3
18080,9047,3,1,2026-08-21,2
18081,31765,3,1,2026-08-21,3
18082,2998,3,1,2026-08-21,1
18083,35546,3,1,2026-08-21,2
18084,47931,3,1,2026-08-21,2
18085,45609,3,1,2026-08-21,3
18086,30518,3,1,2026-08-21,2
18087,40075,3,1,2026-08-21,1
18088,20265,3,1,2026-08-21,4
18089,3391,3,1,2026-08-21,1
18090,26370,3,1,2026-08-21,3
18091,1472,3,1,2026-08-21,3
18092,49913,3,1,2026-08-21,3
18093,36525,3,1,2026-08-21,3
18094,18719,3,1,2026-08-21,2
18095,33945,3,1,2026-08-21,2
18096,31927,3,1,2026-08-21,3
18097,4298,3,1,2026-08-21,4
18098,30274,3,1,2026-08-21,3
18099,32446,3,1,2026-08-21,2
18100,42816,3,1,2026-08-21,2
18101,9164,3,1,2026-08-21,3
18102,39009,3,1,2026-08-21,1
18103,19420,3,1,2026-08-21,2
18104,27456,3,1,2026-08-21,3
18105,37007,3,1,2026-08-21,1
18106,23389,3,1,2026-08-21,3
18107,27975,3,1,2026-08-21,1
18108,41270,3,1,2026-08-21,1
18109,45591,3,1,2026-08-21,2
18110,21850,3,1,2026-08-21,3
18111,9937,3,1,2026-08-21,2
18112,22073,3,1,2026-08-21,3
18113,5276,3,1,2026-08-21,2
18114,6450,3,1,2026-08-21,2
18115,14332,3,1,2026-08-21,1
18116,1391,3,1,2026-08-21,2
18117,1249,3,1,2026-08-21,3
18118,35822,3,1,2026-08-21,1
18119,3142,3,1,2026-08-21,2
18120,46599,3,1,2026-08-21,1
18121,40173,3,1,2026-08-21,3
18122,4584,3,1,2026-08-21,3
18123,13085,3,1,2026-08-21,2
18124,17007,3,1,2026-08-21,1
18125,41905,3,1,2026-08-21,3
18126,35065,3,1,2026-08-21,2
18127,35948,3,1,2026-08-21,3
18128,16671,3,1,2026-08-21,3
18129,49360,3,1,2026-08-21,1
18130,599,3,1,2026-08-21,3
18131,41580,3,1,2026-08-21,2
18132,44297,3,1,2026-08-21,3
18133,24031,3,1,2026-08-21,2
18134,14682,3,1,2026-08-21,4
18135,19153,3,1,2026-08-21,3
18136,5285,3,1,2026-08-21,2
18137,15877,3,1,2026-08-21,3
18138,1098,3,1,2026-08-21,3
18139,26310,3,1,2026-08-21,1
18140,15033,3,1,2026-08-21,1
18141,13889,3,1,2026-08-21,3
18142,3199,3,1,2026-08-21,2
18143,26693,3,1,2026-08-21,3
18144,34391,3,1,2026-08-21,1
18145,25251,3,1,2026-08-21,2
18146,42999,3,1,2026-08-21,2
18147,24580,3,1,2026-08-21,3
18148,41177,3,1,2026-08-21,3
18149,8766,3,1,2026-08-21,3
18150,49072,3,1,2026-08-21,1
18151,42616,3,1,2026-08-21,2
18152,47175,3,1,2026-08-21,1
18153,32124,3,1,2026-08-21,1
18154,22879,3,1,2026-08-21,3
18155,14515,3,1,2026-08-21,2
18156,44239,3,1,2026-08-21,3
18157,6502,3,1,2026-08-21,3
18158,35613,3,1,2026-08-21,3
18159,7442,3,1,2026-08-21,5
18160,44545,3,1,2026-08-21,3
18161,37758,3,1,2026-08-21,3
18162,42672,3,1,2026-08-21,3
18163,28947,3,1,2026-08-21,3
18164,35833,3,1,2026-08-21,3
18165,12047,3,1,2026-08-21,3
18166,38169,3,1,2026-08-21,2
18167,33954,3,1,2026-08-21,2
18168,41630,3,1,2026-08-21,1
18169,23277,3,1,2026-08-21,5
18170,10364,3,1,2026-08-21,1
18171,41005,3,1,2026-08-21,4
18172,5499,3,1,2026-08-21,1
18173,43071,3,1,2026-08-21,3
18174,6842,3,1,2026-08-21,3
18175,11132,3,1,2026-08-21,2
18176,6855,3,1,2026-08-21,3
18177,46252,3,1,2026-08-21,1
18178,20531,3,1,2026-08-21,3
18179,26344,3,1,2026-08-21,3
18180,567,3,1,2026-08-21,1
18181,29979,3,1,2026-08-21,3
18182,15006,3,1,2026-08-21,3
18183,21729,3,1,2026-08-21,2
18184,9652,3,1,2026-08-21,3
18185,20852,3,1,2026-08-21,3
18186,25587,3,1,2026-08-21,2
18187,40797,3,1,2026-08-21,3
18188,1232,3,1,2026-08-21,5
18189,6996,3,1,2026-08-21,1
18190,34053,3,1,2026-08-21,3
18191,44573,3,1,2026-08-21,4
18192,4856,3,1,2026-08-21,3
18193,4925,3,1,2026-08-21,2
18194,1358,3,1,2026-08-21,3
18195,35671,3,1,2026-08-21,2
18196,21215,3,1,2026-08-21,2
18197,43637,3,1,2026-08-21,3
18198,12804,3,1,2026-08-21,1
18199,45485,3,1,2026-08-21,4
18200,6231,3,1,2026-08-21,3
18201,17969,3,1,2026-08-21,3
18202,36605,3,1,2026-08-21,2
18203,23671,3,1,2026-08-21,3
18204,28478,3,1,2026-08-21,3
18205,46695,3,1,2026-08-21,3
18206,40500,3,1,2026-08-21,3
18207,29793,3,1,2026-08-21,1
18208,38045,3,1,2026-08-21,1
18209,31383,3,1,2026-08-21,3
18210,24694,3,1,2026-08-21,3
18211,2668,3,1,2026-08-21,3
18212,20865,3,1,2026-08-21,3
18213,45481,3,1,2026-08-21,1
18214,14107,3,1,2026-08-21,1
18215,34942,3,1,2026-08-21,4
18216,43749,3,1,2026-08-21,2
18217,47656,3,1,2026-08-21,3
18218,48470,3,1,2026-08-21,2
18219,39864,3,1,2026-08-21,2
18220,19404,3,1,2026-08-21,3
18221,19812,3,1,2026-08-21,2
18222,39741,3,1,2026-08-21,2
18223,9498,3,1,2026-08-21,2
18224,47185,3,1,2026-08-21,3
18225,2056,3,1,2026-08-21,2
18226,36434,3,1,2026-08-21,3
18227,16860,3,1,2026-08-21,3
18228,14832,3,1,2026-08-21,2
18229,10511,3,1,2026-08-21,1
18230,30091,3,1,2026-08-21,3
18231,33666,3,1,2026-08-21,2
18232,12852,3,1,2026-08-21,3
18233,42311,3,1,2026-08-21,2
18234,31672,3,1,2026-08-21,5
18235,2646,3,1,2026-08-21,3
18236,14705,3,1,2026-08-21,3
18237,13472,3,1,2026-08-21,5
18238,9922,3,1,2026-08-21,1
18239,31203,3,1,2026-08-21,2
18240,11628,3,1,2026-08-21,2
18241,9597,3,1,2026-08-21,2
18242,5926,3,1,2026-08-21,1
18243,31820,3,1,2026-08-21,3
18244,27820,3,1,2026-08-21,2
18245,11766,3,1,2026-08-21,3
18246,22694,3,1,2026-08-21,1
18247,9105,3,1,2026-08-21,1
18248,47900,3,1,2026-08-21,2
18249,44406,3,1,2026-08-21,2
18250,6834,3,1,2026-08-21,3
18251,35879,3,1,2026-08-21,2
18252,1510,3,1,2026-08-21,3
18253,30746,3,1,2026-08-21,3
18254,19880,3,1,2026-08-21,3
18255,21894,3,1,2026-08-21,1
18256,9981,3,1,2026-08-21,2
18257,37174,3,1,2026-08-21,3
18258,30753,3,1,2026-08-21,1
18259,38856,3,1,2026-08-21,2
18260,6707,3,1,2026-08-21,3
18261,43075,3,1,2026-08-21,1
18262,24279,3,1,2026-08-21,3
18263,22928,3,1,2026-08-21,3
18264,13405,3,1,2026-08-21,3
18265,29195,3,1,2026-08-21,2
18266,13894,3,1,2026-08-21,4
18267,4319,3,1,2026-08-21,3
18268,32279,3,1,2026-08-21,1
18269,12162,3,1,2026-08-21,3
18270,9995,3,1,2026-08-21,4
18271,35651,3,1,2026-08-21,2
18272,13310,3,1,2026-08-21,2
18273,23292,3,1,2026-08-21,3
18274,34945,3,1,2026-08-21,3
18275,2226,3,1,2026-08-21,3
18276,24826,3,1,2026-08-21,3
18277,46954,3,1,2026-08-21,3
18278,7330,3,1,2026-08-21,3
18279,6533,3,1,2026-08-21,3
18280,16100,3,1,2026-08-21,3
18281,11652,3,1,2026-08-21,3
18282,12300,3,1,2026-08-21,2
18283,45550,3,1,2026-08-21,3
18284,3761,3,1,2026-08-21,1
18285,42605,3,1,2026-08-21,3
18286,1851,3,1,2026-08-21,1
18287,8896,3,1,2026-08-21,3
18288,15726,3,1,2026-08-21,1
18289,30419,3,1,2026-08-21,3
18290,37741,3,1,2026-08-21,1
18291,42468,3,1,2026-08-21,3
18292,12574,3,1,2026-08-21,3
18293,42460,3,1,2026-08-21,4
18294,14873,3,1,2026-08-21,5
18295,19928,3,1,2026-08-21,3
18296,8667,3,1,2026-08-21,1
18297,497,3,1,2026-08-21,4
18298,26540,3,1,2026-08-21,2
18299,21668,3,1,2026-08-21,1
18300,10029,3,1,2026-08-21,3
18301,24259,3,1,2026-08-21,3
18302,18120,3,1,2026-08-21,3
18303,6803,3,1,2026-08-21,3
18304,35760,3,1,2026-08-21,1
18305,46320,3,1,2026-08-21,1
18306,41473,3,1,2026-08-21,2
18307,16550,3,1,2026-08-21,2
18308,4136,3,1,2026-08-21,3
18309,32624,3,1,2026-08-21,3
18310,43646,3,1,2026-08-21,2
18311,27144,3,1,2026-08-21,2
18312,44417,3,1,2026-08-21,1
18313,16936,3,1,2026-08-21,3
18314,30577,3,1,2026-08-21,1
18315,39208,3,1,2026-08-21,1
18316,33207,3,1,2026-08-21,3
18317,23395,3,1,2026-08-21,3
18318,11145,3,1,2026-08-21,3
18319,9682,3,1,2026-08-21,3
18320,12444,3,1,2026-08-21,4
18321,43016,3,1,2026-08-21,4
18322,4546,3,1,2026-08-21,3
18323,20472,3,1,2026-08-21,2
18324,26925,3,1,2026-08-21,3
18325,21413,3,1,2026-08-21,2
18326,19266,3,1,2026-08-21,3
18327,17328,3,1,2026-08-21,3
18328,46881,3,1,2026-08-21,1
18329,18940,3,1,2026-08-21,3
18330,40379,3,1,2026-08-21,4
18331,951,3,1,2026-08-21,3
18332,26770,3,1,2026-08-21,1
18333,6493,3,1,2026-08-21,2
18334,42639,3,1,2026-08-21,3
18335,7125,3,1,2026-08-21,2
18336,31182,3,1,2026-08-21,3
18337,48946,3,1,2026-08-21,2
18338,35162,3,1,2026-08-21,3
18339,9646,3,1,2026-08-21,1
18340,5863,3,1,2026-08-21,2
18341,34306,3,1,2026-08-21,3
18342,3649,3,1,2026-08-21,2
18343,31110,3,1,2026-08-21,4
18344,48152,3,1,2026-08-21,2
18345,39048,3,1,2026-08-21,3
18346,4078,3,1,2026-08-21,3
18347,45875,3,1,2026-08-21,2
18348,22922,3,1,2026-08-21,2
18349,1437,3,1,2026-08-21,3
18350,20537,3,1,2026-08-21,4
18351,16066,3,1,2026-08-21,3
18352,49430,3,1,2026-08-21,2
18353,7781,3,1,2026-08-21,5
18354,549,3,1,2026-08-21,2
18355,47013,3,1,2026-08-21,1
18356,12924,3,1,2026-08-21,1
18357,25812,3,1,2026-08-21,2
18358,30968,3,1,2026-08-21,3
18359,37638,3,1,2026-08-21,3
18360,27570,3,1,2026-08-21,2
18361,43594,3,1,2026-08-21,6
18362,20600,3,1,2026-08-21,2
18363,17580,3,1,2026-08-21,3
18364,21670,3,1,2026-08-21,1
18365,36859,3,1,2026-08-21,1
18366,32335,3,1,2026-08-21,3
18367,23336,3,1,2026-08-21,1
18368,14923,3,1,2026-08-21,3
18369,49370,3,1,2026-08-21,1
18370,23251,3,1,2026-08-21,3
18371,17391,3,1,2026-08-21,4
18372,26596,3,1,2026-08-21,1
18373,35172,3,1,2026-08-21,2
18374,13147,3,1,2026-08-21,3
18375,40691,3,1,2026-08-21,3
18376,42318,3,1,2026-08-21,1
18377,24486,3,1,2026-08-21,2
18378,5614,3,2,2026-08-21,3
18379,31165,3,2,2026-08-21,3
18380,12622,3,2,2026-08-21,3
18381,3927,3,2,2026-08-21,3
18382,41943,3,2,2026-08-21,2
18383,23418,3,2,2026-08-21,3
18384,7106,3,2,2026-08-21,3
18385,33602,3,2,2026-08-21,2
18386,27258,3,2,2026-08-21,1
18387,8979,3,2,2026-08-21,2
18388,23994,3,2,2026-08-21,3
18389,33956,3,2,2026-08-21,3
18390,46066,3,2,2026-08-21,3
18391,12014,3,2,2026-08-21,2
18392,25840,3,2,2026-08-21,3
18393,7883,3,2,2026-08-21,2
18394,15699,3,2,2026-08-21,3
18395,14982,3,2,2026-08-21,3
18396,47409,3,2,2026-08-21,1
18397,36225,3,2,2026-08-21,3
18398,40396,3,2,2026-08-21,2
18399,46671,3,2,2026-08-21,3
18400,31464,3,2,2026-08-21,4
18401,46655,3,2,2026-08-21,3
18402,38847,3,2,2026-08-21,3
18403,14916,3,2,2026-08-21,3
18404,16230,3,2,2026-08-21,2
18405,13017,3,2,2026-08-21,2
18406,45603,3,2,2026-08-21,3
18407,26684,3,2,2026-08-21,1
18408,1699,3,2,2026-08-21,3
18409,30332,3,2,2026-08-21,2
18410,26756,3,2,2026-08-21,5
18411,19751,3,2,2026-08-21,1
18412,22433,3,2,2026-08-21,3
18413,23641,3,2,2026-08-21,3
18414,25735,3,2,2026-08-21,3
18415,31313,3,2,2026-08-21,2
18416,35781,3,2,2026-08-21,3
18417,44832,3,2,2026-08-21,3
18418,990,3,2,2026-08-21,3
18419,28876,3,2,2026-08-21,3
18420,28524,3,2,2026-08-21,3
18421,158,3,2,2026-08-21,3
18422,21280,3,2,2026-08-21,3
18423,22788,3,2,2026-08-21,1
18424,28178,3,2,2026-08-21,2
18425,14081,3,2,2026-08-21,3
18426,28623,3,2,2026-08-21,2
18427,16989,3,2,2026-08-21,2
18428,31224,3,2,2026-08-21,3
18429,4146,3,2,2026-08-21,3
18430,45552,3,2,2026-08-21,3
18431,5105,3,2,2026-08-21,1
18432,35640,3,2,2026-08-21,2
18433,43499,3,2,2026-08-21,3
18434,34147,3,2,2026-08-21,3
18435,28531,3,2,2026-08-21,2
18436,33929,3,2,2026-08-21,3
18437,1136,3,2,2026-08-21,2
18438,19957,3,2,2026-08-21,2
18439,26073,3,2,2026-08-21,3
18440,9008,3,2,2026-08-21,3
18441,23327,2,1,2026-08-21,1
18442,38656,2,1,2026-08-21,1
18443,39879,2,1,2026-08-21,3
18444,1763,2,1,2026-08-21,4
18445,42163,2,1,2026-08-21,4
18446,43389,2,1,2026-08-21,3
18447,40027,2,1,2026-08-21,3
18448,14860,2,1,2026-08-21,3
18449,48839,2,1,2026-08-21,3
18450,3203,2,1,2026-08-21,4
18451,6428,2,1,2026-08-21,4
18452,26020,2,1,2026-08-21,3
18453,16823,2,1,2026-08-21,3
18454,12223,2,1,2026-08-21,3
18455,4907,2,1,2026-08-21,6
18456,34538,2,1,2026-08-21,3
18457,23502,2,1,2026-08-21,4
18458,44961,2,1,2026-08-21,3
18459,45876,2,1,2026-08-21,4
18460,16979,2,1,2026-08-21,3
18461,44167,2,1,2026-08-21,1
18462,23401,2,1,2026-08-21,3
18463,7956,2,1,2026-08-21,3
18464,15949,2,1,2026-08-21,6
18465,12634,2,1,2026-08-21,4
18466,15602,2,1,2026-08-21,3
18467,12591,2,1,2026-08-21,3
18468,28675,2,1,2026-08-21,3
18469,15189,2,1,2026-08-21,3
18470,30313,2,1,2026-08-21,4
18471,5626,2,1,2026-08-21,3
18472,26183,2,1,2026-08-21,3
18473,20793,2,1,2026-08-21,3
18474,39745,2,1,2026-08-21,3
18475,14447,2,1,2026-08-21,3
18476,37213,2,1,2026-08-21,4
18477,12871,2,1,2026-08-21,3
18478,47415,2,1,2026-08-21,3
18479,36956,2,1,2026-08-21,3
18480,13161,2,1,2026-08-21,5
18481,40651,2,1,2026-08-21,3
18482,43600,2,1,2026-08-21,5
18483,15205,2,1,2026-08-21,2
18484,40087,2,1,2026-08-21,4
18485,13043,2,1,2026-08-21,3
18486,36496,2,1,2026-08-21,3
18487,24820,2,1,2026-08-21,4
18488,12682,2,1,2026-08-21,3
18489,4515,2,1,2026-08-21,1
18490,45189,2,1,2026-08-21,1
18491,35858,2,1,2026-08-21,3
18492,33677,2,1,2026-08-21,3
18493,42944,2,1,2026-08-21,3
18494,45753,2,1,2026-08-21,1
18495,11537,2,1,2026-08-21,3
18496,42786,2,1,2026-08-21,4
18497,4468,2,1,2026-08-21,4
18498,14190,2,1,2026-08-21,4
18499,29242,2,1,2026-08-21,3
18500,15548,2,1,2026-08-21,4
18501,12680,2,1,2026-08-21,3
18502,18666,2,1,2026-08-21,3
18503,38165,2,1,2026-08-21,4
18504,21851,2,1,2026-08-21,3
18505,44824,2,1,2026-08-21,3
18506,8029,2,1,2026-08-21,3
18507,29971,2,1,2026-08-21,2
18508,15369,2,1,2026-08-21,3
18509,27909,2,1,2026-08-21,1
18510,304,2,1,2026-08-21,6
18511,22484,2,1,2026-08-21,4
18512,13902,2,1,2026-08-21,1
18513,30666,2,1,2026-08-21,4
18514,2942,2,1,2026-08-21,3
18515,45267,2,1,2026-08-21,3
18516,43239,2,1,2026-08-21,2
18517,47792,2,1,2026-08-21,4
18518,3847,2,1,2026-08-21,3
18519,41825,2,1,2026-08-21,3
18520,847,2,1,2026-08-21,4
18521,10721,2,1,2026-08-21,5
18522,12275,2,1,2026-08-21,3
18523,14599,2,1,2026-08-21,3
18524,34293,2,1,2026-08-21,5
18525,5975,2,1,2026-08-21,3
18526,39109,2,1,2026-08-21,3
18527,2347,2,1,2026-08-21,3
18528,17362,2,1,2026-08-21,5
18529,12498,2,1,2026-08-21,4
18530,29826,2,1,2026-08-21,3
18531,40394,2,1,2026-08-21,4
18532,35926,2,1,2026-08-21,4
18533,1773,2,1,2026-08-21,3
18534,10606,2,1,2026-08-21,4
18535,27224,2,1,2026-08-21,4
18536,46354,2,1,2026-08-21,4
18537,44696,2,1,2026-08-21,4
18538,41766,2,1,2026-08-21,4
18539,49820,2,1,2026-08-21,3
18540,32234,2,1,2026-08-21,3
18541,34637,2,1,2026-08-21,1
18542,7173,2,1,2026-08-21,4
18543,30438,2,1,2026-08-21,3
18544,5349,2,1,2026-08-21,1
18545,41286,2,1,2026-08-21,1
18546,29808,2,1,2026-08-21,4
18547,17139,2,1,2026-08-21,3
18548,5918,2,1,2026-08-21,4
18549,28019,2,1,2026-08-21,4
18550,12942,2,1,2026-08-21,4
18551,27597,2,1,2026-08-21,3
18552,775,2,1,2026-08-21,3
18553,21121,2,1,2026-08-21,3
18554,35709,2,1,2026-08-21,4
18555,2933,2,1,2026-08-21,3
18556,5588,2,1,2026-08-21,3
18557,1451,2,1,2026-08-21,4
18558,21621,2,1,2026-08-21,3
18559,37933,2,1,2026-08-21,3
18560,1566,2,1,2026-08-21,4
18561,19978,2,1,2026-08-21,2
18562,8894,2,1,2026-08-21,3
18563,46040,2,1,2026-08-21,3
18564,14274,2,1,2026-08-21,3
18565,31173,2,1,2026-08-21,3
18566,49458,2,2,2026-08-21,4
18567,16389,2,2,2026-08-21,3
18568,30877,2,2,2026-08-21,5
18569,3499,2,2,2026-08-21,4
18570,19869,2,2,2026-08-21,3
18571,9960,2,2,2026-08-21,4
18572,17211,2,2,2026-08-21,4
18573,15177,2,2,2026-08-21,1
18574,47849,2,2,2026-08-21,4
18575,4069,2,2,2026-08-21,4
18576,1144,2,2,2026-08-21,3
18577,48521,2,2,2026-08-21,3
18578,16630,2,2,2026-08-21,3
18579,13275,2,2,2026-08-21,1
18580,39933,2,2,2026-08-21,3
18581,21750,2,2,2026-08-21,3
18582,44498,2,2,2026-08-21,4
18583,38085,2,2,2026-08-21,4
18584,29791,2,2,2026-08-21,4
18585,29076,2,2,2026-08-21,4
18586,39746,2,2,2026-08-21,3
18587,26566,2,2,2026-08-21,1
18588,23412,2,2,2026-08-21,4
18589,30578,2,2,2026-08-21,3
18590,1528,2,2,2026-08-21,4
18591,29863,2,2,2026-08-21,1
18592,13041,2,2,2026-08-21,4
18593,28672,2,2,2026-08-21,4
18594,49292,2,2,2026-08-21,1
18595,47924,2,2,2026-08-21,3
18596,27851,2,2,2026-08-21,4
18597,24127,2,2,2026-08-21,3
18598,41680,2,2,2026-08-21,3
18599,26171,2,2,2026-08-21,1
18600,42629,2,2,2026-08-21,3
18601,8372,2,2,2026-08-21,4
18602,6650,2,2,2026-08-21,4
18603,18495,2,2,2026-08-21,3
18604,18168,2,2,2026-08-21,3
18605,49538,2,2,2026-08-21,2
18606,26538,2,2,2026-08-21,4
18607,8736,2,2,2026-08-21,1
18608,32589,2,2,2026-08-21,3
18609,41672,2,2,2026-08-21,3
18610,35206,2,2,2026-08-21,3
18611,7300,2,2,2026-08-21,1
18612,21173,2,2,2026-08-21,5
18613,336,2,2,2026-08-21,3
18614,12925,2,2,2026-08-21,3
18615,13021,2,2,2026-08-21,4
18616,33941,2,4,2026-08-21,3
18617,14834,2,4,2026-08-21,3
18618,18562,2,4,2026-08-21,3
18619,13109,2,4,2026-08-21,4
18620,37870,2,4,2026-08-21,4
18621,31380,2,4,2026-08-21,3
18622,4642,2,4,2026-08-21,2
18623,27502,2,4,2026-08-21,5
18624,45804,2,4,2026-08-21,5
18625,19036,2,4,2026-08-21,4
18626,34744,2,4,2026-08-21,4
18627,20321,2,4,2026-08-21,6
18628,14507,2,4,2026-08-21,3
18629,4306,2,4,2026-08-21,4
18630,8384,2,4,2026-08-21,4
18631,38121,2,4,2026-08-21,4
18632,43689,2,4,2026-08-21,4
18633,46692,2,4,2026-08-21,4
18634,47667,2,4,2026-08-21,3
18635,47702,2,4,2026-08-21,1
18636,3081,2,4,2026-08-21,1
18637,22626,2,4,2026-08-21,3
18638,21741,2,4,2026-08-21,4
18639,19135,2,4,2026-08-21,4
18640,25814,2,4,2026-08-21,3
18641,26836,2,4,2026-08-21,3
18642,36548,2,4,2026-08-21,3
18643,38591,2,4,2026-08-21,3
18644,41737,2,4,2026-08-21,3
18645,10591,2,4,2026-08-21,4
18646,23199,2,4,2026-08-21,4
18647,34427,2,4,2026-08-21,5
18648,6336,2,4,2026-08-21,1
18649,13590,2,4,2026-08-21,3
18650,40661,2,4,2026-08-21,3
18651,23914,2,4,2026-08-21,1
18652,35289,2,4,2026-08-21,3
18653,41765,2,4,2026-08-21,4
18654,33168,2,4,2026-08-21,3
18655,25515,2,4,2026-08-21,3
18656,31817,2,4,2026-08-21,3
18657,19738,2,4,2026-08-21,3
18658,15771,2,4,2026-08-21,3
18659,24874,2,4,2026-08-21,4
18660,22954,2,4,2026-08-21,3
18661,5814,2,4,2026-08-21,4
18662,121,2,4,2026-08-21,3
18663,1692,2,4,2026-08-21,3
18664,45860,2,4,2026-08-21,3
18665,18390,2,4,2026-08-21,4
18666,41920,2,4,2026-08-21,1
18667,19752,2,4,2026-08-21,5
18668,27596,2,4,2026-08-21,3
18669,2678,2,4,2026-08-21,4
18670,26828,2,4,2026-08-21,4
18671,43342,2,4,2026-08-21,2
18672,34482,2,4,2026-08-21,4
18673,48875,2,4,2026-08-21,1
18674,47254,2,4,2026-08-21,3
18675,1246,2,4,2026-08-21,4
18676,33535,2,4,2026-08-21,3
18677,7951,2,4,2026-08-21,3
18678,21876,2,4,2026-08-21,6
18679,2098,2,4,2026-08-21,1
18680,10966,2,4,2026-08-21,4
18681,25643,2,4,2026-08-21,3
18682,28619,2,4,2026-08-21,5
18683,36412,2,4,2026-08-21,1
18684,5584,2,4,2026-08-21,3
18685,49317,2,4,2026-08-21,3
18686,42644,2,4,2026-08-21,3
18687,45584,2,4,2026-08-21,3
18688,29679,2,4,2026-08-21,3
18689,35361,2,4,2026-08-21,3
18690,18530,2,4,2026-08-21,3
18691,15003,1,1,2026-08-24,4
18692,22797,1,1,2026-08-24,3
18693,807,1,1,2026-08-24,3
18694,392,1,1,2026-08-24,3
18695,49387,1,1,2026-08-24,3
18696,33588,1,1,2026-08-24,3
18697,46085,1,1,2026-08-24,3
18698,40808,1,1,2026-08-24,3
18699,22018,1,1,2026-08-24,3
18700,33540,1,1,2026-08-24,1
18701,31767,1,1,2026-08-24,3
18702,2129,1,1,2026-08-24,3
18703,18008,1,1,2026-08-24,3
18704,40319,1,1,2026-08-24,3
18705,39227,1,1,2026-08-24,3
18706,3566,1,1,2026-08-24,3
18707,22457,1,1,2026-08-24,3
18708,28505,1,1,2026-08-24,3
18709,5188,1,1,2026-08-24,3
18710,17135,1,1,2026-08-24,3
18711,17791,1,1,2026-08-24,3
18712,33807,1,1,2026-08-24,3
18713,26643,1,1,2026-08-24,1
18714,43364,1,1,2026-08-24,3
18715,35364,1,1,2026-08-24,1
18716,1197,1,1,2026-08-24,4
18717,38222,1,1,2026-08-24,1
18718,6261,1,1,2026-08-24,3
18719,22052,1,1,2026-08-24,4
18720,42416,1,1,2026-08-24,1
18721,45083,1,1,2026-08-24,3
18722,10761,1,1,2026-08-24,3
18723,19081,1,1,2026-08-24,3
18724,16402,1,1,2026-08-24,3
18725,20014,1,1,2026-08-24,1
18726,49566,1,1,2026-08-24,3
18727,23696,1,1,2026-08-24,3
18728,5185,1,1,2026-08-24,3
18729,49403,1,1,2026-08-24,3
18730,41648,1,1,2026-08-24,3
18731,37791,1,1,2026-08-24,1
18732,36423,1,1,2026-08-24,4
18733,33393,1,1,2026-08-24,3
18734,23736,1,1,2026-08-24,3
18735,33211,1,1,2026-08-24,3
18736,21962,1,1,2026-08-24,3
18737,41254,1,1,2026-08-24,3
18738,34766,1,1,2026-08-24,3
18739,42880,1,1,2026-08-24,3
18740,28839,1,1,2026-08-24,3
18741,26966,1,1,2026-08-24,4
18742,37297,1,1,2026-08-24,3
18743,38898,1,1,2026-08-24,3
18744,28714,1,1,2026-08-24,3
18745,45122,1,1,2026-08-24,4
18746,36659,1,1,2026-08-24,1
18747,3356,1,1,2026-08-24,3
18748,34786,1,1,2026-08-24,1
18749,27388,1,1,2026-08-24,5
18750,43981,1,1,2026-08-24,1
18751,77,1,1,2026-08-24,3
18752,11582,1,1,2026-08-24,4
18753,49725,1,1,2026-08-24,3
18754,6898,1,1,2026-08-24,3
18755,42707,1,1,2026-08-24,3
18756,46856,1,1,2026-08-24,3
18757,33341,1,1,2026-08-24,3
18758,25840,1,1,2026-08-24,4
18759,15658,1,1,2026-08-24,3
18760,41679,1,1,2026-08-24,3
18761,7137,1,1,2026-08-24,3
18762,47576,1,1,2026-08-24,3
18763,27952,1,1,2026-08-24,3
18764,35458,1,1,2026-08-24,3
18765,20275,1,1,2026-08-24,3
18766,48909,1,1,2026-08-24,3
18767,6870,1,1,2026-08-24,3
18768,2278,1,1,2026-08-24,3
18769,35967,1,1,2026-08-24,3
18770,25581,1,1,2026-08-24,3
18771,29959,1,1,2026-08-24,1
18772,9592,1,1,2026-08-24,6
18773,39416,1,1,2026-08-24,3
18774,41406,1,1,2026-08-24,3
18775,34048,1,1,2026-08-24,3
18776,7417,1,1,2026-08-24,3
18777,11138,1,1,2026-08-24,3
18778,3322,1,1,2026-08-24,3
18779,28613,1,1,2026-08-24,3
18780,32203,1,1,2026-08-24,3
18781,30583,1,1,2026-08-24,3
18782,7157,1,1,2026-08-24,3
18783,42861,1,1,2026-08-24,3
18784,18226,1,1,2026-08-24,3
18785,1003,1,1,2026-08-24,3
18786,47359,1,1,2026-08-24,4
18787,3241,1,1,2026-08-24,3
18788,40940,1,1,2026-08-24,3
18789,26039,1,1,2026-08-24,3
18790,12134,1,1,2026-08-24,3
18791,43534,1,1,2026-08-24,1
18792,7892,1,1,2026-08-24,4
18793,36301,1,1,2026-08-24,3
18794,32455,1,1,2026-08-24,3
18795,12886,1,1,2026-08-24,3
18796,45067,1,1,2026-08-24,3
18797,4,1,1,2026-08-24,3
18798,17834,1,1,2026-08-24,5
18799,4326,1,1,2026-08-24,3
18800,14157,1,1,2026-08-24,3
18801,36609,1,1,2026-08-24,3
18802,37086,1,1,2026-08-24,3
18803,37794,1,1,2026-08-24,3
18804,10791,1,1,2026-08-24,3
18805,10770,1,1,2026-08-24,3
18806,42373,1,1,2026-08-24,3
18807,31824,1,1,2026-08-24,4
18808,48622,1,1,2026-08-24,3
18809,34615,1,1,2026-08-24,3
18810,44703,1,1,2026-08-24,3
18811,16520,1,1,2026-08-24,3
18812,40655,1,1,2026-08-24,3
18813,11197,1,1,2026-08-24,3
18814,17521,1,1,2026-08-24,3
18815,28685,1,1,2026-08-24,3
18816,5696,1,1,2026-08-24,3
18817,23567,1,1,2026-08-24,3
18818,19972,1,1,2026-08-24,3
18819,27384,1,1,2026-08-24,4
18820,3085,1,1,2026-08-24,3
18821,881,1,1,2026-08-24,3
18822,16107,1,1,2026-08-24,4
18823,28720,1,1,2026-08-24,3
18824,1637,1,1,2026-08-24,3
18825,26233,1,1,2026-08-24,3
18826,16680,1,1,2026-08-24,3
18827,30034,1,1,2026-08-24,3
18828,32325,1,1,2026-08-24,3
18829,41106,1,1,2026-08-24,4
18830,24049,1,1,2026-08-24,6
18831,3823,1,1,2026-08-24,3
18832,955,1,1,2026-08-24,3
18833,39014,1,1,2026-08-24,4
18834,44437,1,1,2026-08-24,3
18835,17764,1,1,2026-08-24,3
18836,31190,1,1,2026-08-24,3
18837,4982,1,1,2026-08-24,3
18838,12965,1,1,2026-08-24,3
18839,49342,1,1,2026-08-24,3
18840,36137,1,1,2026-08-24,3
18841,16241,1,1,2026-08-24,3
18842,30348,1,1,2026-08-24,3
18843,1011,1,1,2026-08-24,3
18844,27298,1,1,2026-08-24,3
18845,38070,1,1,2026-08-24,3
18846,31050,1,1,2026-08-24,3
18847,12105,1,1,2026-08-24,3
18848,45597,1,1,2026-08-24,1
18849,1928,1,1,2026-08-24,3
18850,7110,1,1,2026-08-24,4
18851,6141,1,1,2026-08-24,3
18852,22851,1,1,2026-08-24,3
18853,46541,1,1,2026-08-24,1
18854,1231,1,1,2026-08-24,3
18855,7057,1,1,2026-08-24,3
18856,40931,1,1,2026-08-24,3
18857,114,1,1,2026-08-24,3
18858,17538,1,1,2026-08-24,3
18859,18156,1,1,2026-08-24,3
18860,5864,1,1,2026-08-24,3
18861,20819,1,1,2026-08-24,3
18862,19744,1,1,2026-08-24,1
18863,27036,1,1,2026-08-24,3
18864,5892,1,1,2026-08-24,1
18865,41752,1,1,2026-08-24,3
18866,1837,1,1,2026-08-24,3
18867,20058,1,1,2026-08-24,3
18868,9658,1,1,2026-08-24,3
18869,32198,1,1,2026-08-24,4
18870,15811,1,1,2026-08-24,3
18871,19005,1,1,2026-08-24,3
18872,22931,1,1,2026-08-24,3
18873,19431,1,1,2026-08-24,3
18874,46034,1,1,2026-08-24,3
18875,13220,1,1,2026-08-24,3
18876,20114,1,1,2026-08-24,3
18877,16053,1,1,2026-08-24,4
18878,9766,1,1,2026-08-24,3
18879,11856,1,1,2026-08-24,3
18880,17412,1,1,2026-08-24,3
18881,19221,1,1,2026-08-24,3
18882,33805,1,1,2026-08-24,3
18883,2722,1,1,2026-08-24,3
18884,30850,1,1,2026-08-24,3
18885,31680,1,1,2026-08-24,3
18886,6637,1,1,2026-08-24,3
18887,22398,1,1,2026-08-24,3
18888,5874,1,1,2026-08-24,3
18889,14383,1,1,2026-08-24,3
18890,26721,1,1,2026-08-24,3
18891,15566,1,1,2026-08-24,1
18892,41059,1,1,2026-08-24,3
18893,18819,1,1,2026-08-24,3
18894,5119,1,1,2026-08-24,3
18895,2626,1,1,2026-08-24,3
18896,7277,1,1,2026-08-24,3
18897,5307,1,1,2026-08-24,3
18898,29412,1,1,2026-08-24,3
18899,527,1,1,2026-08-24,3
18900,36491,1,1,2026-08-24,3
18901,1267,1,1,2026-08-24,3
18902,9431,1,1,2026-08-24,4
18903,15997,1,1,2026-08-24,3
18904,22579,1,1,2026-08-24,1
18905,48108,1,1,2026-08-24,3
18906,31487,1,1,2026-08-24,3
18907,36807,1,1,2026-08-24,3
18908,1355,1,1,2026-08-24,4
18909,6835,1,1,2026-08-24,3
18910,32985,1,1,2026-08-24,3
18911,28301,1,1,2026-08-24,3
18912,27685,1,1,2026-08-24,3
18913,5089,1,1,2026-08-24,3
18914,2499,1,1,2026-08-24,3
18915,47463,1,1,2026-08-24,3
18916,10960,1,1,2026-08-24,3
18917,40455,1,1,2026-08-24,4
18918,49277,1,1,2026-08-24,5
18919,39646,1,1,2026-08-24,3
18920,11584,1,1,2026-08-24,4
18921,13378,1,1,2026-08-24,3
18922,40864,1,1,2026-08-24,3
18923,44157,1,1,2026-08-24,3
18924,29845,1,1,2026-08-24,4
18925,5381,1,1,2026-08-24,3
18926,37914,1,1,2026-08-24,3
18927,42291,1,1,2026-08-24,3
18928,25114,1,1,2026-08-24,3
18929,3426,1,1,2026-08-24,3
18930,49302,1,1,2026-08-24,3
18931,26827,1,1,2026-08-24,3
18932,12491,1,1,2026-08-24,3
18933,30810,1,1,2026-08-24,3
18934,23651,1,1,2026-08-24,3
18935,21163,1,1,2026-08-24,3
18936,20641,1,1,2026-08-24,5
18937,46218,1,1,2026-08-24,1
18938,20516,1,1,2026-08-24,3
18939,32133,1,1,2026-08-24,3
18940,40327,1,1,2026-08-24,4
18941,20828,1,1,2026-08-24,3
18942,13342,1,1,2026-08-24,3
18943,11082,1,1,2026-08-24,5
18944,21470,1,1,2026-08-24,3
18945,35378,1,1,2026-08-24,3
18946,1230,1,1,2026-08-24,5
18947,25465,1,1,2026-08-24,1
18948,9282,1,1,2026-08-24,3
18949,15501,1,1,2026-08-24,3
18950,48775,1,1,2026-08-24,3
18951,34579,1,1,2026-08-24,3
18952,33473,1,1,2026-08-24,3
18953,46338,1,1,2026-08-24,3
18954,24148,1,1,2026-08-24,3
18955,42048,1,1,2026-08-24,3
18956,16217,1,1,2026-08-24,3
18957,6451,1,1,2026-08-24,3
18958,45546,1,1,2026-08-24,3
18959,2498,1,1,2026-08-24,3
18960,19024,1,1,2026-08-24,3
18961,18001,1,1,2026-08-24,3
18962,44016,1,1,2026-08-24,3
18963,10418,1,1,2026-08-24,3
18964,29174,1,1,2026-08-24,3
18965,30673,1,1,2026-08-24,3
18966,30544,1,1,2026-08-24,3
18967,8257,1,1,2026-08-24,3
18968,31391,1,1,2026-08-24,3
18969,16751,1,1,2026-08-24,3
18970,44923,1,1,2026-08-24,3
18971,33768,1,1,2026-08-24,3
18972,34020,1,1,2026-08-24,3
18973,12778,1,1,2026-08-24,3
18974,47966,1,1,2026-08-24,4
18975,4981,1,1,2026-08-24,3
18976,40709,1,1,2026-08-24,3
18977,2303,1,1,2026-08-24,3
18978,28032,1,1,2026-08-24,1
18979,7116,1,1,2026-08-24,3
18980,38878,1,1,2026-08-24,3
18981,24021,1,1,2026-08-24,3
18982,9838,1,1,2026-08-24,1
18983,21548,1,1,2026-08-24,3
18984,46598,1,1,2026-08-24,4
18985,48340,1,1,2026-08-24,3
18986,48240,1,1,2026-08-24,3
18987,40392,1,1,2026-08-24,3
18988,5913,1,1,2026-08-24,3
18989,13708,1,1,2026-08-24,3
18990,47206,1,1,2026-08-24,3
18991,41794,1,1,2026-08-24,3
18992,22997,1,1,2026-08-24,3
18993,16499,1,1,2026-08-24,3
18994,19684,1,1,2026-08-24,1
18995,37728,1,1,2026-08-24,3
18996,23189,1,1,2026-08-24,3
18997,43564,1,1,2026-08-24,1
18998,27246,1,1,2026-08-24,3
18999,13045,1,1,2026-08-24,4
19000,12268,1,1,2026-08-24,3
19001,4047,1,1,2026-08-24,1
19002,15495,1,1,2026-08-24,3
19003,965,1,1,2026-08-24,1
19004,12641,1,1,2026-08-24,3
19005,34505,1,1,2026-08-24,4
19006,21002,1,1,2026-08-24,3
19007,46340,1,1,2026-08-24,3
19008,39620,1,1,2026-08-24,3
19009,47814,1,1,2026-08-24,3
19010,21305,1,1,2026-08-24,3
19011,21790,1,1,2026-08-24,3
19012,8224,1,1,2026-08-24,3
19013,29682,1,1,2026-08-24,3
19014,17661,1,1,2026-08-24,4
19015,35414,1,1,2026-08-24,3
19016,14324,1,1,2026-08-24,3
19017,48670,1,1,2026-08-24,3
19018,10616,1,1,2026-08-24,3
19019,21544,1,1,2026-08-24,3
19020,49659,1,1,2026-08-24,3
19021,27984,1,1,2026-08-24,3
19022,10064,1,1,2026-08-24,3
19023,8022,1,1,2026-08-24,3
19024,2899,1,1,2026-08-24,6
19025,14766,1,1,2026-08-24,4
19026,48155,1,1,2026-08-24,3
19027,24812,1,1,2026-08-24,3
19028,38851,1,1,2026-08-24,3
19029,13783,1,1,2026-08-24,3
19030,48840,1,1,2026-08-24,3
19031,14086,1,1,2026-08-24,5
19032,27533,1,1,2026-08-24,3
19033,33857,1,1,2026-08-24,3
19034,23639,1,1,2026-08-24,1
19035,43278,1,1,2026-08-24,3
19036,45866,1,1,2026-08-24,3
19037,20701,1,1,2026-08-24,3
19038,29254,1,1,2026-08-24,3
19039,33720,1,1,2026-08-24,3
19040,41955,1,1,2026-08-24,3
19041,20013,1,1,2026-08-24,3
19042,45730,1,1,2026-08-24,3
19043,5675,1,1,2026-08-24,1
19044,27057,1,1,2026-08-24,3
19045,32921,1,1,2026-08-24,3
19046,6296,1,1,2026-08-24,3
19047,16042,1,1,2026-08-24,3
19048,2542,1,1,2026-08-24,3
19049,16921,1,1,2026-08-24,1
19050,46471,1,1,2026-08-24,3
19051,18215,1,1,2026-08-24,4
19052,15294,1,1,2026-08-24,3
19053,46026,1,1,2026-08-24,3
19054,6367,1,1,2026-08-24,3
19055,2430,1,1,2026-08-24,3
19056,22512,1,1,2026-08-24,3
19057,6431,1,1,2026-08-24,3
19058,1777,1,1,2026-08-24,3
19059,49637,1,1,2026-08-24,3
19060,36515,1,1,2026-08-24,3
19061,37499,1,1,2026-08-24,3
19062,38782,1,1,2026-08-24,3
19063,30911,1,1,2026-08-24,3
19064,4728,1,1,2026-08-24,3
19065,11083,1,1,2026-08-24,1
19066,39020,1,1,2026-08-24,3
19067,32706,1,1,2026-08-24,3
19068,29287,1,1,2026-08-24,3
19069,34483,1,1,2026-08-24,3
19070,6116,1,1,2026-08-24,3
19071,8710,1,1,2026-08-24,3
19072,1888,1,1,2026-08-24,3
19073,13958,1,1,2026-08-24,3
19074,18986,1,1,2026-08-24,3
19075,34065,1,1,2026-08-24,3
19076,12715,1,1,2026-08-24,3
19077,18372,1,1,2026-08-24,4
19078,22514,1,1,2026-08-24,4
19079,1158,1,1,2026-08-24,3
19080,42736,1,1,2026-08-24,3
19081,9118,1,1,2026-08-24,3
19082,48422,1,1,2026-08-24,3
19083,3184,1,1,2026-08-24,3
19084,4429,1,1,2026-08-24,1
19085,19938,1,1,2026-08-24,3
19086,20489,1,1,2026-08-24,3
19087,42006,1,1,2026-08-24,3
19088,28713,1,1,2026-08-24,3
19089,26435,1,1,2026-08-24,3
19090,17405,1,1,2026-08-24,3
19091,23164,1,1,2026-08-24,3
19092,23427,1,1,2026-08-24,3
19093,24496,1,1,2026-08-24,3
19094,34437,1,1,2026-08-24,3
19095,46136,1,1,2026-08-24,3
19096,47621,1,1,2026-08-24,3
19097,29014,1,1,2026-08-24,3
19098,7888,1,1,2026-08-24,3
19099,26603,1,1,2026-08-24,3
19100,35185,1,1,2026-08-24,3
19101,2771,1,1,2026-08-24,1
19102,49140,1,1,2026-08-24,3
19103,24852,1,1,2026-08-24,3
19104,49841,1,1,2026-08-24,1
19105,15800,1,1,2026-08-24,3
19106,28942,1,1,2026-08-24,3
19107,43331,1,1,2026-08-24,3
19108,49667,1,1,2026-08-24,1
19109,9668,1,1,2026-08-24,4
19110,38621,1,1,2026-08-24,3
19111,37124,1,1,2026-08-24,3
19112,9521,1,1,2026-08-24,3
19113,40445,1,1,2026-08-24,3
19114,4041,1,1,2026-08-24,3
19115,1618,1,1,2026-08-24,3
19116,44078,1,1,2026-08-24,3
19117,38208,1,1,2026-08-24,3
19118,33797,1,1,2026-08-24,3
19119,15409,1,1,2026-08-24,3
19120,30855,1,1,2026-08-24,4
19121,10913,1,1,2026-08-24,3
19122,45979,1,1,2026-08-24,3
19123,43163,1,1,2026-08-24,3
19124,40045,1,1,2026-08-24,3
19125,49617,1,1,2026-08-24,3
19126,34732,1,1,2026-08-24,3
19127,10365,1,1,2026-08-24,4
19128,30152,1,1,2026-08-24,3
19129,6905,1,1,2026-08-24,3
19130,16120,1,1,2026-08-24,3
19131,8304,1,1,2026-08-24,3
19132,39862,1,1,2026-08-24,3
19133,12509,1,1,2026-08-24,3
19134,12677,1,1,2026-08-24,3
19135,21422,1,1,2026-08-24,3
19136,2863,1,1,2026-08-24,3
19137,25984,1,1,2026-08-24,3
19138,22123,1,1,2026-08-24,3
19139,28318,1,1,2026-08-24,3
19140,18555,1,1,2026-08-24,3
19141,11467,1,1,2026-08-24,3
19142,46852,1,1,2026-08-24,3
19143,49598,1,1,2026-08-24,3
19144,25195,1,1,2026-08-24,3
19145,1331,1,1,2026-08-24,3
19146,11559,1,1,2026-08-24,3
19147,43095,1,1,2026-08-24,6
19148,9879,1,1,2026-08-24,3
19149,11347,1,1,2026-08-24,3
19150,33428,1,1,2026-08-24,3
19151,33134,1,1,2026-08-24,3
19152,7423,1,1,2026-08-24,3
19153,35642,1,1,2026-08-24,3
19154,12673,1,1,2026-08-24,3
19155,26473,1,1,2026-08-24,6
19156,37915,1,1,2026-08-24,3
19157,21892,1,1,2026-08-24,3
19158,38073,1,1,2026-08-24,3
19159,18577,1,1,2026-08-24,1
19160,9708,1,1,2026-08-24,3
19161,40154,1,1,2026-08-24,3
19162,17121,1,1,2026-08-24,3
19163,24529,1,1,2026-08-24,3
19164,3879,1,1,2026-08-24,3
19165,10876,1,1,2026-08-24,3
19166,48682,1,1,2026-08-24,1
19167,44099,1,1,2026-08-24,3
19168,43118,1,1,2026-08-24,3
19169,21368,1,1,2026-08-24,3
19170,37109,1,1,2026-08-24,3
19171,8874,1,1,2026-08-24,5
19172,47169,1,1,2026-08-24,3
19173,286,1,1,2026-08-24,3
19174,24464,1,1,2026-08-24,1
19175,15881,1,1,2026-08-24,4
19176,17647,1,1,2026-08-24,3
19177,7502,1,1,2026-08-24,3
19178,17861,1,1,2026-08-24,3
19179,21069,1,1,2026-08-24,3
19180,38196,1,1,2026-08-24,3
19181,32110,1,1,2026-08-24,3
19182,14951,1,1,2026-08-24,3
19183,49779,1,1,2026-08-24,3
19184,49017,1,1,2026-08-24,3
19185,38286,1,1,2026-08-24,3
19186,16277,1,1,2026-08-24,3
19187,25750,1,1,2026-08-24,3
19188,28534,1,1,2026-08-24,3
19189,23992,1,1,2026-08-24,3
19190,31605,1,1,2026-08-24,3
19191,14932,1,1,2026-08-24,3
19192,7282,1,1,2026-08-24,3
19193,17606,1,1,2026-08-24,4
19194,48765,1,1,2026-08-24,3
19195,34309,1,1,2026-08-24,1
19196,34031,1,1,2026-08-24,3
19197,29524,1,1,2026-08-24,3
19198,191,1,1,2026-08-24,4
19199,44366,1,1,2026-08-24,3
19200,47502,1,1,2026-08-24,3
19201,29191,1,1,2026-08-24,1
19202,46759,1,1,2026-08-24,3
19203,19658,1,1,2026-08-24,3
19204,28982,1,1,2026-08-24,3
19205,15844,1,1,2026-08-24,3
19206,35149,1,1,2026-08-24,4
19207,40431,1,1,2026-08-24,1
19208,34519,1,1,2026-08-24,3
19209,23274,1,1,2026-08-24,3
19210,18193,1,1,2026-08-24,3
19211,164,1,1,2026-08-24,3
19212,13710,1,1,2026-08-24,3
19213,30110,1,1,2026-08-24,3
19214,23155,1,1,2026-08-24,3
19215,14156,1,1,2026-08-24,3
19216,33802,1,1,2026-08-24,4
19217,26380,1,1,2026-08-24,3
19218,30922,1,1,2026-08-24,3
19219,15100,1,1,2026-08-24,3
19220,37967,1,1,2026-08-24,3
19221,6225,1,1,2026-08-24,3
19222,10181,1,1,2026-08-24,3
19223,23969,1,1,2026-08-24,3
19224,21438,1,1,2026-08-24,3
19225,1347,1,1,2026-08-24,3
19226,16272,1,1,2026-08-24,4
19227,7374,1,1,2026-08-24,3
19228,16198,1,1,2026-08-24,3
19229,22010,1,1,2026-08-24,3
19230,300,1,1,2026-08-24,3
19231,31183,1,1,2026-08-24,3
19232,28747,1,1,2026-08-24,4
19233,43226,1,1,2026-08-24,3
19234,14958,1,1,2026-08-24,3
19235,21160,1,1,2026-08-24,3
19236,31488,1,1,2026-08-24,3
19237,33707,1,1,2026-08-24,3
19238,13981,1,1,2026-08-24,3
19239,4030,1,1,2026-08-24,3
19240,11342,1,1,2026-08-24,3
19241,10907,1,1,2026-08-24,3
19242,49296,1,1,2026-08-24,4
19243,10090,1,1,2026-08-24,3
19244,35474,1,1,2026-08-24,3
19245,2471,1,1,2026-08-24,3
19246,29572,1,1,2026-08-24,3
19247,18801,1,1,2026-08-24,4
19248,33265,1,1,2026-08-24,3
19249,39555,1,1,2026-08-24,3
19250,16729,1,1,2026-08-24,3
19251,8950,1,1,2026-08-24,3
19252,27708,1,1,2026-08-24,3
19253,24660,1,1,2026-08-24,3
19254,48301,1,1,2026-08-24,3
19255,16617,1,1,2026-08-24,3
19256,22292,1,1,2026-08-24,3
19257,30924,1,1,2026-08-24,3
19258,29140,1,1,2026-08-24,3
19259,23702,1,1,2026-08-24,3
19260,36589,1,1,2026-08-24,3
19261,39182,1,1,2026-08-24,3
19262,6716,1,1,2026-08-24,1
19263,14872,1,1,2026-08-24,3
19264,29220,1,1,2026-08-24,1
19265,317,1,1,2026-08-24,3
19266,12848,1,1,2026-08-24,3
19267,9227,1,1,2026-08-24,3
19268,6362,1,1,2026-08-24,3
19269,4948,1,1,2026-08-24,3
19270,30500,1,1,2026-08-24,3
19271,43595,1,1,2026-08-24,3
19272,19961,1,1,2026-08-24,3
19273,44480,1,1,2026-08-24,3
19274,17677,1,1,2026-08-24,1
19275,16663,1,1,2026-08-24,3
19276,22588,1,1,2026-08-24,3
19277,8279,1,1,2026-08-24,1
19278,47165,1,1,2026-08-24,5
19279,20639,1,1,2026-08-24,3
19280,43765,1,1,2026-08-24,3
19281,3080,1,1,2026-08-24,3
19282,15050,1,1,2026-08-24,1
19283,25431,1,1,2026-08-24,3
19284,32854,1,1,2026-08-24,3
19285,49771,1,1,2026-08-24,3
19286,17979,1,1,2026-08-24,3
19287,31639,1,1,2026-08-24,3
19288,34304,1,1,2026-08-24,3
19289,14730,1,1,2026-08-24,1
19290,11244,1,1,2026-08-24,3
19291,47846,1,1,2026-08-24,3
19292,30389,1,1,2026-08-24,1
19293,9608,1,1,2026-08-24,3
19294,6381,1,1,2026-08-24,3
19295,40619,1,1,2026-08-24,3
19296,36194,1,1,2026-08-24,3
19297,25657,1,1,2026-08-24,3
19298,17870,1,1,2026-08-24,3
19299,40232,1,1,2026-08-24,3
19300,35958,1,1,2026-08-24,3
19301,46904,1,1,2026-08-24,3
19302,37572,1,1,2026-08-24,3
19303,48213,1,1,2026-08-24,3
19304,15562,1,1,2026-08-24,3
19305,11262,1,1,2026-08-24,3
19306,7566,1,1,2026-08-24,3
19307,8573,1,1,2026-08-24,3
19308,19497,1,1,2026-08-24,4
19309,4904,1,1,2026-08-24,1
19310,31023,1,1,2026-08-24,3
19311,20911,1,1,2026-08-24,4
19312,31579,1,1,2026-08-24,3
19313,18178,1,1,2026-08-24,4
19314,34140,1,1,2026-08-24,3
19315,16778,1,1,2026-08-24,3
19316,3135,1,3,2026-08-24,3
19317,7476,1,3,2026-08-24,3
19318,31128,1,3,2026-08-24,3
19319,4753,1,3,2026-08-24,4
19320,28976,1,3,2026-08-24,3
19321,47010,1,3,2026-08-24,3
19322,7712,1,3,2026-08-24,3
19323,925,1,3,2026-08-24,3
19324,3606,1,3,2026-08-24,3
19325,16857,1,3,2026-08-24,3
19326,5247,1,3,2026-08-24,3
19327,26814,1,3,2026-08-24,4
19328,3323,1,3,2026-08-24,3
19329,13257,1,3,2026-08-24,3
19330,8126,1,3,2026-08-24,4
19331,16819,1,3,2026-08-24,1
19332,49695,1,3,2026-08-24,3
19333,10075,1,3,2026-08-24,3
19334,3981,1,3,2026-08-24,3
19335,43652,1,3,2026-08-24,3
19336,4950,1,3,2026-08-24,3
19337,15036,1,3,2026-08-24,4
19338,13500,1,3,2026-08-24,1
19339,39294,1,3,2026-08-24,3
19340,34093,1,3,2026-08-24,3
19341,38880,1,3,2026-08-24,3
19342,29769,1,3,2026-08-24,3
19343,38316,1,3,2026-08-24,3
19344,40081,1,3,2026-08-24,3
19345,6902,1,3,2026-08-24,3
19346,44149,1,3,2026-08-24,3
19347,10185,1,3,2026-08-24,3
19348,41203,1,3,2026-08-24,3
19349,26624,1,3,2026-08-24,3
19350,19364,1,3,2026-08-24,3
19351,23574,1,3,2026-08-24,3
19352,26644,1,3,2026-08-24,3
19353,42021,1,3,2026-08-24,4
19354,42464,1,3,2026-08-24,3
19355,14165,1,3,2026-08-24,3
19356,18327,1,3,2026-08-24,3
19357,15217,1,3,2026-08-24,3
19358,31367,1,3,2026-08-24,3
19359,5823,1,3,2026-08-24,3
19360,3803,1,3,2026-08-24,3
19361,5055,1,3,2026-08-24,3
19362,23654,1,3,2026-08-24,3
19363,15322,1,3,2026-08-24,3
19364,43928,1,3,2026-08-24,3
19365,27493,1,3,2026-08-24,3
19366,18432,1,3,2026-08-24,3
19367,49820,1,3,2026-08-24,3
19368,29049,1,3,2026-08-24,3
19369,46784,1,3,2026-08-24,3
19370,126,1,3,2026-08-24,3
19371,42012,1,3,2026-08-24,3
19372,3515,1,3,2026-08-24,3
19373,46686,1,3,2026-08-24,1
19374,40921,1,3,2026-08-24,3
19375,41724,1,3,2026-08-24,3
19376,4082,1,3,2026-08-24,3
19377,19525,1,3,2026-08-24,3
19378,18126,1,3,2026-08-24,3
19379,17203,1,3,2026-08-24,4
19380,49947,1,3,2026-08-24,3
19381,28209,1,3,2026-08-24,3
19382,19299,1,3,2026-08-24,3
19383,34866,1,3,2026-08-24,3
19384,29557,1,3,2026-08-24,3
19385,900,1,3,2026-08-24,3
19386,34546,1,3,2026-08-24,3
19387,9110,1,3,2026-08-24,3
19388,42220,1,3,2026-08-24,3
19389,3780,1,3,2026-08-24,3
19390,33639,1,3,2026-08-24,3
19391,29375,1,3,2026-08-24,3
19392,37215,1,3,2026-08-24,3
19393,14679,1,3,2026-08-24,3
19394,36459,1,3,2026-08-24,3
19395,12209,1,3,2026-08-24,3
19396,41005,1,3,2026-08-24,3
19397,18058,1,3,2026-08-24,3
19398,12488,1,3,2026-08-24,3
19399,4812,1,3,2026-08-24,3
19400,45491,1,3,2026-08-24,3
19401,40459,1,3,2026-08-24,1
19402,30350,1,3,2026-08-24,3
19403,597,1,3,2026-08-24,3
19404,38501,1,3,2026-08-24,3
19405,42919,1,3,2026-08-24,3
19406,44528,1,3,2026-08-24,3
19407,33005,1,3,2026-08-24,3
19408,33754,1,3,2026-08-24,3
19409,20301,1,3,2026-08-24,3
19410,34453,1,3,2026-08-24,3
19411,27238,1,3,2026-08-24,1
19412,12768,1,3,2026-08-24,1
19413,46589,1,3,2026-08-24,4
19414,7293,1,3,2026-08-24,3
19415,10862,1,3,2026-08-24,3
19416,24548,1,3,2026-08-24,3
19417,38793,1,3,2026-08-24,3
19418,31077,1,3,2026-08-24,3
19419,33378,1,3,2026-08-24,3
19420,4477,1,3,2026-08-24,3
19421,31760,1,3,2026-08-24,3
19422,25980,1,3,2026-08-24,1
19423,46384,1,3,2026-08-24,3
19424,42234,1,3,2026-08-24,3
19425,1710,1,3,2026-08-24,3
19426,4964,1,3,2026-08-24,3
19427,12160,1,3,2026-08-24,3
19428,43338,1,3,2026-08-24,3
19429,2733,1,3,2026-08-24,4
19430,22454,1,3,2026-08-24,3
19431,41664,1,3,2026-08-24,3
19432,47598,1,3,2026-08-24,4
19433,3259,1,3,2026-08-24,3
19434,17546,1,3,2026-08-24,3
19435,3701,1,3,2026-08-24,3
19436,24546,1,3,2026-08-24,1
19437,10635,1,3,2026-08-24,3
19438,9738,1,3,2026-08-24,1
19439,16150,1,3,2026-08-24,4
19440,49358,1,3,2026-08-24,1
19441,26584,1,3,2026-08-24,3
19442,12644,1,3,2026-08-24,3
19443,16884,1,3,2026-08-24,3
19444,27565,1,3,2026-08-24,3
19445,43114,1,3,2026-08-24,3
19446,12744,1,3,2026-08-24,3
19447,3316,1,3,2026-08-24,3
19448,36998,1,3,2026-08-24,3
19449,29124,1,3,2026-08-24,3
19450,25626,1,3,2026-08-24,5
19451,25801,1,3,2026-08-24,3
19452,35618,1,3,2026-08-24,3
19453,34340,1,3,2026-08-24,4
19454,10187,1,3,2026-08-24,4
19455,43193,1,3,2026-08-24,4
19456,34545,1,3,2026-08-24,1
19457,33226,1,3,2026-08-24,3
19458,46520,1,3,2026-08-24,3
19459,42439,1,3,2026-08-24,1
19460,12627,1,3,2026-08-24,3
19461,7675,1,3,2026-08-24,5
19462,47427,1,3,2026-08-24,3
19463,39278,1,3,2026-08-24,3
19464,39664,1,3,2026-08-24,3
19465,12005,1,3,2026-08-24,3
19466,29990,1,3,2026-08-24,3
19467,29427,1,3,2026-08-24,3
19468,32977,1,3,2026-08-24,3
19469,48500,1,3,2026-08-24,4
19470,35354,1,3,2026-08-24,3
19471,7852,1,3,2026-08-24,3
19472,3138,1,3,2026-08-24,3
19473,22261,1,3,2026-08-24,3
19474,35800,1,3,2026-08-24,3
19475,32268,1,3,2026-08-24,4
19476,14575,1,3,2026-08-24,4
19477,34289,1,3,2026-08-24,4
19478,35851,1,3,2026-08-24,3
19479,17930,1,3,2026-08-24,3
19480,19393,1,3,2026-08-24,4
19481,17105,1,3,2026-08-24,3
19482,36467,1,3,2026-08-24,3
19483,6954,1,3,2026-08-24,3
19484,32085,1,3,2026-08-24,3
19485,8516,1,3,2026-08-24,3
19486,28631,1,3,2026-08-24,1
19487,42158,1,3,2026-08-24,3
19488,36730,1,3,2026-08-24,3
19489,12068,1,3,2026-08-24,3
19490,2796,1,3,2026-08-24,4
19491,37212,1,3,2026-08-24,3
19492,27449,1,3,2026-08-24,4
19493,9803,1,3,2026-08-24,3
19494,32342,1,3,2026-08-24,3
19495,9957,1,3,2026-08-24,3
19496,8430,1,3,2026-08-24,3
19497,35748,1,3,2026-08-24,3
19498,6527,1,3,2026-08-24,3
19499,9268,1,3,2026-08-24,3
19500,38741,1,3,2026-08-24,4
19501,49133,1,3,2026-08-24,4
19502,30579,1,3,2026-08-24,3
19503,38423,1,3,2026-08-24,1
19504,5644,1,3,2026-08-24,4
19505,14424,1,3,2026-08-24,3
19506,43628,1,3,2026-08-24,4
19507,24932,1,3,2026-08-24,3
19508,32974,1,3,2026-08-24,3
19509,46353,1,3,2026-08-24,3
19510,41793,1,3,2026-08-24,3
19511,21852,1,3,2026-08-24,3
19512,22815,1,3,2026-08-24,3
19513,40192,1,3,2026-08-24,3
19514,42952,1,3,2026-08-24,4
19515,32300,1,3,2026-08-24,3
19516,38585,1,3,2026-08-24,3
19517,11049,1,3,2026-08-24,3
19518,2847,1,3,2026-08-24,3
19519,31819,1,3,2026-08-24,5
19520,27027,1,3,2026-08-24,3
19521,18429,1,3,2026-08-24,3
19522,4736,1,3,2026-08-24,3
19523,19911,1,3,2026-08-24,1
19524,24195,1,3,2026-08-24,1
19525,19723,1,3,2026-08-24,3
19526,18385,1,3,2026-08-24,3
19527,31231,1,3,2026-08-24,3
19528,1615,1,3,2026-08-24,3
19529,42470,1,3,2026-08-24,4
19530,3217,1,3,2026-08-24,3
19531,6023,1,3,2026-08-24,3
19532,23180,1,3,2026-08-24,3
19533,16130,1,3,2026-08-24,3
19534,7192,1,3,2026-08-24,3
19535,25037,1,3,2026-08-24,3
19536,15726,1,3,2026-08-24,3
19537,16825,1,3,2026-08-24,3
19538,25470,1,3,2026-08-24,3
19539,34100,1,3,2026-08-24,3
19540,41772,1,3,2026-08-24,4
19541,12097,1,3,2026-08-24,3
19542,44083,1,3,2026-08-24,3
19543,36118,1,3,2026-08-24,3
19544,10114,1,3,2026-08-24,3
19545,44827,1,3,2026-08-24,3
19546,16179,1,3,2026-08-24,3
19547,30690,1,3,2026-08-24,3
19548,31822,1,3,2026-08-24,3
19549,7759,1,3,2026-08-24,3
19550,2552,1,3,2026-08-24,3
19551,19995,1,3,2026-08-24,3
19552,31458,1,3,2026-08-24,1
19553,14110,1,3,2026-08-24,4
19554,34889,1,3,2026-08-24,3
19555,7274,1,3,2026-08-24,3
19556,26031,1,3,2026-08-24,3
19557,13759,1,3,2026-08-24,3
19558,25455,1,3,2026-08-24,3
19559,2495,1,3,2026-08-24,3
19560,37891,1,3,2026-08-24,3
19561,46742,1,3,2026-08-24,3
19562,42127,1,3,2026-08-24,1
19563,47991,1,3,2026-08-24,3
19564,5777,1,3,2026-08-24,3
19565,6987,1,3,2026-08-24,3
19566,44158,1,3,2026-08-24,3
19567,15413,1,3,2026-08-24,3
19568,38217,1,3,2026-08-24,3
19569,21675,1,3,2026-08-24,3
19570,33105,1,3,2026-08-24,3
19571,47110,1,3,2026-08-24,4
19572,34285,1,3,2026-08-24,4
19573,26229,1,3,2026-08-24,3
19574,7131,1,3,2026-08-24,4
19575,48476,1,3,2026-08-24,3
19576,42269,1,3,2026-08-24,3
19577,87,1,3,2026-08-24,3
19578,36707,1,3,2026-08-24,3
19579,17833,1,3,2026-08-24,3
19580,38148,1,3,2026-08-24,4
19581,16250,1,3,2026-08-24,3
19582,33785,1,3,2026-08-24,6
19583,37677,1,3,2026-08-24,3
19584,14881,1,3,2026-08-24,3
19585,44709,1,3,2026-08-24,3
19586,16527,1,3,2026-08-24,3
19587,29777,1,3,2026-08-24,3
19588,1996,1,3,2026-08-24,4
19589,40969,1,3,2026-08-24,1
19590,46741,1,3,2026-08-24,5
19591,43510,1,3,2026-08-24,3
19592,28493,1,3,2026-08-24,3
19593,20203,1,3,2026-08-24,4
19594,34470,1,3,2026-08-24,3
19595,30277,1,3,2026-08-24,1
19596,17768,1,3,2026-08-24,3
19597,16928,1,3,2026-08-24,3
19598,33278,1,3,2026-08-24,3
19599,47418,1,3,2026-08-24,3
19600,47324,1,3,2026-08-24,3
19601,30467,1,3,2026-08-24,3
19602,31970,1,3,2026-08-24,3
19603,7545,1,3,2026-08-24,3
19604,45613,1,3,2026-08-24,3
19605,17154,1,3,2026-08-24,3
19606,17492,1,3,2026-08-24,3
19607,28273,1,3,2026-08-24,3
19608,14544,1,3,2026-08-24,3
19609,32950,1,3,2026-08-24,3
19610,47353,1,3,2026-08-24,3
19611,3841,1,3,2026-08-24,3
19612,26875,1,3,2026-08-24,3
19613,26642,1,3,2026-08-24,3
19614,20831,1,3,2026-08-24,3
19615,20166,1,3,2026-08-24,3
19616,41942,1,3,2026-08-24,3
19617,7541,1,3,2026-08-24,3
19618,29422,1,3,2026-08-24,3
19619,30877,1,3,2026-08-24,1
19620,29869,1,3,2026-08-24,3
19621,34154,1,3,2026-08-24,3
19622,34584,1,3,2026-08-24,3
19623,21042,1,3,2026-08-24,3
19624,38897,1,3,2026-08-24,3
19625,13523,1,3,2026-08-24,3
19626,21424,1,3,2026-08-24,3
19627,34290,1,3,2026-08-24,3
19628,8719,1,3,2026-08-24,4
19629,42101,1,3,2026-08-24,3
19630,49997,1,3,2026-08-24,3
19631,24990,1,3,2026-08-24,3
19632,18407,1,3,2026-08-24,3
19633,45924,1,3,2026-08-24,5
19634,28185,1,3,2026-08-24,1
19635,31008,1,3,2026-08-24,3
19636,37182,1,3,2026-08-24,3
19637,9855,1,3,2026-08-24,1
19638,10797,1,3,2026-08-24,1
19639,21830,1,3,2026-08-24,3
19640,26785,1,3,2026-08-24,3
19641,14602,1,3,2026-08-24,1
19642,12239,1,3,2026-08-24,3
19643,31185,1,3,2026-08-24,3
19644,31997,1,3,2026-08-24,3
19645,38093,1,3,2026-08-24,4
19646,17308,1,3,2026-08-24,1
19647,18166,1,3,2026-08-24,4
19648,41924,1,3,2026-08-24,3
19649,27097,1,3,2026-08-24,3
19650,36900,1,3,2026-08-24,3
19651,5217,1,3,2026-08-24,3
19652,6471,1,3,2026-08-24,3
19653,15061,1,3,2026-08-24,3
19654,41055,1,3,2026-08-24,3
19655,10793,1,3,2026-08-24,3
19656,46823,1,3,2026-08-24,3
19657,33013,1,3,2026-08-24,3
19658,18715,1,3,2026-08-24,3
19659,15712,1,3,2026-08-24,3
19660,44075,1,3,2026-08-24,3
19661,9004,1,3,2026-08-24,3
19662,7383,1,3,2026-08-24,3
19663,22725,1,3,2026-08-24,3
19664,24299,1,3,2026-08-24,3
19665,30195,1,3,2026-08-24,3
19666,9043,1,3,2026-08-24,3
19667,14144,1,3,2026-08-24,1
19668,41474,1,3,2026-08-24,3
19669,23385,1,3,2026-08-24,3
19670,31843,1,3,2026-08-24,3
19671,40175,1,3,2026-08-24,3
19672,45733,1,3,2026-08-24,3
19673,22265,1,3,2026-08-24,3
19674,36741,1,3,2026-08-24,5
19675,25267,1,3,2026-08-24,3
19676,21248,1,3,2026-08-24,3
19677,11846,1,3,2026-08-24,4
19678,7859,1,3,2026-08-24,3
19679,4367,1,3,2026-08-24,3
19680,3197,1,3,2026-08-24,3
19681,40908,1,3,2026-08-24,3
19682,17552,1,3,2026-08-24,1
19683,19339,1,3,2026-08-24,3
19684,13174,1,3,2026-08-24,3
19685,22255,1,3,2026-08-24,3
19686,13610,1,3,2026-08-24,3
19687,19601,1,3,2026-08-24,3
19688,33933,1,3,2026-08-24,3
19689,41375,1,3,2026-08-24,3
19690,47012,1,3,2026-08-24,4
19691,28616,3,1,2026-08-24,2
19692,36562,3,1,2026-08-24,3
19693,16888,3,1,2026-08-24,3
19694,28160,3,1,2026-08-24,2
19695,29498,3,1,2026-08-24,3
19696,26657,3,1,2026-08-24,2
19697,14519,3,1,2026-08-24,2
19698,5481,3,1,2026-08-24,1
19699,33989,3,1,2026-08-24,2
19700,24741,3,1,2026-08-24,3
19701,33487,3,1,2026-08-24,3
19702,43496,3,1,2026-08-24,3
19703,6260,3,1,2026-08-24,2
19704,27773,3,1,2026-08-24,2
19705,48618,3,1,2026-08-24,3
19706,31813,3,1,2026-08-24,3
19707,38820,3,1,2026-08-24,2
19708,35287,3,1,2026-08-24,3
19709,5908,3,1,2026-08-24,4
19710,11163,3,1,2026-08-24,2
19711,25081,3,1,2026-08-24,2
19712,16233,3,1,2026-08-24,1
19713,17591,3,1,2026-08-24,2
19714,9121,3,1,2026-08-24,4
19715,2150,3,1,2026-08-24,1
19716,7744,3,1,2026-08-24,1
19717,24767,3,1,2026-08-24,3
19718,48024,3,1,2026-08-24,3
19719,17469,3,1,2026-08-24,3
19720,43074,3,1,2026-08-24,2
19721,49489,3,1,2026-08-24,2
19722,30802,3,1,2026-08-24,1
19723,12019,3,1,2026-08-24,1
19724,25327,3,1,2026-08-24,1
19725,19361,3,1,2026-08-24,3
19726,38037,3,1,2026-08-24,3
19727,41745,3,1,2026-08-24,2
19728,14660,3,1,2026-08-24,3
19729,17118,3,1,2026-08-24,3
19730,13950,3,1,2026-08-24,2
19731,19572,3,1,2026-08-24,1
19732,2644,3,1,2026-08-24,3
19733,28204,3,1,2026-08-24,3
19734,39837,3,1,2026-08-24,3
19735,25248,3,1,2026-08-24,3
19736,15289,3,1,2026-08-24,4
19737,1639,3,1,2026-08-24,1
19738,34585,3,1,2026-08-24,3
19739,1536,3,1,2026-08-24,2
19740,10636,3,1,2026-08-24,2
19741,39861,3,1,2026-08-24,3
19742,48986,3,1,2026-08-24,2
19743,48629,3,1,2026-08-24,3
19744,38242,3,1,2026-08-24,3
19745,40787,3,1,2026-08-24,3
19746,4588,3,1,2026-08-24,1
19747,36717,3,1,2026-08-24,1
19748,5478,3,1,2026-08-24,3
19749,24314,3,1,2026-08-24,2
19750,24437,3,1,2026-08-24,1
19751,7050,3,1,2026-08-24,1
19752,1491,3,1,2026-08-24,3
19753,36359,3,1,2026-08-24,4
19754,37670,3,1,2026-08-24,5
19755,26281,3,1,2026-08-24,3
19756,5856,3,1,2026-08-24,3
19757,25177,3,1,2026-08-24,2
19758,49319,3,1,2026-08-24,1
19759,38475,3,1,2026-08-24,3
19760,9604,3,1,2026-08-24,1
19761,3223,3,1,2026-08-24,3
19762,44292,3,1,2026-08-24,2
19763,2628,3,1,2026-08-24,3
19764,2101,3,1,2026-08-24,1
19765,28110,3,1,2026-08-24,3
19766,20631,3,1,2026-08-24,1
19767,30524,3,1,2026-08-24,4
19768,13525,3,1,2026-08-24,3
19769,34761,3,1,2026-08-24,2
19770,29352,3,1,2026-08-24,1
19771,6414,3,1,2026-08-24,1
19772,2355,3,1,2026-08-24,1
19773,32897,3,1,2026-08-24,3
19774,37832,3,1,2026-08-24,4
19775,352,3,1,2026-08-24,2
19776,32052,3,1,2026-08-24,1
19777,1311,3,1,2026-08-24,3
19778,26493,3,1,2026-08-24,3
19779,44574,3,1,2026-08-24,2
19780,29293,3,1,2026-08-24,5
19781,20536,3,1,2026-08-24,4
19782,5580,3,1,2026-08-24,3
19783,19818,3,1,2026-08-24,3
19784,27559,3,1,2026-08-24,3
19785,45323,3,1,2026-08-24,1
19786,16911,3,1,2026-08-24,3
19787,46327,3,1,2026-08-24,3
19788,15882,3,1,2026-08-24,3
19789,6774,3,1,2026-08-24,3
19790,36196,3,1,2026-08-24,2
19791,13653,3,1,2026-08-24,2
19792,43695,3,1,2026-08-24,3
19793,22949,3,1,2026-08-24,3
19794,12621,3,1,2026-08-24,4
19795,892,3,1,2026-08-24,3
19796,44802,3,1,2026-08-24,1
19797,8769,3,1,2026-08-24,4
19798,8144,3,1,2026-08-24,3
19799,33295,3,1,2026-08-24,3
19800,23788,3,1,2026-08-24,4
19801,49165,3,1,2026-08-24,1
19802,31537,3,1,2026-08-24,2
19803,40011,3,1,2026-08-24,2
19804,41508,3,1,2026-08-24,4
19805,45697,3,1,2026-08-24,2
19806,40187,3,1,2026-08-24,5
19807,41025,3,1,2026-08-24,3
19808,19164,3,1,2026-08-24,1
19809,7856,3,1,2026-08-24,3
19810,17709,3,1,2026-08-24,3
19811,37023,3,1,2026-08-24,3
19812,19464,3,1,2026-08-24,1
19813,39238,3,1,2026-08-24,3
19814,18570,3,1,2026-08-24,1
19815,6051,3,1,2026-08-24,1
19816,23636,3,1,2026-08-24,3
19817,29946,3,1,2026-08-24,2
19818,45770,3,1,2026-08-24,4
19819,16642,3,1,2026-08-24,3
19820,1175,3,1,2026-08-24,2
19821,42780,3,1,2026-08-24,1
19822,45331,3,1,2026-08-24,4
19823,49911,3,1,2026-08-24,3
19824,6599,3,1,2026-08-24,4
19825,5547,3,1,2026-08-24,1
19826,3622,3,1,2026-08-24,3
19827,48974,3,1,2026-08-24,3
19828,48388,3,1,2026-08-24,3
19829,24487,3,1,2026-08-24,3
19830,17559,3,1,2026-08-24,3
19831,45582,3,1,2026-08-24,4
19832,12197,3,1,2026-08-24,5
19833,11841,3,1,2026-08-24,1
19834,14750,3,1,2026-08-24,1
19835,46098,3,1,2026-08-24,3
19836,33340,3,1,2026-08-24,1
19837,38109,3,1,2026-08-24,2
19838,19645,3,1,2026-08-24,4
19839,7319,3,1,2026-08-24,3
19840,24569,3,1,2026-08-24,5
19841,13795,3,1,2026-08-24,3
19842,35801,3,1,2026-08-24,3
19843,48928,3,1,2026-08-24,1
19844,32678,3,1,2026-08-24,3
19845,1865,3,1,2026-08-24,3
19846,39295,3,1,2026-08-24,4
19847,44148,3,1,2026-08-24,2
19848,33482,3,1,2026-08-24,3
19849,26594,3,1,2026-08-24,2
19850,28405,3,1,2026-08-24,1
19851,35165,3,1,2026-08-24,3
19852,37434,3,1,2026-08-24,3
19853,27572,3,1,2026-08-24,4
19854,6772,3,1,2026-08-24,3
19855,44705,3,1,2026-08-24,3
19856,24111,3,1,2026-08-24,2
19857,25823,3,1,2026-08-24,1
19858,14007,3,1,2026-08-24,3
19859,5187,3,1,2026-08-24,3
19860,29504,3,1,2026-08-24,4
19861,7880,3,1,2026-08-24,3
19862,20331,3,1,2026-08-24,3
19863,15117,3,1,2026-08-24,2
19864,24952,3,1,2026-08-24,3
19865,48780,3,1,2026-08-24,2
19866,13587,3,1,2026-08-24,3
19867,43438,3,1,2026-08-24,3
19868,4721,3,1,2026-08-24,2
19869,22218,3,1,2026-08-24,3
19870,45623,3,1,2026-08-24,3
19871,8489,3,1,2026-08-24,2
19872,28474,3,1,2026-08-24,3
19873,46924,3,1,2026-08-24,2
19874,33516,3,1,2026-08-24,3
19875,16991,3,1,2026-08-24,1
19876,31718,3,1,2026-08-24,5
19877,49731,3,1,2026-08-24,3
19878,14944,3,1,2026-08-24,3
19879,24046,3,1,2026-08-24,3
19880,39149,3,1,2026-08-24,1
19881,21179,3,1,2026-08-24,4
19882,49745,3,1,2026-08-24,3
19883,9548,3,1,2026-08-24,1
19884,47483,3,1,2026-08-24,2
19885,38017,3,1,2026-08-24,3
19886,5407,3,1,2026-08-24,4
19887,13557,3,1,2026-08-24,5
19888,10262,3,1,2026-08-24,1
19889,35043,3,1,2026-08-24,5
19890,21705,3,1,2026-08-24,3
19891,9326,3,1,2026-08-24,3
19892,1313,3,1,2026-08-24,2
19893,923,3,1,2026-08-24,1
19894,25719,3,1,2026-08-24,1
19895,18649,3,1,2026-08-24,1
19896,1209,3,1,2026-08-24,1
19897,16555,3,1,2026-08-24,2
19898,39995,3,1,2026-08-24,2
19899,15814,3,1,2026-08-24,2
19900,20527,3,1,2026-08-24,1
19901,12685,3,1,2026-08-24,4
19902,3714,3,1,2026-08-24,2
19903,26118,3,1,2026-08-24,3
19904,720,3,1,2026-08-24,3
19905,28644,3,1,2026-08-24,2
19906,14745,3,1,2026-08-24,1
19907,37145,3,1,2026-08-24,3
19908,7241,3,1,2026-08-24,4
19909,44729,3,1,2026-08-24,3
19910,33643,3,1,2026-08-24,1
19911,44061,3,1,2026-08-24,1
19912,36645,3,1,2026-08-24,3
19913,1702,3,1,2026-08-24,1
19914,28549,3,1,2026-08-24,3
19915,3826,3,1,2026-08-24,3
19916,16724,3,1,2026-08-24,3
19917,22167,3,1,2026-08-24,2
19918,46720,3,1,2026-08-24,1
19919,42208,3,1,2026-08-24,3
19920,40324,3,1,2026-08-24,3
19921,24162,3,1,2026-08-24,2
19922,20876,3,1,2026-08-24,2
19923,38951,3,1,2026-08-24,1
19924,49778,3,1,2026-08-24,3
19925,45872,3,1,2026-08-24,3
19926,2957,3,1,2026-08-24,1
19927,22906,3,1,2026-08-24,1
19928,5453,3,1,2026-08-24,2
19929,18073,3,1,2026-08-24,1
19930,27635,3,1,2026-08-24,3
19931,25721,3,1,2026-08-24,3
19932,31499,3,1,2026-08-24,6
19933,28274,3,1,2026-08-24,3
19934,41606,3,1,2026-08-24,3
19935,4327,3,1,2026-08-24,2
19936,1415,3,1,2026-08-24,2
19937,31649,3,1,2026-08-24,3
19938,10696,3,1,2026-08-24,1
19939,45920,3,1,2026-08-24,2
19940,27889,3,1,2026-08-24,2
19941,4189,3,1,2026-08-24,4
19942,12752,3,1,2026-08-24,3
19943,40410,3,1,2026-08-24,3
19944,22047,3,1,2026-08-24,3
19945,34441,3,1,2026-08-24,3
19946,18796,3,1,2026-08-24,2
19947,23612,3,1,2026-08-24,3
19948,40172,3,1,2026-08-24,1
19949,26554,3,1,2026-08-24,4
19950,45732,3,1,2026-08-24,3
19951,39172,3,1,2026-08-24,1
19952,40658,3,1,2026-08-24,3
19953,45972,3,1,2026-08-24,3
19954,35771,3,1,2026-08-24,1
19955,44461,3,1,2026-08-24,1
19956,20599,3,1,2026-08-24,4
19957,39246,3,1,2026-08-24,2
19958,20356,3,1,2026-08-24,2
19959,47003,3,1,2026-08-24,3
19960,42426,3,1,2026-08-24,3
19961,30078,3,1,2026-08-24,5
19962,12850,3,1,2026-08-24,1
19963,19683,3,1,2026-08-24,3
19964,26912,3,1,2026-08-24,2
19965,9959,3,1,2026-08-24,3
19966,40231,3,1,2026-08-24,3
19967,12757,3,1,2026-08-24,2
19968,24535,3,1,2026-08-24,2
19969,34247,3,1,2026-08-24,3
19970,1962,3,1,2026-08-24,3
19971,45446,3,1,2026-08-24,1
19972,2508,3,1,2026-08-24,3
19973,48600,3,1,2026-08-24,2
19974,19076,3,1,2026-08-24,3
19975,37270,3,1,2026-08-24,1
19976,12647,3,1,2026-08-24,2
19977,18456,3,1,2026-08-24,1
19978,20460,3,1,2026-08-24,3
19979,21081,3,1,2026-08-24,1
19980,24001,3,1,2026-08-24,2
19981,32554,3,1,2026-08-24,3
19982,12429,3,1,2026-08-24,4
19983,44701,3,1,2026-08-24,3
19984,24370,3,1,2026-08-24,2
19985,9952,3,1,2026-08-24,2
19986,47379,3,1,2026-08-24,2
19987,39934,3,1,2026-08-24,2
19988,15278,3,1,2026-08-24,1
19989,22567,3,1,2026-08-24,3
19990,17516,3,1,2026-08-24,3
19991,22778,3,1,2026-08-24,3
19992,1375,3,1,2026-08-24,4
19993,14952,3,1,2026-08-24,3
19994,49474,3,1,2026-08-24,2
19995,22057,3,1,2026-08-24,3
19996,29231,3,1,2026-08-24,2
19997,1580,3,1,2026-08-24,4
19998,14543,3,1,2026-08-24,3
19999,6933,3,1,2026-08-24,2
20000,2850,3,1,2026-08-24,2
20001,18985,3,1,2026-08-24,3
20002,7576,3,1,2026-08-24,2
20003,42696,3,1,2026-08-24,2
20004,31262,3,2,2026-08-24,1
20005,23673,3,2,2026-08-24,2
20006,32335,3,2,2026-08-24,1
20007,29446,3,2,2026-08-24,2
20008,30062,3,2,2026-08-24,3
20009,16260,3,2,2026-08-24,3
20010,37017,3,2,2026-08-24,3
20011,19507,3,2,2026-08-24,3
20012,1846,3,2,2026-08-24,3
20013,6243,3,2,2026-08-24,3
20014,14387,3,2,2026-08-24,3
20015,10909,3,2,2026-08-24,2
20016,40707,3,2,2026-08-24,2
20017,848,3,2,2026-08-24,2
20018,33006,3,2,2026-08-24,2
20019,49465,3,2,2026-08-24,2
20020,38477,3,2,2026-08-24,2
20021,38055,3,2,2026-08-24,1
20022,24259,3,2,2026-08-24,4
20023,20046,3,2,2026-08-24,2
20024,46237,3,2,2026-08-24,3
20025,42735,3,2,2026-08-24,3
20026,6534,3,2,2026-08-24,3
20027,26400,3,2,2026-08-24,4
20028,13539,3,2,2026-08-24,3
20029,46773,3,2,2026-08-24,4
20030,41588,3,2,2026-08-24,3
20031,36338,3,2,2026-08-24,3
20032,29725,3,2,2026-08-24,3
20033,33589,3,2,2026-08-24,1
20034,41652,3,2,2026-08-24,3
20035,24974,3,2,2026-08-24,2
20036,13685,3,2,2026-08-24,1
20037,17195,3,2,2026-08-24,2
20038,14442,3,2,2026-08-24,4
20039,37230,3,2,2026-08-24,3
20040,7912,3,2,2026-08-24,3
20041,41337,3,2,2026-08-24,3
20042,26510,3,2,2026-08-24,2
20043,22435,3,2,2026-08-24,3
20044,5648,3,2,2026-08-24,1
20045,35143,3,2,2026-08-24,2
20046,3284,3,2,2026-08-24,3
20047,1597,3,2,2026-08-24,3
20048,43591,3,2,2026-08-24,5
20049,31700,3,2,2026-08-24,3
20050,13919,3,2,2026-08-24,3
20051,23620,3,2,2026-08-24,3
20052,34400,3,2,2026-08-24,3
20053,36263,3,2,2026-08-24,3
20054,36799,3,2,2026-08-24,1
20055,23883,3,2,2026-08-24,2
20056,25388,3,2,2026-08-24,2
20057,26664,3,2,2026-08-24,1
20058,28495,3,2,2026-08-24,1
20059,8063,3,2,2026-08-24,2
20060,39013,3,2,2026-08-24,3
20061,5437,3,2,2026-08-24,3
20062,6206,3,2,2026-08-24,3
20063,24026,3,2,2026-08-24,3
20064,13223,3,2,2026-08-24,3
20065,48464,3,2,2026-08-24,3
20066,36341,3,2,2026-08-24,1
20067,36245,3,3,2026-08-24,5
20068,35652,3,3,2026-08-24,2
20069,11982,3,3,2026-08-24,3
20070,5831,3,3,2026-08-24,3
20071,27807,3,3,2026-08-24,2
20072,15144,3,3,2026-08-24,4
20073,10833,3,3,2026-08-24,2
20074,46082,3,3,2026-08-24,2
20075,27456,3,3,2026-08-24,3
20076,49,3,3,2026-08-24,2
20077,39383,3,3,2026-08-24,3
20078,39399,3,3,2026-08-24,3
20079,11710,3,3,2026-08-24,5
20080,8488,3,3,2026-08-24,3
20081,5178,3,3,2026-08-24,1
20082,9904,3,3,2026-08-24,3
20083,42745,3,3,2026-08-24,4
20084,37960,3,3,2026-08-24,3
20085,19298,3,3,2026-08-24,2
20086,3673,3,3,2026-08-24,3
20087,38346,3,3,2026-08-24,2
20088,18776,3,3,2026-08-24,2
20089,17616,3,3,2026-08-24,3
20090,23471,3,3,2026-08-24,3
20091,10403,3,3,2026-08-24,2
20092,27734,3,3,2026-08-24,3
20093,687,3,3,2026-08-24,3
20094,7178,3,3,2026-08-24,3
20095,49192,3,3,2026-08-24,3
20096,3776,3,3,2026-08-24,2
20097,21297,3,3,2026-08-24,1
20098,26901,3,3,2026-08-24,3
20099,46416,3,3,2026-08-24,3
20100,46937,3,3,2026-08-24,3
20101,49245,3,3,2026-08-24,3
20102,6620,3,3,2026-08-24,3
20103,49665,3,3,2026-08-24,1
20104,10074,3,3,2026-08-24,2
20105,35762,3,3,2026-08-24,2
20106,32657,3,3,2026-08-24,3
20107,19779,3,3,2026-08-24,3
20108,30905,3,3,2026-08-24,4
20109,4101,3,3,2026-08-24,3
20110,47337,3,3,2026-08-24,1
20111,13318,3,3,2026-08-24,3
20112,15802,3,3,2026-08-24,3
20113,47141,3,3,2026-08-24,3
20114,789,3,3,2026-08-24,3
20115,10912,3,3,2026-08-24,4
20116,35673,3,3,2026-08-24,2
20117,4241,3,3,2026-08-24,3
20118,26862,3,3,2026-08-24,1
20119,14761,3,3,2026-08-24,1
20120,25337,3,3,2026-08-24,3
20121,47644,3,3,2026-08-24,3
20122,25862,3,3,2026-08-24,2
20123,4991,3,3,2026-08-24,1
20124,18902,3,3,2026-08-24,4
20125,30359,3,3,2026-08-24,3
20126,15462,3,3,2026-08-24,3
20127,22531,3,3,2026-08-24,3
20128,4400,3,3,2026-08-24,2
20129,32673,3,3,2026-08-24,2
20130,12116,3,3,2026-08-24,2
20131,14082,3,3,2026-08-24,2
20132,6242,3,3,2026-08-24,1
20133,40350,3,3,2026-08-24,1
20134,6953,3,3,2026-08-24,2
20135,9666,3,3,2026-08-24,1
20136,758,3,3,2026-08-24,3
20137,8206,3,3,2026-08-24,1
20138,23573,3,3,2026-08-24,3
20139,452,3,3,2026-08-24,2
20140,12888,3,3,2026-08-24,3
20141,10065,3,3,2026-08-24,3
20142,19035,3,3,2026-08-24,2
20143,48575,3,3,2026-08-24,3
20144,10232,3,3,2026-08-24,2
20145,33359,3,3,2026-08-24,3
20146,20011,3,3,2026-08-24,2
20147,31733,3,3,2026-08-24,3
20148,3186,3,3,2026-08-24,3
20149,32134,3,3,2026-08-24,1
20150,27052,3,3,2026-08-24,1
20151,3311,3,3,2026-08-24,2
20152,30437,3,3,2026-08-24,3
20153,32410,3,3,2026-08-24,3
20154,31288,3,3,2026-08-24,1
20155,11452,3,3,2026-08-24,3
20156,24308,3,3,2026-08-24,2
20157,4822,3,3,2026-08-24,3
20158,43473,3,3,2026-08-24,3
20159,32117,3,3,2026-08-24,2
20160,40207,3,3,2026-08-24,3
20161,29696,3,3,2026-08-24,3
20162,20537,3,3,2026-08-24,2
20163,39832,3,3,2026-08-24,3
20164,29224,3,3,2026-08-24,3
20165,17664,3,3,2026-08-24,3
20166,33647,3,3,2026-08-24,3
20167,11873,3,3,2026-08-24,1
20168,6093,3,3,2026-08-24,3
20169,44952,3,3,2026-08-24,3
20170,35022,3,3,2026-08-24,3
20171,11727,3,3,2026-08-24,3
20172,5164,3,3,2026-08-24,3
20173,47307,3,3,2026-08-24,4
20174,12979,3,3,2026-08-24,3
20175,42314,3,3,2026-08-24,2
20176,17704,3,3,2026-08-24,3
20177,29825,3,3,2026-08-24,1
20178,5223,3,3,2026-08-24,3
20179,8160,3,3,2026-08-24,2
20180,6448,3,3,2026-08-24,3
20181,32343,3,3,2026-08-24,1
20182,41167,3,3,2026-08-24,1
20183,15102,3,3,2026-08-24,3
20184,43043,3,3,2026-08-24,2
20185,19151,3,3,2026-08-24,3
20186,8493,3,3,2026-08-24,3
20187,29138,3,3,2026-08-24,3
20188,48770,3,3,2026-08-24,1
20189,48255,3,3,2026-08-24,3
20190,29789,3,3,2026-08-24,2
20191,44975,3,3,2026-08-24,1
20192,15062,3,3,2026-08-24,2
20193,46614,3,3,2026-08-24,2
20194,5140,3,3,2026-08-24,2
20195,43756,3,3,2026-08-24,2
20196,1202,3,3,2026-08-24,2
20197,5336,3,3,2026-08-24,3
20198,47455,3,3,2026-08-24,3
20199,15684,3,3,2026-08-24,3
20200,30907,3,3,2026-08-24,3
20201,49166,3,3,2026-08-24,2
20202,30141,3,3,2026-08-24,3
20203,24673,3,3,2026-08-24,1
20204,44340,3,3,2026-08-24,2
20205,23322,3,3,2026-08-24,4
20206,35809,3,3,2026-08-24,3
20207,3522,3,3,2026-08-24,1
20208,43145,3,3,2026-08-24,2
20209,26684,3,3,2026-08-24,2
20210,15525,3,3,2026-08-24,2
20211,25498,3,3,2026-08-24,2
20212,38383,3,3,2026-08-24,2
20213,21051,3,3,2026-08-24,3
20214,31110,3,3,2026-08-24,3
20215,15770,3,3,2026-08-24,3
20216,13636,3,3,2026-08-24,2
20217,48030,3,3,2026-08-24,3
20218,32852,3,3,2026-08-24,3
20219,33360,3,3,2026-08-24,3
20220,23705,3,3,2026-08-24,3
20221,45367,3,3,2026-08-24,1
20222,17043,3,3,2026-08-24,1
20223,9704,3,3,2026-08-24,3
20224,10231,3,3,2026-08-24,3
20225,46446,3,3,2026-08-24,3
20226,11372,3,3,2026-08-24,3
20227,41886,3,3,2026-08-24,2
20228,34588,3,3,2026-08-24,3
20229,31690,3,3,2026-08-24,1
20230,25399,3,3,2026-08-24,2
20231,16665,3,3,2026-08-24,2
20232,13753,3,3,2026-08-24,3
20233,44747,3,3,2026-08-24,2
20234,32381,3,3,2026-08-24,1
20235,2548,3,3,2026-08-24,3
20236,41960,3,3,2026-08-24,2
20237,43781,3,3,2026-08-24,4
20238,16860,3,3,2026-08-24,3
20239,25391,3,3,2026-08-24,3
20240,12859,3,3,2026-08-24,1
20241,41901,3,3,2026-08-24,1
20242,1852,3,3,2026-08-24,3
20243,49521,3,3,2026-08-24,2
20244,41519,3,3,2026-08-24,2
20245,33824,3,3,2026-08-24,3
20246,25269,3,3,2026-08-24,3
20247,33225,3,3,2026-08-24,2
20248,44080,3,3,2026-08-24,3
20249,9257,3,3,2026-08-24,2
20250,40827,3,3,2026-08-24,3
20251,15231,3,3,2026-08-24,3
20252,46669,3,3,2026-08-24,3
20253,15630,3,3,2026-08-24,3
20254,44361,3,3,2026-08-24,3
20255,45380,3,3,2026-08-24,3
20256,26132,3,3,2026-08-24,3
20257,31750,3,3,2026-08-24,3
20258,5129,3,3,2026-08-24,2
20259,41693,3,3,2026-08-24,2
20260,24510,3,3,2026-08-24,3
20261,10775,3,3,2026-08-24,3
20262,45304,3,3,2026-08-24,3
20263,40379,3,3,2026-08-24,3
20264,40250,3,3,2026-08-24,3
20265,36168,3,3,2026-08-24,3
20266,8620,3,3,2026-08-24,3
20267,25998,3,3,2026-08-24,1
20268,15243,3,3,2026-08-24,3
20269,41780,3,3,2026-08-24,3
20270,24085,3,3,2026-08-24,3
20271,48126,3,3,2026-08-24,2
20272,1805,3,3,2026-08-24,3
20273,10348,3,3,2026-08-24,5
20274,36320,3,3,2026-08-24,3
20275,6616,3,3,2026-08-24,2
20276,5255,3,3,2026-08-24,3
20277,42492,3,3,2026-08-24,3
20278,9692,3,3,2026-08-24,3
20279,14636,3,3,2026-08-24,3
20280,45647,3,3,2026-08-24,3
20281,43688,3,3,2026-08-24,3
20282,17934,3,3,2026-08-24,2
20283,26719,3,3,2026-08-24,3
20284,16770,3,3,2026-08-24,3
20285,20884,3,3,2026-08-24,3
20286,529,3,3,2026-08-24,3
20287,18910,3,3,2026-08-24,3
20288,17908,3,3,2026-08-24,3
20289,12444,3,3,2026-08-24,1
20290,692,3,3,2026-08-24,1
20291,1302,3,3,2026-08-24,3
20292,37424,3,3,2026-08-24,1
20293,23146,3,3,2026-08-24,1
20294,20500,3,3,2026-08-24,3
20295,42870,3,3,2026-08-24,3
20296,32031,3,3,2026-08-24,3
20297,13793,3,3,2026-08-24,3
20298,10510,3,3,2026-08-24,3
20299,42764,3,3,2026-08-24,1
20300,36595,3,3,2026-08-24,2
20301,16694,3,3,2026-08-24,1
20302,34724,3,3,2026-08-24,3
20303,26544,3,3,2026-08-24,1
20304,4263,3,3,2026-08-24,1
20305,37630,3,3,2026-08-24,3
20306,48229,3,3,2026-08-24,2
20307,27453,3,3,2026-08-24,2
20308,41253,3,3,2026-08-24,2
20309,38913,3,3,2026-08-24,3
20310,39519,3,3,2026-08-24,3
20311,39410,3,3,2026-08-24,3
20312,27987,3,3,2026-08-24,3
20313,16287,3,3,2026-08-24,2
20314,21559,3,3,2026-08-24,2
20315,37976,3,3,2026-08-24,2
20316,19688,3,3,2026-08-24,2
20317,19950,2,1,2026-08-24,3
20318,49502,2,1,2026-08-24,3
20319,24733,2,1,2026-08-24,3
20320,14002,2,1,2026-08-24,4
20321,47303,2,1,2026-08-24,3
20322,30338,2,1,2026-08-24,4
20323,17904,2,1,2026-08-24,3
20324,23693,2,1,2026-08-24,1
20325,23160,2,1,2026-08-24,5
20326,4064,2,1,2026-08-24,4
20327,32264,2,1,2026-08-24,3
20328,29721,2,1,2026-08-24,2
20329,32185,2,1,2026-08-24,2
20330,45501,2,1,2026-08-24,4
20331,35743,2,1,2026-08-24,3
20332,27252,2,1,2026-08-24,1
20333,35759,2,1,2026-08-24,4
20334,10455,2,1,2026-08-24,4
20335,28521,2,1,2026-08-24,3
20336,20446,2,1,2026-08-24,3
20337,26383,2,1,2026-08-24,3
20338,40114,2,1,2026-08-24,4
20339,13885,2,1,2026-08-24,3
20340,27611,2,1,2026-08-24,4
20341,1377,2,1,2026-08-24,4
20342,34194,2,1,2026-08-24,2
20343,29400,2,1,2026-08-24,4
20344,21849,2,1,2026-08-24,4
20345,4881,2,1,2026-08-24,4
20346,11781,2,1,2026-08-24,3
20347,10041,2,1,2026-08-24,3
20348,4117,2,1,2026-08-24,3
20349,21857,2,1,2026-08-24,4
20350,42151,2,1,2026-08-24,4
20351,29522,2,1,2026-08-24,4
20352,40868,2,1,2026-08-24,4
20353,27812,2,1,2026-08-24,4
20354,13828,2,1,2026-08-24,1
20355,18445,2,1,2026-08-24,3
20356,42779,2,1,2026-08-24,4
20357,29907,2,1,2026-08-24,3
20358,32782,2,1,2026-08-24,3
20359,21960,2,1,2026-08-24,3
20360,37965,2,1,2026-08-24,1
20361,32276,2,1,2026-08-24,3
20362,3246,2,1,2026-08-24,3
20363,6785,2,1,2026-08-24,2
20364,20113,2,1,2026-08-24,3
20365,4352,2,1,2026-08-24,3
20366,27259,2,1,2026-08-24,4
20367,17252,2,1,2026-08-24,4
20368,23457,2,1,2026-08-24,3
20369,36232,2,1,2026-08-24,4
20370,9895,2,1,2026-08-24,4
20371,12080,2,1,2026-08-24,4
20372,36987,2,1,2026-08-24,4
20373,34455,2,1,2026-08-24,4
20374,6683,2,1,2026-08-24,4
20375,16783,2,1,2026-08-24,4
20376,37753,2,1,2026-08-24,3
20377,26352,2,1,2026-08-24,3
20378,19335,2,1,2026-08-24,3
20379,33892,2,1,2026-08-24,3
20380,11499,2,1,2026-08-24,1
20381,38674,2,1,2026-08-24,3
20382,16435,2,1,2026-08-24,4
20383,33433,2,1,2026-08-24,3
20384,48976,2,1,2026-08-24,3
20385,18122,2,1,2026-08-24,3
20386,1425,2,1,2026-08-24,3
20387,24455,2,1,2026-08-24,3
20388,17787,2,1,2026-08-24,3
20389,39994,2,1,2026-08-24,3
20390,41704,2,1,2026-08-24,3
20391,5545,2,1,2026-08-24,3
20392,16985,2,1,2026-08-24,5
20393,35284,2,1,2026-08-24,4
20394,32444,2,1,2026-08-24,4
20395,36681,2,1,2026-08-24,1
20396,38335,2,1,2026-08-24,3
20397,25536,2,1,2026-08-24,3
20398,40751,2,1,2026-08-24,1
20399,35212,2,1,2026-08-24,3
20400,46309,2,1,2026-08-24,3
20401,27117,2,1,2026-08-24,4
20402,36443,2,1,2026-08-24,3
20403,9963,2,1,2026-08-24,5
20404,37181,2,1,2026-08-24,3
20405,2848,2,1,2026-08-24,3
20406,32158,2,1,2026-08-24,3
20407,21939,2,1,2026-08-24,3
20408,38724,2,1,2026-08-24,3
20409,22160,2,1,2026-08-24,4
20410,4463,2,1,2026-08-24,1
20411,25111,2,1,2026-08-24,3
20412,14300,2,1,2026-08-24,1
20413,9563,2,1,2026-08-24,3
20414,33020,2,1,2026-08-24,1
20415,32170,2,1,2026-08-24,4
20416,7225,2,1,2026-08-24,3
20417,33956,2,1,2026-08-24,6
20418,45001,2,1,2026-08-24,3
20419,17545,2,1,2026-08-24,1
20420,49416,2,1,2026-08-24,3
20421,25556,2,1,2026-08-24,3
20422,32669,2,1,2026-08-24,3
20423,30039,2,1,2026-08-24,4
20424,40282,2,1,2026-08-24,3
20425,21818,2,1,2026-08-24,3
20426,47740,2,1,2026-08-24,4
20427,11933,2,1,2026-08-24,4
20428,21739,2,1,2026-08-24,3
20429,2402,2,1,2026-08-24,3
20430,16489,2,1,2026-08-24,5
20431,8822,2,1,2026-08-24,3
20432,41374,2,1,2026-08-24,3
20433,15069,2,1,2026-08-24,3
20434,24368,2,1,2026-08-24,4
20435,19051,2,1,2026-08-24,1
20436,42278,2,1,2026-08-24,3
20437,48544,2,1,2026-08-24,3
20438,40089,2,1,2026-08-24,4
20439,40663,2,1,2026-08-24,3
20440,49164,2,1,2026-08-24,4
20441,7730,2,1,2026-08-24,3
20442,45465,2,2,2026-08-24,4
20443,8534,2,2,2026-08-24,4
20444,2336,2,2,2026-08-24,3
20445,22561,2,2,2026-08-24,3
20446,4290,2,2,2026-08-24,4
20447,13131,2,2,2026-08-24,3
20448,3162,2,2,2026-08-24,4
20449,9763,2,2,2026-08-24,1
20450,5760,2,2,2026-08-24,3
20451,7930,2,2,2026-08-24,4
20452,28806,2,2,2026-08-24,4
20453,16264,2,2,2026-08-24,3
20454,41789,2,2,2026-08-24,1
20455,47668,2,2,2026-08-24,3
20456,2845,2,2,2026-08-24,1
20457,16327,2,2,2026-08-24,3
20458,42662,2,2,2026-08-24,3
20459,24127,2,2,2026-08-24,3
20460,39319,2,2,2026-08-24,3
20461,31241,2,2,2026-08-24,3
20462,42939,2,2,2026-08-24,4
20463,19009,2,2,2026-08-24,3
20464,35343,2,2,2026-08-24,4
20465,35889,2,2,2026-08-24,3
20466,10618,2,2,2026-08-24,3
20467,4507,2,2,2026-08-24,3
20468,48041,2,2,2026-08-24,3
20469,36488,2,2,2026-08-24,2
20470,21673,2,2,2026-08-24,3
20471,9377,2,2,2026-08-24,1
20472,12476,2,2,2026-08-24,3
20473,13066,2,2,2026-08-24,4
20474,38002,2,2,2026-08-24,3
20475,17446,2,2,2026-08-24,3
20476,4993,2,2,2026-08-24,4
20477,46062,2,2,2026-08-24,3
20478,28373,2,2,2026-08-24,5
20479,35207,2,2,2026-08-24,4
20480,7537,2,2,2026-08-24,4
20481,5132,2,2,2026-08-24,3
20482,45928,2,2,2026-08-24,4
20483,4607,2,2,2026-08-24,5
20484,48769,2,2,2026-08-24,3
20485,44682,2,2,2026-08-24,3
20486,11814,2,2,2026-08-24,3
20487,35764,2,2,2026-08-24,4
20488,37512,2,2,2026-08-24,5
20489,39305,2,2,2026-08-24,4
20490,401,2,2,2026-08-24,4
20491,19786,2,2,2026-08-24,3
20492,121,2,4,2026-08-24,1
20493,43810,2,4,2026-08-24,1
20494,41440,2,4,2026-08-24,4
20495,41326,2,4,2026-08-24,3
20496,5180,2,4,2026-08-24,4
20497,5431,2,4,2026-08-24,4
20498,33379,2,4,2026-08-24,4
20499,39066,2,4,2026-08-24,3
20500,34009,2,4,2026-08-24,4
20501,49445,2,4,2026-08-24,4
20502,11491,2,4,2026-08-24,3
20503,13371,2,4,2026-08-24,1
20504,45256,2,4,2026-08-24,4
20505,14539,2,4,2026-08-24,3
20506,26230,2,4,2026-08-24,3
20507,32725,2,4,2026-08-24,3
20508,23043,2,4,2026-08-24,3
20509,1934,2,4,2026-08-24,4
20510,13463,2,4,2026-08-24,4
20511,11881,2,4,2026-08-24,4
20512,25961,2,4,2026-08-24,3
20513,28830,2,4,2026-08-24,4
20514,15118,2,4,2026-08-24,4
20515,30755,2,4,2026-08-24,3
20516,14216,2,4,2026-08-24,3
20517,265,2,4,2026-08-24,3
20518,20951,2,4,2026-08-24,4
20519,32654,2,4,2026-08-24,3
20520,33136,2,4,2026-08-24,3
20521,1117,2,4,2026-08-24,3
20522,36510,2,4,2026-08-24,4
20523,48782,2,4,2026-08-24,3
20524,34910,2,4,2026-08-24,3
20525,42409,2,4,2026-08-24,3
20526,5988,2,4,2026-08-24,4
20527,23415,2,4,2026-08-24,1
20528,28005,2,4,2026-08-24,1
20529,30303,2,4,2026-08-24,4
20530,29457,2,4,2026-08-24,3
20531,13057,2,4,2026-08-24,3
20532,13613,2,4,2026-08-24,3
20533,9005,2,4,2026-08-24,4
20534,21722,2,4,2026-08-24,3
20535,423,2,4,2026-08-24,3
20536,48102,2,4,2026-08-24,1
20537,32401,2,4,2026-08-24,3
20538,28340,2,4,2026-08-24,3
20539,32219,2,4,2026-08-24,3
20540,28649,2,4,2026-08-24,3
20541,12261,2,4,2026-08-24,3
20542,20190,2,4,2026-08-24,4
20543,35780,2,4,2026-08-24,4
20544,15608,2,4,2026-08-24,4
20545,32506,2,4,2026-08-24,3
20546,17935,2,4,2026-08-24,5
20547,20865,2,4,2026-08-24,3
20548,21409,2,4,2026-08-24,3
20549,28016,2,4,2026-08-24,3
20550,48602,2,4,2026-08-24,4
20551,22985,2,4,2026-08-24,3
20552,17292,2,4,2026-08-24,3
20553,24681,2,4,2026-08-24,4
20554,26247,2,4,2026-08-24,4
20555,34159,2,4,2026-08-24,3
20556,20547,2,4,2026-08-24,3
20557,7936,2,4,2026-08-24,1
20558,19297,2,4,2026-08-24,3
20559,22649,2,4,2026-08-24,3
20560,664,2,4,2026-08-24,4
20561,24383,2,4,2026-08-24,4
20562,37972,2,4,2026-08-24,4
20563,31783,2,4,2026-08-24,3
20564,32761,2,4,2026-08-24,4
20565,42129,2,4,2026-08-24,4
20566,5828,2,4,2026-08-24,4
20567,19243,1,1,2026-08-25,3
20568,28468,1,1,2026-08-25,3
20569,29951,1,1,2026-08-25,3
20570,37422,1,1,2026-08-25,3
20571,47195,1,1,2026-08-25,3
20572,7624,1,1,2026-08-25,3
20573,43398,1,1,2026-08-25,3
20574,38899,1,1,2026-08-25,3
20575,4979,1,1,2026-08-25,3
20576,33863,1,1,2026-08-25,1
20577,5978,1,1,2026-08-25,4
20578,1526,1,1,2026-08-25,4
20579,13062,1,1,2026-08-25,3
20580,9277,1,1,2026-08-25,3
20581,16050,1,1,2026-08-25,3
20582,28232,1,1,2026-08-25,3
20583,33074,1,1,2026-08-25,3
20584,45831,1,1,2026-08-25,5
20585,13874,1,1,2026-08-25,3
20586,44623,1,1,2026-08-25,1
20587,35543,1,1,2026-08-25,3
20588,6895,1,1,2026-08-25,3
20589,41012,1,1,2026-08-25,3
20590,30158,1,1,2026-08-25,3
20591,18112,1,1,2026-08-25,1
20592,36477,1,1,2026-08-25,3
20593,13994,1,1,2026-08-25,3
20594,44604,1,1,2026-08-25,1
20595,3293,1,1,2026-08-25,3
20596,48933,1,1,2026-08-25,3
20597,29602,1,1,2026-08-25,3
20598,10445,1,1,2026-08-25,3
20599,23606,1,1,2026-08-25,3
20600,39074,1,1,2026-08-25,3
20601,29108,1,1,2026-08-25,3
20602,43554,1,1,2026-08-25,3
20603,28292,1,1,2026-08-25,3
20604,23669,1,1,2026-08-25,3
20605,47862,1,1,2026-08-25,3
20606,5755,1,1,2026-08-25,3
20607,22858,1,1,2026-08-25,3
20608,40183,1,1,2026-08-25,4
20609,7766,1,1,2026-08-25,1
20610,29027,1,1,2026-08-25,3
20611,3504,1,1,2026-08-25,3
20612,15552,1,1,2026-08-25,1
20613,39244,1,1,2026-08-25,3
20614,45720,1,1,2026-08-25,3
20615,23902,1,1,2026-08-25,3
20616,19094,1,1,2026-08-25,3
20617,31051,1,1,2026-08-25,3
20618,23049,1,1,2026-08-25,3
20619,2982,1,1,2026-08-25,3
20620,48546,1,1,2026-08-25,3
20621,40420,1,1,2026-08-25,3
20622,9036,1,1,2026-08-25,3
20623,41710,1,1,2026-08-25,3
20624,17160,1,1,2026-08-25,3
20625,18918,1,1,2026-08-25,3
20626,8343,1,1,2026-08-25,3
20627,30568,1,1,2026-08-25,3
20628,16115,1,1,2026-08-25,3
20629,21602,1,1,2026-08-25,3
20630,3799,1,1,2026-08-25,3
20631,38911,1,1,2026-08-25,3
20632,23544,1,1,2026-08-25,4
20633,13960,1,1,2026-08-25,3
20634,1473,1,1,2026-08-25,3
20635,22719,1,1,2026-08-25,3
20636,41053,1,1,2026-08-25,1
20637,36256,1,1,2026-08-25,3
20638,24717,1,1,2026-08-25,3
20639,6638,1,1,2026-08-25,3
20640,14139,1,1,2026-08-25,3
20641,47246,1,1,2026-08-25,3
20642,48355,1,1,2026-08-25,4
20643,11201,1,1,2026-08-25,5
20644,36549,1,1,2026-08-25,3
20645,29284,1,1,2026-08-25,3
20646,9560,1,1,2026-08-25,4
20647,18260,1,1,2026-08-25,3
20648,21560,1,1,2026-08-25,3
20649,42386,1,1,2026-08-25,3
20650,40687,1,1,2026-08-25,3
20651,40084,1,1,2026-08-25,3
20652,38016,1,1,2026-08-25,3
20653,30412,1,1,2026-08-25,3
20654,8361,1,1,2026-08-25,3
20655,8872,1,1,2026-08-25,3
20656,41693,1,1,2026-08-25,3
20657,34992,1,1,2026-08-25,3
20658,47531,1,1,2026-08-25,3
20659,18367,1,1,2026-08-25,3
20660,22974,1,1,2026-08-25,3
20661,14421,1,1,2026-08-25,3
20662,9943,1,1,2026-08-25,3
20663,44927,1,1,2026-08-25,3
20664,17975,1,1,2026-08-25,3
20665,39101,1,1,2026-08-25,1
20666,43892,1,1,2026-08-25,3
20667,11758,1,1,2026-08-25,3
20668,34625,1,1,2026-08-25,3
20669,37137,1,1,2026-08-25,1
20670,34087,1,1,2026-08-25,3
20671,7192,1,1,2026-08-25,3
20672,4578,1,1,2026-08-25,3
20673,33014,1,1,2026-08-25,3
20674,12690,1,1,2026-08-25,3
20675,2725,1,1,2026-08-25,3
20676,31936,1,1,2026-08-25,3
20677,10976,1,1,2026-08-25,3
20678,19447,1,1,2026-08-25,1
20679,26280,1,1,2026-08-25,3
20680,43585,1,1,2026-08-25,3
20681,25846,1,1,2026-08-25,1
20682,33017,1,1,2026-08-25,4
20683,40558,1,1,2026-08-25,3
20684,41121,1,1,2026-08-25,3
20685,14382,1,1,2026-08-25,3
20686,15794,1,1,2026-08-25,3
20687,11365,1,1,2026-08-25,3
20688,16935,1,1,2026-08-25,3
20689,31119,1,1,2026-08-25,3
20690,15094,1,1,2026-08-25,3
20691,24284,1,1,2026-08-25,1
20692,38175,1,1,2026-08-25,3
20693,8902,1,1,2026-08-25,3
20694,2201,1,1,2026-08-25,3
20695,48849,1,1,2026-08-25,3
20696,35928,1,1,2026-08-25,3
20697,15865,1,1,2026-08-25,1
20698,33601,1,1,2026-08-25,1
20699,13215,1,1,2026-08-25,3
20700,24713,1,1,2026-08-25,1
20701,49816,1,1,2026-08-25,3
20702,28269,1,1,2026-08-25,1
20703,13670,1,1,2026-08-25,3
20704,21253,1,1,2026-08-25,3
20705,18195,1,1,2026-08-25,3
20706,30890,1,1,2026-08-25,3
20707,43244,1,1,2026-08-25,3
20708,24106,1,1,2026-08-25,3
20709,12549,1,1,2026-08-25,3
20710,44498,1,1,2026-08-25,5
20711,36597,1,1,2026-08-25,1
20712,27257,1,1,2026-08-25,3
20713,38794,1,1,2026-08-25,4
20714,26503,1,1,2026-08-25,3
20715,20076,1,1,2026-08-25,3
20716,9923,1,1,2026-08-25,3
20717,40153,1,1,2026-08-25,3
20718,17976,1,1,2026-08-25,3
20719,5351,1,1,2026-08-25,3
20720,15282,1,1,2026-08-25,3
20721,49161,1,1,2026-08-25,3
20722,36762,1,1,2026-08-25,3
20723,46557,1,1,2026-08-25,3
20724,33039,1,1,2026-08-25,3
20725,14846,1,1,2026-08-25,3
20726,1009,1,1,2026-08-25,3
20727,43651,1,1,2026-08-25,3
20728,5046,1,1,2026-08-25,3
20729,24356,1,1,2026-08-25,3
20730,36110,1,1,2026-08-25,3
20731,16101,1,1,2026-08-25,3
20732,20677,1,1,2026-08-25,3
20733,11026,1,1,2026-08-25,3
20734,43632,1,1,2026-08-25,4
20735,23849,1,1,2026-08-25,3
20736,19358,1,1,2026-08-25,3
20737,33529,1,1,2026-08-25,3
20738,7145,1,1,2026-08-25,3
20739,40838,1,1,2026-08-25,3
20740,2189,1,1,2026-08-25,4
20741,24093,1,1,2026-08-25,1
20742,19383,1,1,2026-08-25,3
20743,4554,1,1,2026-08-25,3
20744,30958,1,1,2026-08-25,3
20745,8338,1,1,2026-08-25,3
20746,33919,1,1,2026-08-25,3
20747,8273,1,1,2026-08-25,3
20748,30845,1,1,2026-08-25,3
20749,11418,1,1,2026-08-25,3
20750,25246,1,1,2026-08-25,3
20751,38830,1,1,2026-08-25,4
20752,27555,1,1,2026-08-25,3
20753,17149,1,1,2026-08-25,3
20754,11529,1,1,2026-08-25,3
20755,19289,1,1,2026-08-25,3
20756,49311,1,1,2026-08-25,1
20757,17112,1,1,2026-08-25,3
20758,47934,1,1,2026-08-25,3
20759,48061,1,1,2026-08-25,3
20760,16069,1,1,2026-08-25,3
20761,17984,1,1,2026-08-25,3
20762,7069,1,1,2026-08-25,3
20763,42087,1,1,2026-08-25,3
20764,9304,1,1,2026-08-25,3
20765,48369,1,1,2026-08-25,3
20766,15441,1,1,2026-08-25,3
20767,16079,1,1,2026-08-25,3
20768,38701,1,1,2026-08-25,1
20769,4443,1,1,2026-08-25,3
20770,1450,1,1,2026-08-25,3
20771,38284,1,1,2026-08-25,3
20772,616,1,1,2026-08-25,1
20773,17064,1,1,2026-08-25,3
20774,4913,1,1,2026-08-25,4
20775,26428,1,1,2026-08-25,5
20776,25262,1,1,2026-08-25,3
20777,8248,1,1,2026-08-25,4
20778,38835,1,1,2026-08-25,3
20779,9874,1,1,2026-08-25,3
20780,2506,1,1,2026-08-25,1
20781,38889,1,1,2026-08-25,3
20782,24034,1,1,2026-08-25,1
20783,30452,1,1,2026-08-25,3
20784,26688,1,1,2026-08-25,4
20785,11396,1,1,2026-08-25,3
20786,16108,1,1,2026-08-25,3
20787,5981,1,1,2026-08-25,3
20788,14444,1,1,2026-08-25,1
20789,6283,1,1,2026-08-25,3
20790,48581,1,1,2026-08-25,1
20791,18909,1,1,2026-08-25,3
20792,12006,1,1,2026-08-25,3
20793,11608,1,1,2026-08-25,3
20794,10075,1,1,2026-08-25,3
20795,9055,1,1,2026-08-25,3
20796,28021,1,1,2026-08-25,3
20797,11100,1,1,2026-08-25,4
20798,24078,1,1,2026-08-25,3
20799,6263,1,1,2026-08-25,3
20800,37286,1,1,2026-08-25,3
20801,5763,1,1,2026-08-25,3
20802,43759,1,1,2026-08-25,1
20803,3703,1,1,2026-08-25,4
20804,48288,1,1,2026-08-25,3
20805,22557,1,1,2026-08-25,4
20806,48547,1,1,2026-08-25,3
20807,16952,1,1,2026-08-25,3
20808,48171,1,1,2026-08-25,3
20809,43996,1,1,2026-08-25,3
20810,42892,1,1,2026-08-25,3
20811,13242,1,1,2026-08-25,3
20812,43193,1,1,2026-08-25,3
20813,20731,1,1,2026-08-25,3
20814,25888,1,1,2026-08-25,3
20815,30509,1,1,2026-08-25,3
20816,4465,1,1,2026-08-25,3
20817,29687,1,1,2026-08-25,3
20818,22396,1,1,2026-08-25,3
20819,9158,1,1,2026-08-25,3
20820,44998,1,1,2026-08-25,3
20821,24100,1,1,2026-08-25,3
20822,11078,1,1,2026-08-25,3
20823,38905,1,1,2026-08-25,1
20824,29215,1,1,2026-08-25,3
20825,4200,1,1,2026-08-25,4
20826,13723,1,1,2026-08-25,3
20827,24983,1,1,2026-08-25,3
20828,30279,1,1,2026-08-25,3
20829,10734,1,1,2026-08-25,3
20830,13268,1,1,2026-08-25,3
20831,4752,1,1,2026-08-25,3
20832,2947,1,1,2026-08-25,4
20833,37074,1,1,2026-08-25,3
20834,33302,1,1,2026-08-25,3
20835,4128,1,1,2026-08-25,3
20836,26459,1,1,2026-08-25,3
20837,22260,1,1,2026-08-25,3
20838,10384,1,1,2026-08-25,3
20839,4814,1,1,2026-08-25,1
20840,6324,1,1,2026-08-25,3
20841,10940,1,1,2026-08-25,3
20842,16293,1,1,2026-08-25,3
20843,36154,1,1,2026-08-25,3
20844,2286,1,1,2026-08-25,1
20845,17697,1,1,2026-08-25,3
20846,8583,1,1,2026-08-25,3
20847,35238,1,1,2026-08-25,3
20848,35420,1,1,2026-08-25,3
20849,20866,1,1,2026-08-25,3
20850,47393,1,1,2026-08-25,1
20851,29573,1,1,2026-08-25,3
20852,30200,1,1,2026-08-25,3
20853,16234,1,1,2026-08-25,3
20854,19145,1,1,2026-08-25,3
20855,28434,1,1,2026-08-25,3
20856,5860,1,1,2026-08-25,3
20857,43851,1,1,2026-08-25,3
20858,25742,1,1,2026-08-25,3
20859,30212,1,1,2026-08-25,3
20860,14012,1,1,2026-08-25,3
20861,40776,1,1,2026-08-25,3
20862,28533,1,1,2026-08-25,3
20863,30827,1,1,2026-08-25,3
20864,9675,1,1,2026-08-25,3
20865,41908,1,1,2026-08-25,3
20866,5511,1,1,2026-08-25,3
20867,21169,1,1,2026-08-25,1
20868,28984,1,1,2026-08-25,3
20869,45593,1,1,2026-08-25,3
20870,24481,1,1,2026-08-25,3
20871,41821,1,1,2026-08-25,4
20872,14667,1,1,2026-08-25,3
20873,31325,1,1,2026-08-25,3
20874,42313,1,1,2026-08-25,3
20875,25547,1,1,2026-08-25,3
20876,40452,1,1,2026-08-25,3
20877,46863,1,1,2026-08-25,3
20878,33604,1,1,2026-08-25,3
20879,48306,1,1,2026-08-25,3
20880,10313,1,1,2026-08-25,3
20881,6625,1,1,2026-08-25,3
20882,47737,1,1,2026-08-25,3
20883,28438,1,1,2026-08-25,3
20884,20740,1,1,2026-08-25,3
20885,31520,1,1,2026-08-25,3
20886,9553,1,1,2026-08-25,3
20887,22971,1,1,2026-08-25,3
20888,37186,1,1,2026-08-25,3
20889,180,1,1,2026-08-25,3
20890,19749,1,1,2026-08-25,3
20891,20637,1,1,2026-08-25,3
20892,269,1,1,2026-08-25,3
20893,21393,1,1,2026-08-25,3
20894,31129,1,1,2026-08-25,6
20895,43380,1,1,2026-08-25,3
20896,7037,1,1,2026-08-25,3
20897,11993,1,1,2026-08-25,1
20898,2194,1,1,2026-08-25,3
20899,39156,1,1,2026-08-25,3
20900,47668,1,1,2026-08-25,3
20901,4424,1,1,2026-08-25,3
20902,46402,1,1,2026-08-25,3
20903,5440,1,1,2026-08-25,3
20904,47263,1,1,2026-08-25,3
20905,12135,1,1,2026-08-25,3
20906,21327,1,1,2026-08-25,3
20907,47781,1,1,2026-08-25,3
20908,48097,1,1,2026-08-25,3
20909,28384,1,1,2026-08-25,3
20910,20573,1,1,2026-08-25,3
20911,36855,1,1,2026-08-25,3
20912,19204,1,1,2026-08-25,3
20913,46100,1,1,2026-08-25,3
20914,22798,1,1,2026-08-25,3
20915,17170,1,1,2026-08-25,3
20916,36918,1,1,2026-08-25,3
20917,6540,1,1,2026-08-25,3
20918,31185,1,1,2026-08-25,3
20919,46053,1,1,2026-08-25,1
20920,21829,1,1,2026-08-25,3
20921,45825,1,1,2026-08-25,5
20922,28386,1,1,2026-08-25,3
20923,30170,1,1,2026-08-25,3
20924,38314,1,1,2026-08-25,3
20925,19295,1,1,2026-08-25,3
20926,15385,1,1,2026-08-25,3
20927,32350,1,1,2026-08-25,3
20928,21380,1,1,2026-08-25,3
20929,31254,1,1,2026-08-25,3
20930,45549,1,1,2026-08-25,3
20931,36499,1,1,2026-08-25,3
20932,9848,1,1,2026-08-25,3
20933,49267,1,1,2026-08-25,3
20934,42637,1,1,2026-08-25,3
20935,23827,1,1,2026-08-25,4
20936,35010,1,1,2026-08-25,3
20937,47803,1,1,2026-08-25,1
20938,41133,1,1,2026-08-25,3
20939,17802,1,1,2026-08-25,3
20940,30180,1,1,2026-08-25,3
20941,25026,1,1,2026-08-25,3
20942,16024,1,1,2026-08-25,3
20943,7932,1,1,2026-08-25,3
20944,6768,1,1,2026-08-25,3
20945,18681,1,1,2026-08-25,3
20946,30427,1,1,2026-08-25,3
20947,12413,1,1,2026-08-25,1
20948,19959,1,1,2026-08-25,3
20949,30221,1,1,2026-08-25,3
20950,42678,1,1,2026-08-25,1
20951,26388,1,1,2026-08-25,3
20952,310,1,1,2026-08-25,3
20953,12266,1,1,2026-08-25,3
20954,23795,1,1,2026-08-25,3
20955,28299,1,1,2026-08-25,3
20956,6078,1,1,2026-08-25,3
20957,41550,1,1,2026-08-25,6
20958,31348,1,1,2026-08-25,3
20959,7554,1,1,2026-08-25,3
20960,24898,1,1,2026-08-25,3
20961,3553,1,1,2026-08-25,3
20962,4719,1,1,2026-08-25,3
20963,41171,1,1,2026-08-25,3
20964,36880,1,1,2026-08-25,4
20965,20772,1,1,2026-08-25,3
20966,10799,1,1,2026-08-25,3
20967,20405,1,1,2026-08-25,3
20968,26445,1,1,2026-08-25,4
20969,16670,1,1,2026-08-25,1
20970,42296,1,1,2026-08-25,3
20971,46883,1,1,2026-08-25,3
20972,23665,1,1,2026-08-25,3
20973,42554,1,1,2026-08-25,3
20974,32320,1,1,2026-08-25,3
20975,7035,1,1,2026-08-25,1
20976,3550,1,1,2026-08-25,3
20977,29282,1,1,2026-08-25,1
20978,20542,1,1,2026-08-25,3
20979,37805,1,1,2026-08-25,3
20980,12392,1,1,2026-08-25,3
20981,23574,1,1,2026-08-25,3
20982,14810,1,1,2026-08-25,3
20983,7003,1,1,2026-08-25,3
20984,2228,1,1,2026-08-25,3
20985,32959,1,1,2026-08-25,4
20986,34594,1,1,2026-08-25,3
20987,49623,1,1,2026-08-25,3
20988,9753,1,1,2026-08-25,3
20989,43626,1,1,2026-08-25,4
20990,18249,1,1,2026-08-25,3
20991,14916,1,1,2026-08-25,3
20992,28823,1,1,2026-08-25,4
20993,42204,1,1,2026-08-25,3
20994,38684,1,1,2026-08-25,3
20995,11261,1,1,2026-08-25,3
20996,40785,1,1,2026-08-25,4
20997,39289,1,1,2026-08-25,3
20998,24573,1,1,2026-08-25,3
20999,2841,1,1,2026-08-25,3
21000,20914,1,1,2026-08-25,4
21001,29664,1,1,2026-08-25,3
21002,899,1,1,2026-08-25,3
21003,5497,1,1,2026-08-25,1
21004,41203,1,1,2026-08-25,4
21005,42957,1,1,2026-08-25,3
21006,48548,1,1,2026-08-25,3
21007,44522,1,1,2026-08-25,3
21008,30993,1,1,2026-08-25,3
21009,9112,1,1,2026-08-25,3
21010,8065,1,1,2026-08-25,3
21011,34088,1,1,2026-08-25,3
21012,36360,1,1,2026-08-25,3
21013,11257,1,1,2026-08-25,3
21014,31508,1,1,2026-08-25,3
21015,35581,1,1,2026-08-25,4
21016,31201,1,1,2026-08-25,3
21017,32421,1,1,2026-08-25,3
21018,19075,1,1,2026-08-25,5
21019,31924,1,1,2026-08-25,3
21020,8994,1,1,2026-08-25,3
21021,16086,1,1,2026-08-25,3
21022,33254,1,1,2026-08-25,1
21023,21292,1,1,2026-08-25,3
21024,42135,1,1,2026-08-25,3
21025,44354,1,1,2026-08-25,3
21026,19527,1,1,2026-08-25,3
21027,22016,1,1,2026-08-25,3
21028,35288,1,1,2026-08-25,3
21029,9409,1,1,2026-08-25,3
21030,16121,1,1,2026-08-25,3
21031,14036,1,1,2026-08-25,3
21032,3629,1,1,2026-08-25,3
21033,8021,1,1,2026-08-25,4
21034,44174,1,1,2026-08-25,1
21035,22492,1,1,2026-08-25,3
21036,48443,1,1,2026-08-25,3
21037,34506,1,1,2026-08-25,3
21038,9547,1,1,2026-08-25,3
21039,16323,1,1,2026-08-25,1
21040,10245,1,1,2026-08-25,3
21041,23115,1,1,2026-08-25,5
21042,16300,1,1,2026-08-25,3
21043,34597,1,1,2026-08-25,4
21044,7082,1,1,2026-08-25,3
21045,19222,1,1,2026-08-25,3
21046,33974,1,1,2026-08-25,3
21047,12894,1,1,2026-08-25,3
21048,3492,1,1,2026-08-25,4
21049,5819,1,1,2026-08-25,3
21050,26254,1,1,2026-08-25,3
21051,14062,1,1,2026-08-25,3
21052,9946,1,1,2026-08-25,3
21053,12286,1,1,2026-08-25,3
21054,16201,1,1,2026-08-25,1
21055,7006,1,1,2026-08-25,3
21056,30985,1,1,2026-08-25,3
21057,26842,1,1,2026-08-25,3
21058,42078,1,1,2026-08-25,3
21059,2672,1,1,2026-08-25,3
21060,12578,1,1,2026-08-25,3
21061,38780,1,1,2026-08-25,3
21062,17765,1,1,2026-08-25,3
21063,8606,1,1,2026-08-25,1
21064,46582,1,1,2026-08-25,3
21065,20833,1,1,2026-08-25,3
21066,28565,1,1,2026-08-25,3
21067,16772,1,1,2026-08-25,3
21068,8551,1,1,2026-08-25,3
21069,19580,1,1,2026-08-25,3
21070,19426,1,1,2026-08-25,3
21071,3047,1,1,2026-08-25,3
21072,23522,1,1,2026-08-25,4
21073,2218,1,1,2026-08-25,3
21074,13551,1,1,2026-08-25,3
21075,39931,1,1,2026-08-25,3
21076,47380,1,1,2026-08-25,3
21077,18891,1,1,2026-08-25,3
21078,46553,1,1,2026-08-25,3
21079,4124,1,1,2026-08-25,3
21080,6526,1,1,2026-08-25,3
21081,12163,1,1,2026-08-25,3
21082,46314,1,1,2026-08-25,3
21083,36707,1,1,2026-08-25,3
21084,45614,1,1,2026-08-25,3
21085,33515,1,1,2026-08-25,3
21086,13769,1,1,2026-08-25,3
21087,10554,1,1,2026-08-25,3
21088,26933,1,1,2026-08-25,3
21089,24226,1,1,2026-08-25,3
21090,8097,1,1,2026-08-25,3
21091,6001,1,1,2026-08-25,3
21092,39188,1,1,2026-08-25,3
21093,15948,1,1,2026-08-25,4
21094,19287,1,1,2026-08-25,3
21095,5376,1,1,2026-08-25,6
21096,8316,1,1,2026-08-25,3
21097,24174,1,1,2026-08-25,3
21098,39828,1,1,2026-08-25,4
21099,37104,1,1,2026-08-25,3
21100,35776,1,1,2026-08-25,3
21101,28631,1,1,2026-08-25,3
21102,20563,1,1,2026-08-25,5
21103,26760,1,1,2026-08-25,3
21104,6273,1,1,2026-08-25,3
21105,13734,1,1,2026-08-25,3
21106,24585,1,1,2026-08-25,3
21107,32349,1,1,2026-08-25,4
21108,26242,1,1,2026-08-25,4
21109,13616,1,1,2026-08-25,3
21110,47183,1,1,2026-08-25,3
21111,4140,1,1,2026-08-25,1
21112,29945,1,1,2026-08-25,3
21113,47594,1,1,2026-08-25,3
21114,44271,1,1,2026-08-25,3
21115,45477,1,1,2026-08-25,3
21116,39819,1,1,2026-08-25,1
21117,39016,1,1,2026-08-25,4
21118,24705,1,1,2026-08-25,3
21119,38708,1,1,2026-08-25,3
21120,44191,1,1,2026-08-25,4
21121,37908,1,1,2026-08-25,3
21122,16750,1,1,2026-08-25,3
21123,1890,1,1,2026-08-25,3
21124,44763,1,1,2026-08-25,3
21125,2983,1,1,2026-08-25,4
21126,24303,1,1,2026-08-25,3
21127,18145,1,1,2026-08-25,3
21128,7910,1,1,2026-08-25,3
21129,22628,1,1,2026-08-25,3
21130,46710,1,1,2026-08-25,1
21131,11505,1,1,2026-08-25,3
21132,2658,1,1,2026-08-25,3
21133,29077,1,1,2026-08-25,3
21134,26150,1,1,2026-08-25,3
21135,34924,1,1,2026-08-25,3
21136,38395,1,1,2026-08-25,3
21137,40316,1,1,2026-08-25,3
21138,32962,1,1,2026-08-25,3
21139,39568,1,1,2026-08-25,3
21140,29474,1,1,2026-08-25,3
21141,14635,1,1,2026-08-25,3
21142,8028,1,1,2026-08-25,3
21143,18658,1,1,2026-08-25,4
21144,41663,1,1,2026-08-25,3
21145,35698,1,1,2026-08-25,3
21146,31989,1,1,2026-08-25,3
21147,14472,1,1,2026-08-25,1
21148,22582,1,1,2026-08-25,3
21149,31069,1,1,2026-08-25,4
21150,41900,1,1,2026-08-25,3
21151,46509,1,1,2026-08-25,4
21152,654,1,1,2026-08-25,3
21153,47595,1,1,2026-08-25,1
21154,35909,1,1,2026-08-25,3
21155,5517,1,1,2026-08-25,3
21156,32889,1,1,2026-08-25,3
21157,18845,1,1,2026-08-25,3
21158,30132,1,1,2026-08-25,1
21159,24241,1,1,2026-08-25,3
21160,26386,1,1,2026-08-25,3
21161,10500,1,1,2026-08-25,1
21162,22870,1,1,2026-08-25,3
21163,4583,1,1,2026-08-25,3
21164,46150,1,1,2026-08-25,3
21165,45967,1,1,2026-08-25,3
21166,15277,1,1,2026-08-25,3
21167,14357,1,1,2026-08-25,3
21168,46424,1,1,2026-08-25,3
21169,28191,1,1,2026-08-25,3
21170,40338,1,1,2026-08-25,3
21171,9530,1,1,2026-08-25,5
21172,43608,1,1,2026-08-25,1
21173,20892,1,1,2026-08-25,3
21174,34183,1,1,2026-08-25,3
21175,46179,1,1,2026-08-25,3
21176,22862,1,1,2026-08-25,3
21177,41514,1,1,2026-08-25,3
21178,9063,1,1,2026-08-25,1
21179,41222,1,1,2026-08-25,3
21180,35826,1,1,2026-08-25,3
21181,31186,1,1,2026-08-25,3
21182,43730,1,1,2026-08-25,3
21183,3663,1,1,2026-08-25,4
21184,38787,1,1,2026-08-25,3
21185,46907,1,1,2026-08-25,3
21186,31701,1,1,2026-08-25,3
21187,30171,1,1,2026-08-25,3
21188,36907,1,1,2026-08-25,3
21189,5019,1,1,2026-08-25,3
21190,2728,1,1,2026-08-25,3
21191,36348,1,1,2026-08-25,3
21192,40939,3,1,2026-08-25,2
21193,24925,3,1,2026-08-25,2
21194,3415,3,1,2026-08-25,3
21195,9090,3,1,2026-08-25,3
21196,26061,3,1,2026-08-25,3
21197,18171,3,1,2026-08-25,2
21198,16377,3,1,2026-08-25,3
21199,42487,3,1,2026-08-25,1
21200,14272,3,1,2026-08-25,3
21201,43675,3,1,2026-08-25,3
21202,39983,3,1,2026-08-25,3
21203,42263,3,1,2026-08-25,2
21204,6928,3,1,2026-08-25,3
21205,7871,3,1,2026-08-25,4
21206,44230,3,1,2026-08-25,3
21207,4398,3,1,2026-08-25,3
21208,35619,3,1,2026-08-25,1
21209,34814,3,1,2026-08-25,4
21210,24624,3,1,2026-08-25,3
21211,14418,3,1,2026-08-25,1
21212,40601,3,1,2026-08-25,3
21213,2831,3,1,2026-08-25,1
21214,32113,3,1,2026-08-25,1
21215,17811,3,1,2026-08-25,3
21216,16901,3,1,2026-08-25,1
21217,26963,3,1,2026-08-25,3
21218,44091,3,1,2026-08-25,5
21219,36341,3,1,2026-08-25,3
21220,41489,3,1,2026-08-25,3
21221,8249,3,1,2026-08-25,3
21222,37642,3,1,2026-08-25,2
21223,29862,3,1,2026-08-25,1
21224,18223,3,1,2026-08-25,3
21225,9190,3,1,2026-08-25,4
21226,13151,3,1,2026-08-25,6
21227,28464,3,1,2026-08-25,3
21228,15299,3,1,2026-08-25,2
21229,45948,3,1,2026-08-25,3
21230,13681,3,1,2026-08-25,3
21231,46197,3,1,2026-08-25,3
21232,26480,3,1,2026-08-25,4
21233,44789,3,1,2026-08-25,3
21234,9550,3,1,2026-08-25,1
21235,14141,3,1,2026-08-25,3
21236,22822,3,1,2026-08-25,2
21237,19866,3,1,2026-08-25,1
21238,19178,3,1,2026-08-25,2
21239,26006,3,1,2026-08-25,2
21240,6810,3,1,2026-08-25,3
21241,1559,3,1,2026-08-25,3
21242,40430,3,1,2026-08-25,2
21243,26207,3,1,2026-08-25,2
21244,46301,3,1,2026-08-25,1
21245,1973,3,1,2026-08-25,3
21246,32938,3,1,2026-08-25,3
21247,46458,3,1,2026-08-25,1
21248,13126,3,1,2026-08-25,3
21249,4312,3,1,2026-08-25,3
21250,9423,3,1,2026-08-25,1
21251,25157,3,1,2026-08-25,3
21252,428,3,1,2026-08-25,1
21253,1823,3,1,2026-08-25,3
21254,6480,3,1,2026-08-25,2
21255,27682,3,1,2026-08-25,3
21256,14076,3,1,2026-08-25,4
21257,45264,3,1,2026-08-25,2
21258,19382,3,1,2026-08-25,2
21259,20978,3,1,2026-08-25,2
21260,14684,3,1,2026-08-25,3
21261,1540,3,1,2026-08-25,3
21262,46356,3,1,2026-08-25,2
21263,28268,3,1,2026-08-25,3
21264,1270,3,1,2026-08-25,3
21265,8755,3,1,2026-08-25,1
21266,937,3,1,2026-08-25,3
21267,38179,3,1,2026-08-25,4
21268,35845,3,1,2026-08-25,1
21269,43338,3,1,2026-08-25,1
21270,29008,3,1,2026-08-25,3
21271,1045,3,1,2026-08-25,2
21272,9791,3,1,2026-08-25,5
21273,41997,3,1,2026-08-25,3
21274,45928,3,1,2026-08-25,1
21275,45220,3,1,2026-08-25,2
21276,43121,3,1,2026-08-25,1
21277,28237,3,1,2026-08-25,3
21278,16804,3,1,2026-08-25,3
21279,39892,3,1,2026-08-25,4
21280,48825,3,1,2026-08-25,3
21281,43192,3,1,2026-08-25,2
21282,16916,3,1,2026-08-25,2
21283,25339,3,1,2026-08-25,3
21284,19881,3,1,2026-08-25,3
21285,5735,3,1,2026-08-25,1
21286,41191,3,1,2026-08-25,2
21287,24981,3,1,2026-08-25,2
21288,10788,3,1,2026-08-25,3
21289,44825,3,1,2026-08-25,3
21290,19743,3,1,2026-08-25,2
21291,48509,3,1,2026-08-25,2
21292,17748,3,1,2026-08-25,4
21293,36053,3,1,2026-08-25,1
21294,44378,3,1,2026-08-25,3
21295,42526,3,1,2026-08-25,3
21296,10742,3,1,2026-08-25,4
21297,3793,3,1,2026-08-25,3
21298,19517,3,1,2026-08-25,2
21299,2945,3,1,2026-08-25,3
21300,15497,3,1,2026-08-25,1
21301,35461,3,1,2026-08-25,3
21302,49649,3,1,2026-08-25,3
21303,24446,3,1,2026-08-25,2
21304,5989,3,1,2026-08-25,2
21305,16062,3,1,2026-08-25,3
21306,24426,3,1,2026-08-25,3
21307,3305,3,1,2026-08-25,1
21308,43800,3,1,2026-08-25,1
21309,22063,3,1,2026-08-25,3
21310,18761,3,1,2026-08-25,3
21311,15119,3,1,2026-08-25,2
21312,46269,3,1,2026-08-25,3
21313,20112,3,1,2026-08-25,3
21314,15517,3,1,2026-08-25,3
21315,21572,3,1,2026-08-25,4
21316,9788,3,1,2026-08-25,2
21317,47516,3,1,2026-08-25,2
21318,25642,3,1,2026-08-25,2
21319,29555,3,1,2026-08-25,2
21320,708,3,1,2026-08-25,4
21321,34847,3,1,2026-08-25,2
21322,30751,3,1,2026-08-25,3
21323,12396,3,1,2026-08-25,3
21324,35906,3,1,2026-08-25,3
21325,37701,3,1,2026-08-25,2
21326,25666,3,1,2026-08-25,2
21327,14714,3,1,2026-08-25,1
21328,17472,3,1,2026-08-25,3
21329,28024,3,1,2026-08-25,3
21330,46640,3,1,2026-08-25,3
21331,48818,3,1,2026-08-25,3
21332,15010,3,1,2026-08-25,3
21333,18137,3,1,2026-08-25,3
21334,9187,3,1,2026-08-25,2
21335,1891,3,1,2026-08-25,2
21336,30290,3,1,2026-08-25,3
21337,2622,3,1,2026-08-25,3
21338,48222,3,1,2026-08-25,1
21339,49458,3,1,2026-08-25,3
21340,12215,3,1,2026-08-25,1
21341,21809,3,1,2026-08-25,1
21342,24249,3,1,2026-08-25,3
21343,7890,3,1,2026-08-25,3
21344,1619,3,1,2026-08-25,3
21345,18727,3,1,2026-08-25,1
21346,7572,3,1,2026-08-25,3
21347,9956,3,1,2026-08-25,2
21348,15642,3,1,2026-08-25,3
21349,25910,3,1,2026-08-25,2
21350,43466,3,1,2026-08-25,3
21351,26421,3,1,2026-08-25,2
21352,13150,3,1,2026-08-25,2
21353,35770,3,1,2026-08-25,4
21354,41378,3,1,2026-08-25,4
21355,2555,3,1,2026-08-25,5
21356,11230,3,1,2026-08-25,3
21357,48292,3,1,2026-08-25,2
21358,23933,3,1,2026-08-25,4
21359,20707,3,1,2026-08-25,3
21360,48510,3,1,2026-08-25,2
21361,24112,3,1,2026-08-25,1
21362,19720,3,1,2026-08-25,2
21363,6872,3,1,2026-08-25,3
21364,6507,3,1,2026-08-25,2
21365,20558,3,1,2026-08-25,3
21366,13669,3,1,2026-08-25,4
21367,34647,3,1,2026-08-25,3
21368,34846,3,1,2026-08-25,3
21369,9359,3,1,2026-08-25,3
21370,912,3,1,2026-08-25,3
21371,36108,3,1,2026-08-25,1
21372,15503,3,1,2026-08-25,1
21373,49550,3,1,2026-08-25,5
21374,19247,3,1,2026-08-25,3
21375,35252,3,1,2026-08-25,3
21376,7312,3,1,2026-08-25,3
21377,37491,3,1,2026-08-25,1
21378,8601,3,1,2026-08-25,3
21379,36973,3,1,2026-08-25,5
21380,1284,3,1,2026-08-25,3
21381,22964,3,1,2026-08-25,3
21382,28524,3,1,2026-08-25,3
21383,14813,3,1,2026-08-25,3
21384,17884,3,1,2026-08-25,3
21385,2193,3,1,2026-08-25,1
21386,6725,3,1,2026-08-25,3
21387,38456,3,1,2026-08-25,1
21388,28765,3,1,2026-08-25,2
21389,20196,3,1,2026-08-25,2
21390,18091,3,1,2026-08-25,1
21391,3255,3,1,2026-08-25,5
21392,15121,3,1,2026-08-25,3
21393,25419,3,1,2026-08-25,3
21394,26544,3,1,2026-08-25,3
21395,20403,3,1,2026-08-25,4
21396,6133,3,1,2026-08-25,1
21397,7633,3,1,2026-08-25,4
21398,21427,3,1,2026-08-25,1
21399,38844,3,1,2026-08-25,1
21400,3932,3,1,2026-08-25,2
21401,38892,3,1,2026-08-25,2
21402,44874,3,1,2026-08-25,3
21403,20293,3,1,2026-08-25,2
21404,34458,3,1,2026-08-25,3
21405,11202,3,1,2026-08-25,1
21406,41820,3,1,2026-08-25,1
21407,38117,3,1,2026-08-25,1
21408,28346,3,1,2026-08-25,1
21409,16913,3,1,2026-08-25,3
21410,32201,3,1,2026-08-25,3
21411,43640,3,1,2026-08-25,1
21412,36217,3,1,2026-08-25,3
21413,35626,3,1,2026-08-25,1
21414,16192,3,1,2026-08-25,2
21415,38909,3,1,2026-08-25,3
21416,14728,3,1,2026-08-25,3
21417,15024,3,1,2026-08-25,3
21418,27675,3,1,2026-08-25,2
21419,42750,3,1,2026-08-25,3
21420,22599,3,1,2026-08-25,1
21421,45805,3,1,2026-08-25,3
21422,7937,3,1,2026-08-25,2
21423,46113,3,1,2026-08-25,5
21424,43908,3,1,2026-08-25,3
21425,2655,3,1,2026-08-25,3
21426,32967,3,1,2026-08-25,3
21427,5166,3,1,2026-08-25,3
21428,20739,3,1,2026-08-25,3
21429,5597,3,1,2026-08-25,1
21430,24715,3,1,2026-08-25,1
21431,31262,3,1,2026-08-25,2
21432,3737,3,1,2026-08-25,2
21433,26043,3,1,2026-08-25,2
21434,47388,3,1,2026-08-25,2
21435,34466,3,1,2026-08-25,1
21436,36505,3,1,2026-08-25,3
21437,43051,3,1,2026-08-25,3
21438,16973,3,1,2026-08-25,3
21439,17557,3,1,2026-08-25,3
21440,25918,3,1,2026-08-25,1
21441,23396,3,1,2026-08-25,2
21442,47926,3,1,2026-08-25,3
21443,40673,3,1,2026-08-25,3
21444,11879,3,1,2026-08-25,3
21445,17714,3,1,2026-08-25,2
21446,35493,3,1,2026-08-25,3
21447,45314,3,1,2026-08-25,3
21448,48352,3,1,2026-08-25,3
21449,48772,3,1,2026-08-25,3
21450,41043,3,1,2026-08-25,3
21451,9528,3,1,2026-08-25,2
21452,45415,3,1,2026-08-25,3
21453,46132,3,1,2026-08-25,3
21454,38232,3,1,2026-08-25,3
21455,30523,3,1,2026-08-25,3
21456,29301,3,1,2026-08-25,1
21457,24491,3,1,2026-08-25,4
21458,28672,3,1,2026-08-25,2
21459,28076,3,1,2026-08-25,2
21460,19909,3,1,2026-08-25,2
21461,21434,3,1,2026-08-25,4
21462,45712,3,1,2026-08-25,4
21463,20057,3,1,2026-08-25,3
21464,9907,3,1,2026-08-25,3
21465,25752,3,1,2026-08-25,2
21466,5181,3,1,2026-08-25,2
21467,9051,3,1,2026-08-25,3
21468,21534,3,1,2026-08-25,1
21469,25792,3,1,2026-08-25,2
21470,27744,3,1,2026-08-25,1
21471,7960,3,1,2026-08-25,1
21472,43418,3,1,2026-08-25,3
21473,42756,3,1,2026-08-25,1
21474,44966,3,1,2026-08-25,5
21475,1733,3,1,2026-08-25,3
21476,5513,3,1,2026-08-25,2
21477,7460,3,1,2026-08-25,2
21478,16364,3,1,2026-08-25,3
21479,22972,3,1,2026-08-25,3
21480,17083,3,1,2026-08-25,1
21481,47296,3,1,2026-08-25,1
21482,1915,3,1,2026-08-25,1
21483,41136,3,1,2026-08-25,3
21484,22940,3,1,2026-08-25,3
21485,29695,3,1,2026-08-25,3
21486,8117,3,1,2026-08-25,3
21487,31594,3,1,2026-08-25,3
21488,9263,3,1,2026-08-25,3
21489,43953,3,1,2026-08-25,3
21490,3095,3,1,2026-08-25,3
21491,20954,3,1,2026-08-25,3
21492,44145,3,1,2026-08-25,1
21493,34500,3,1,2026-08-25,3
21494,11104,3,1,2026-08-25,2
21495,8845,3,1,2026-08-25,1
21496,45211,3,1,2026-08-25,3
21497,4276,3,1,2026-08-25,5
21498,295,3,1,2026-08-25,3
21499,421,3,1,2026-08-25,3
21500,19929,3,1,2026-08-25,1
21501,20782,3,1,2026-08-25,2
21502,40607,3,1,2026-08-25,2
21503,18923,3,1,2026-08-25,3
21504,25981,3,1,2026-08-25,3
21505,46787,3,2,2026-08-25,3
21506,37055,3,2,2026-08-25,1
21507,10280,3,2,2026-08-25,1
21508,19076,3,2,2026-08-25,3
21509,42576,3,2,2026-08-25,1
21510,28343,3,2,2026-08-25,2
21511,19030,3,2,2026-08-25,2
21512,5764,3,2,2026-08-25,4
21513,6212,3,2,2026-08-25,3
21514,14179,3,2,2026-08-25,3
21515,9793,3,2,2026-08-25,3
21516,40085,3,2,2026-08-25,2
21517,23541,3,2,2026-08-25,3
21518,21016,3,2,2026-08-25,3
21519,36369,3,2,2026-08-25,2
21520,28841,3,2,2026-08-25,3
21521,41694,3,2,2026-08-25,1
21522,43271,3,2,2026-08-25,3
21523,33969,3,2,2026-08-25,3
21524,35158,3,2,2026-08-25,1
21525,8493,3,2,2026-08-25,3
21526,45920,3,2,2026-08-25,2
21527,22310,3,2,2026-08-25,3
21528,48848,3,2,2026-08-25,2
21529,39801,3,2,2026-08-25,3
21530,3070,3,2,2026-08-25,2
21531,622,3,2,2026-08-25,3
21532,36815,3,2,2026-08-25,1
21533,27007,3,2,2026-08-25,3
21534,2778,3,2,2026-08-25,3
21535,10796,3,2,2026-08-25,1
21536,21710,3,2,2026-08-25,3
21537,25183,3,2,2026-08-25,4
21538,35839,3,2,2026-08-25,3
21539,15523,3,2,2026-08-25,3
21540,48596,3,2,2026-08-25,3
21541,11422,3,2,2026-08-25,3
21542,29290,3,2,2026-08-25,2
21543,13234,3,2,2026-08-25,1
21544,36846,3,2,2026-08-25,5
21545,11372,3,2,2026-08-25,2
21546,24410,3,2,2026-08-25,2
21547,38176,3,2,2026-08-25,1
21548,16316,3,2,2026-08-25,2
21549,33971,3,2,2026-08-25,3
21550,41580,3,2,2026-08-25,3
21551,15395,3,2,2026-08-25,1
21552,5685,3,2,2026-08-25,3
21553,37918,3,2,2026-08-25,5
21554,41799,3,2,2026-08-25,2
21555,31260,3,2,2026-08-25,3
21556,32,3,2,2026-08-25,3
21557,4402,3,2,2026-08-25,4
21558,11272,3,2,2026-08-25,3
21559,28180,3,2,2026-08-25,2
21560,1783,3,2,2026-08-25,3
21561,17258,3,2,2026-08-25,3
21562,11646,3,2,2026-08-25,1
21563,5768,3,2,2026-08-25,3
21564,28737,3,2,2026-08-25,5
21565,40226,3,2,2026-08-25,3
21566,49238,3,2,2026-08-25,2
21567,10584,3,2,2026-08-25,2
21568,1797,2,1,2026-08-25,4
21569,12437,2,1,2026-08-25,3
21570,2245,2,1,2026-08-25,4
21571,13042,2,1,2026-08-25,4
21572,18197,2,1,2026-08-25,3
21573,5221,2,1,2026-08-25,3
21574,5,2,1,2026-08-25,4
21575,35488,2,1,2026-08-25,3
21576,27679,2,1,2026-08-25,4
21577,14774,2,1,2026-08-25,3
21578,11245,2,1,2026-08-25,1
21579,32280,2,1,2026-08-25,3
21580,29511,2,1,2026-08-25,4
21581,3272,2,1,2026-08-25,4
21582,11610,2,1,2026-08-25,5
21583,40021,2,1,2026-08-25,2
21584,2773,2,1,2026-08-25,3
21585,13048,2,1,2026-08-25,3
21586,36546,2,1,2026-08-25,3
21587,28361,2,1,2026-08-25,4
21588,49228,2,1,2026-08-25,4
21589,41424,2,1,2026-08-25,3
21590,17699,2,1,2026-08-25,3
21591,25999,2,1,2026-08-25,4
21592,29300,2,1,2026-08-25,4
21593,18416,2,1,2026-08-25,4
21594,22379,2,1,2026-08-25,4
21595,46122,2,1,2026-08-25,1
21596,7080,2,1,2026-08-25,4
21597,35788,2,1,2026-08-25,4
21598,36406,2,1,2026-08-25,6
21599,36670,2,1,2026-08-25,3
21600,9245,2,1,2026-08-25,4
21601,30341,2,1,2026-08-25,1
21602,15200,2,1,2026-08-25,3
21603,28813,2,1,2026-08-25,4
21604,7466,2,1,2026-08-25,4
21605,10387,2,1,2026-08-25,2
21606,23722,2,1,2026-08-25,4
21607,33055,2,1,2026-08-25,5
21608,4741,2,1,2026-08-25,4
21609,31710,2,1,2026-08-25,4
21610,26506,2,1,2026-08-25,1
21611,13542,2,1,2026-08-25,3
21612,41447,2,1,2026-08-25,4
21613,34958,2,1,2026-08-25,3
21614,45072,2,1,2026-08-25,1
21615,36940,2,1,2026-08-25,3
21616,8455,2,1,2026-08-25,3
21617,22875,2,1,2026-08-25,1
21618,3848,2,1,2026-08-25,3
21619,19478,2,1,2026-08-25,5
21620,9296,2,1,2026-08-25,1
21621,46439,2,1,2026-08-25,3
21622,5754,2,1,2026-08-25,3
21623,30538,2,1,2026-08-25,3
21624,43497,2,1,2026-08-25,4
21625,40030,2,1,2026-08-25,3
21626,40487,2,1,2026-08-25,1
21627,21557,2,1,2026-08-25,2
21628,37485,2,1,2026-08-25,3
21629,15632,2,1,2026-08-25,4
21630,885,2,1,2026-08-25,2
21631,33420,2,1,2026-08-25,1
21632,9493,2,1,2026-08-25,2
21633,18968,2,1,2026-08-25,4
21634,26556,2,1,2026-08-25,3
21635,3943,2,1,2026-08-25,3
21636,37102,2,1,2026-08-25,3
21637,34057,2,1,2026-08-25,4
21638,43541,2,1,2026-08-25,3
21639,45819,2,1,2026-08-25,4
21640,10987,2,1,2026-08-25,1
21641,37944,2,1,2026-08-25,3
21642,30665,2,1,2026-08-25,4
21643,20098,2,1,2026-08-25,3
21644,28283,2,1,2026-08-25,3
21645,40885,2,1,2026-08-25,3
21646,20687,2,1,2026-08-25,3
21647,39082,2,1,2026-08-25,3
21648,3969,2,1,2026-08-25,3
21649,16391,2,1,2026-08-25,3
21650,30894,2,1,2026-08-25,3
21651,29815,2,1,2026-08-25,3
21652,7097,2,1,2026-08-25,4
21653,18697,2,1,2026-08-25,4
21654,27471,2,1,2026-08-25,3
21655,45126,2,1,2026-08-25,5
21656,44917,2,1,2026-08-25,4
21657,10702,2,1,2026-08-25,4
21658,14461,2,1,2026-08-25,3
21659,32618,2,1,2026-08-25,3
21660,41280,2,1,2026-08-25,4
21661,23398,2,1,2026-08-25,4
21662,26158,2,1,2026-08-25,3
21663,38307,2,1,2026-08-25,3
21664,10084,2,1,2026-08-25,3
21665,7543,2,1,2026-08-25,4
21666,20127,2,1,2026-08-25,4
21667,42500,2,1,2026-08-25,4
21668,23393,2,1,2026-08-25,3
21669,38086,2,1,2026-08-25,1
21670,41515,2,1,2026-08-25,4
21671,36932,2,1,2026-08-25,4
21672,48279,2,1,2026-08-25,4
21673,11022,2,1,2026-08-25,3
21674,30531,2,1,2026-08-25,4
21675,37257,2,1,2026-08-25,4
21676,21848,2,1,2026-08-25,4
21677,46607,2,1,2026-08-25,3
21678,4040,2,1,2026-08-25,4
21679,48482,2,1,2026-08-25,1
21680,43442,2,1,2026-08-25,3
21681,3593,2,1,2026-08-25,3
21682,19826,2,1,2026-08-25,2
21683,48173,2,1,2026-08-25,3
21684,15493,2,1,2026-08-25,3
21685,31140,2,1,2026-08-25,1
21686,41180,2,1,2026-08-25,3
21687,41389,2,1,2026-08-25,4
21688,26563,2,1,2026-08-25,3
21689,16074,2,1,2026-08-25,4
21690,45239,2,1,2026-08-25,4
21691,11949,2,1,2026-08-25,3
21692,40401,2,1,2026-08-25,3
21693,14502,2,2,2026-08-25,3
21694,34068,2,2,2026-08-25,3
21695,24056,2,2,2026-08-25,4
21696,30145,2,2,2026-08-25,3
21697,6423,2,2,2026-08-25,1
21698,41791,2,2,2026-08-25,2
21699,19068,2,2,2026-08-25,1
21700,40763,2,2,2026-08-25,4
21701,27961,2,2,2026-08-25,4
21702,30220,2,2,2026-08-25,3
21703,24604,2,2,2026-08-25,4
21704,1149,2,2,2026-08-25,4
21705,1200,2,2,2026-08-25,3
21706,44933,2,2,2026-08-25,1
21707,45257,2,2,2026-08-25,4
21708,33476,2,2,2026-08-25,4
21709,27977,2,2,2026-08-25,3
21710,37453,2,2,2026-08-25,3
21711,38011,2,2,2026-08-25,4
21712,49292,2,2,2026-08-25,1
21713,35851,2,2,2026-08-25,3
21714,22272,2,2,2026-08-25,4
21715,11206,2,2,2026-08-25,4
21716,15810,2,2,2026-08-25,5
21717,44701,2,2,2026-08-25,4
21718,40586,2,2,2026-08-25,4
21719,33870,2,2,2026-08-25,4
21720,25448,2,2,2026-08-25,4
21721,46602,2,2,2026-08-25,2
21722,32009,2,2,2026-08-25,3
21723,11192,2,2,2026-08-25,3
21724,16595,2,2,2026-08-25,1
21725,28459,2,2,2026-08-25,1
21726,38429,2,2,2026-08-25,4
21727,22475,2,2,2026-08-25,4
21728,7783,2,2,2026-08-25,4
21729,37870,2,2,2026-08-25,4
21730,18136,2,2,2026-08-25,4
21731,33333,2,2,2026-08-25,2
21732,22418,2,2,2026-08-25,3
21733,11508,2,2,2026-08-25,3
21734,48195,2,2,2026-08-25,4
21735,521,2,2,2026-08-25,4
21736,30877,2,2,2026-08-25,4
21737,10559,2,2,2026-08-25,4
21738,31971,2,2,2026-08-25,1
21739,12304,2,2,2026-08-25,1
21740,20990,2,2,2026-08-25,1
21741,3467,2,2,2026-08-25,2
21742,26514,2,2,2026-08-25,3
21743,37047,2,4,2026-08-25,2
21744,24018,2,4,2026-08-25,4
21745,31395,2,4,2026-08-25,3
21746,35808,2,4,2026-08-25,1
21747,15209,2,4,2026-08-25,4
21748,22561,2,4,2026-08-25,3
21749,15726,2,4,2026-08-25,4
21750,34893,2,4,2026-08-25,4
21751,11746,2,4,2026-08-25,1
21752,159,2,4,2026-08-25,1
21753,25728,2,4,2026-08-25,3
21754,24430,2,4,2026-08-25,4
21755,12509,2,4,2026-08-25,4
21756,33994,2,4,2026-08-25,4
21757,36140,2,4,2026-08-25,3
21758,21898,2,4,2026-08-25,4
21759,3035,2,4,2026-08-25,1
21760,32122,2,4,2026-08-25,4
21761,9708,2,4,2026-08-25,4
21762,5294,2,4,2026-08-25,4
21763,37413,2,4,2026-08-25,3
21764,36768,2,4,2026-08-25,3
21765,32632,2,4,2026-08-25,4
21766,16881,2,4,2026-08-25,3
21767,10341,2,4,2026-08-25,3
21768,38671,2,4,2026-08-25,3
21769,33136,2,4,2026-08-25,4
21770,7051,2,4,2026-08-25,4
21771,36942,2,4,2026-08-25,1
21772,47415,2,4,2026-08-25,4
21773,1395,2,4,2026-08-25,3
21774,45706,2,4,2026-08-25,3
21775,22449,2,4,2026-08-25,3
21776,39719,2,4,2026-08-25,1
21777,47745,2,4,2026-08-25,4
21778,423,2,4,2026-08-25,3
21779,37416,2,4,2026-08-25,3
21780,7951,2,4,2026-08-25,3
21781,20133,2,4,2026-08-25,4
21782,41942,2,4,2026-08-25,3
21783,38243,2,4,2026-08-25,3
21784,32808,2,4,2026-08-25,4
21785,36183,2,4,2026-08-25,3
21786,21976,2,4,2026-08-25,4
21787,15115,2,4,2026-08-25,3
21788,46541,2,4,2026-08-25,4
21789,14747,2,4,2026-08-25,3
21790,42014,2,4,2026-08-25,4
21791,17685,2,4,2026-08-25,3
21792,1259,2,4,2026-08-25,4
21793,47157,2,4,2026-08-25,3
21794,27156,2,4,2026-08-25,3
21795,39105,2,4,2026-08-25,3
21796,32401,2,4,2026-08-25,3
21797,5515,2,4,2026-08-25,4
21798,1464,2,4,2026-08-25,4
21799,26205,2,4,2026-08-25,3
21800,1677,2,4,2026-08-25,4
21801,527,2,4,2026-08-25,5
21802,12683,2,4,2026-08-25,3
21803,25140,2,4,2026-08-25,3
21804,31851,2,4,2026-08-25,3
21805,10637,2,4,2026-08-25,3
21806,4625,2,4,2026-08-25,3
21807,34417,2,4,2026-08-25,3
21808,38535,2,4,2026-08-25,3
21809,23043,2,4,2026-08-25,3
21810,20785,2,4,2026-08-25,4
21811,26847,2,4,2026-08-25,3
21812,37144,2,4,2026-08-25,4
21813,32262,2,4,2026-08-25,4
21814,40592,2,4,2026-08-25,4
21815,26247,2,4,2026-08-25,4
21816,34575,2,4,2026-08-25,3
21817,25515,2,4,2026-08-25,4
21818,41862,1,1,2026-08-26,4
21819,11464,1,1,2026-08-26,3
21820,39427,1,1,2026-08-26,3
21821,33750,1,1,2026-08-26,3
21822,22106,1,1,2026-08-26,3
21823,1055,1,1,2026-08-26,3
21824,16681,1,1,2026-08-26,3
21825,23599,1,1,2026-08-26,3
21826,25682,1,1,2026-08-26,4
21827,32702,1,1,2026-08-26,3
21828,36361,1,1,2026-08-26,4
21829,232,1,1,2026-08-26,4
21830,45686,1,1,2026-08-26,3
21831,3082,1,1,2026-08-26,3
21832,30076,1,1,2026-08-26,4
21833,43924,1,1,2026-08-26,1
21834,12424,1,1,2026-08-26,3
21835,41353,1,1,2026-08-26,4
21836,27527,1,1,2026-08-26,3
21837,48441,1,1,2026-08-26,3
21838,16858,1,1,2026-08-26,3
21839,22096,1,1,2026-08-26,3
21840,11296,1,1,2026-08-26,3
21841,34888,1,1,2026-08-26,3
21842,5355,1,1,2026-08-26,3
21843,39275,1,1,2026-08-26,3
21844,11565,1,1,2026-08-26,3
21845,22472,1,1,2026-08-26,3
21846,49180,1,1,2026-08-26,3
21847,16803,1,1,2026-08-26,3
21848,11541,1,1,2026-08-26,3
21849,27245,1,1,2026-08-26,3
21850,40950,1,1,2026-08-26,4
21851,27474,1,1,2026-08-26,1
21852,34270,1,1,2026-08-26,3
21853,36421,1,1,2026-08-26,3
21854,31599,1,1,2026-08-26,1
21855,37262,1,1,2026-08-26,3
21856,44300,1,1,2026-08-26,3
21857,4451,1,1,2026-08-26,4
21858,11048,1,1,2026-08-26,3
21859,515,1,1,2026-08-26,3
21860,44217,1,1,2026-08-26,3
21861,19405,1,1,2026-08-26,3
21862,46399,1,1,2026-08-26,1
21863,3461,1,1,2026-08-26,3
21864,38981,1,1,2026-08-26,3
21865,32580,1,1,2026-08-26,1
21866,23237,1,1,2026-08-26,3
21867,32438,1,1,2026-08-26,3
21868,5663,1,1,2026-08-26,3
21869,43492,1,1,2026-08-26,3
21870,11588,1,1,2026-08-26,3
21871,6129,1,1,2026-08-26,3
21872,19759,1,1,2026-08-26,4
21873,46679,1,1,2026-08-26,3
21874,37375,1,1,2026-08-26,3
21875,29455,1,1,2026-08-26,3
21876,47652,1,1,2026-08-26,3
21877,18019,1,1,2026-08-26,3
21878,5012,1,1,2026-08-26,4
21879,23524,1,1,2026-08-26,3
21880,765,1,1,2026-08-26,4
21881,48465,1,1,2026-08-26,3
21882,44181,1,1,2026-08-26,3
21883,15823,1,1,2026-08-26,3
21884,32870,1,1,2026-08-26,3
21885,41757,1,1,2026-08-26,3
21886,9916,1,1,2026-08-26,6
21887,35216,1,1,2026-08-26,4
21888,32116,1,1,2026-08-26,3
21889,41964,1,1,2026-08-26,3
21890,36265,1,1,2026-08-26,3
21891,5730,1,1,2026-08-26,3
21892,22094,1,1,2026-08-26,3
21893,15595,1,1,2026-08-26,3
21894,29650,1,1,2026-08-26,3
21895,44965,1,1,2026-08-26,3
21896,46030,1,1,2026-08-26,3
21897,30881,1,1,2026-08-26,3
21898,32627,1,1,2026-08-26,4
21899,13672,1,1,2026-08-26,1
21900,25048,1,1,2026-08-26,3
21901,39922,1,1,2026-08-26,3
21902,5311,1,1,2026-08-26,3
21903,38690,1,1,2026-08-26,3
21904,43347,1,1,2026-08-26,3
21905,33272,1,1,2026-08-26,1
21906,49980,1,1,2026-08-26,3
21907,29459,1,1,2026-08-26,3
21908,38520,1,1,2026-08-26,3
21909,12969,1,1,2026-08-26,3
21910,13344,1,1,2026-08-26,5
21911,40718,1,1,2026-08-26,4
21912,27652,1,1,2026-08-26,3
21913,7833,1,1,2026-08-26,3
21914,33459,1,1,2026-08-26,1
21915,12263,1,1,2026-08-26,3
21916,14963,1,1,2026-08-26,3
21917,9271,1,1,2026-08-26,4
21918,44843,1,1,2026-08-26,3
21919,3441,1,1,2026-08-26,3
21920,30331,1,1,2026-08-26,1
21921,22892,1,1,2026-08-26,3
21922,9184,1,1,2026-08-26,4
21923,23257,1,1,2026-08-26,3
21924,37603,1,1,2026-08-26,3
21925,31315,1,1,2026-08-26,3
21926,18705,1,1,2026-08-26,1
21927,46495,1,1,2026-08-26,3
21928,25500,1,1,2026-08-26,3
21929,49738,1,1,2026-08-26,1
21930,27076,1,1,2026-08-26,3
21931,42036,1,1,2026-08-26,3
21932,7772,1,1,2026-08-26,3
21933,4081,1,1,2026-08-26,3
21934,36728,1,1,2026-08-26,1
21935,42499,1,1,2026-08-26,3
21936,11375,1,1,2026-08-26,3
21937,9032,1,1,2026-08-26,3
21938,15967,1,1,2026-08-26,3
21939,28805,1,1,2026-08-26,4
21940,343,1,1,2026-08-26,3
21941,10419,1,1,2026-08-26,3
21942,11332,1,1,2026-08-26,4
21943,46984,1,1,2026-08-26,3
21944,45954,1,1,2026-08-26,3
21945,47755,1,1,2026-08-26,3
21946,45106,1,1,2026-08-26,3
21947,38217,1,1,2026-08-26,3
21948,20553,1,1,2026-08-26,3
21949,3419,1,1,2026-08-26,3
21950,32898,1,1,2026-08-26,3
21951,14892,1,1,2026-08-26,3
21952,4482,1,1,2026-08-26,3
21953,37524,1,1,2026-08-26,3
21954,44316,1,1,2026-08-26,3
21955,42098,1,1,2026-08-26,3
21956,42964,1,1,2026-08-26,3
21957,21291,1,1,2026-08-26,3
21958,31328,1,1,2026-08-26,3
21959,15645,1,1,2026-08-26,3
21960,36493,1,1,2026-08-26,1
21961,27709,1,1,2026-08-26,3
21962,14727,1,1,2026-08-26,1
21963,36405,1,1,2026-08-26,4
21964,9508,1,1,2026-08-26,3
21965,22925,1,1,2026-08-26,3
21966,19276,1,1,2026-08-26,3
21967,25423,1,1,2026-08-26,3
21968,32407,1,1,2026-08-26,3
21969,34381,1,1,2026-08-26,3
21970,43945,1,1,2026-08-26,3
21971,22034,1,1,2026-08-26,3
21972,3382,1,1,2026-08-26,3
21973,9997,1,1,2026-08-26,3
21974,45496,1,1,2026-08-26,3
21975,4999,1,1,2026-08-26,4
21976,1290,1,1,2026-08-26,3
21977,18898,1,1,2026-08-26,4
21978,46968,1,1,2026-08-26,3
21979,28375,1,1,2026-08-26,4
21980,34627,1,1,2026-08-26,3
21981,44614,1,1,2026-08-26,3
21982,40794,1,1,2026-08-26,3
21983,36396,1,1,2026-08-26,4
21984,38293,1,1,2026-08-26,3
21985,4667,1,1,2026-08-26,3
21986,32934,1,1,2026-08-26,3
21987,19273,1,1,2026-08-26,3
21988,12449,1,1,2026-08-26,1
21989,36373,1,1,2026-08-26,3
21990,34376,1,1,2026-08-26,4
21991,48270,1,1,2026-08-26,1
21992,40490,1,1,2026-08-26,3
21993,7256,1,1,2026-08-26,3
21994,18002,1,1,2026-08-26,3
21995,42633,1,1,2026-08-26,3
21996,41085,1,1,2026-08-26,4
21997,4020,1,1,2026-08-26,3
21998,22461,1,1,2026-08-26,3
21999,18034,1,1,2026-08-26,3
22000,14837,1,1,2026-08-26,3
22001,34340,1,1,2026-08-26,3
22002,19907,1,1,2026-08-26,1
22003,14882,1,1,2026-08-26,3
22004,40376,1,1,2026-08-26,3
22005,3987,1,1,2026-08-26,1
22006,659,1,1,2026-08-26,1
22007,3486,1,1,2026-08-26,3
22008,46366,1,1,2026-08-26,3
22009,40674,1,1,2026-08-26,1
22010,23315,1,1,2026-08-26,3
22011,39274,1,1,2026-08-26,1
22012,42358,1,1,2026-08-26,4
22013,27650,1,1,2026-08-26,3
22014,27783,1,1,2026-08-26,3
22015,11946,1,1,2026-08-26,3
22016,9205,1,1,2026-08-26,3
22017,27013,1,1,2026-08-26,3
22018,4933,1,1,2026-08-26,4
22019,20406,1,1,2026-08-26,3
22020,24589,1,1,2026-08-26,3
22021,17600,1,1,2026-08-26,3
22022,34767,1,1,2026-08-26,3
22023,13830,1,1,2026-08-26,3
22024,23458,1,1,2026-08-26,3
22025,1715,1,1,2026-08-26,4
22026,29255,1,1,2026-08-26,4
22027,37489,1,1,2026-08-26,3
22028,39678,1,1,2026-08-26,4
22029,22148,1,1,2026-08-26,3
22030,11572,1,1,2026-08-26,3
22031,17657,1,1,2026-08-26,1
22032,857,1,1,2026-08-26,3
22033,14886,1,1,2026-08-26,3
22034,40781,1,1,2026-08-26,3
22035,32486,1,1,2026-08-26,3
22036,34728,1,1,2026-08-26,3
22037,48744,1,1,2026-08-26,4
22038,5444,1,1,2026-08-26,3
22039,2544,1,1,2026-08-26,3
22040,44199,1,1,2026-08-26,3
22041,43799,1,1,2026-08-26,3
22042,42167,1,1,2026-08-26,3
22043,38303,1,1,2026-08-26,3
22044,27798,1,1,2026-08-26,3
22045,913,1,1,2026-08-26,4
22046,39351,1,1,2026-08-26,3
22047,44207,1,1,2026-08-26,3
22048,22811,1,1,2026-08-26,3
22049,584,1,1,2026-08-26,3
22050,21651,1,1,2026-08-26,3
22051,39358,1,1,2026-08-26,4
22052,7281,1,1,2026-08-26,3
22053,41709,1,1,2026-08-26,3
22054,1486,1,1,2026-08-26,3
22055,18889,1,1,2026-08-26,3
22056,12758,1,1,2026-08-26,3
22057,29283,1,1,2026-08-26,4
22058,1251,1,1,2026-08-26,5
22059,30102,1,1,2026-08-26,3
22060,39330,1,1,2026-08-26,1
22061,16067,1,1,2026-08-26,1
22062,1991,1,1,2026-08-26,3
22063,18646,1,1,2026-08-26,3
22064,21650,1,1,2026-08-26,3
22065,41843,1,1,2026-08-26,3
22066,10169,1,1,2026-08-26,1
22067,44294,1,1,2026-08-26,3
22068,47774,1,1,2026-08-26,3
22069,47350,1,1,2026-08-26,3
22070,16926,1,1,2026-08-26,3
22071,9341,1,1,2026-08-26,3
22072,38605,1,1,2026-08-26,3
22073,11070,1,1,2026-08-26,3
22074,36666,1,1,2026-08-26,3
22075,39637,1,1,2026-08-26,3
22076,28678,1,1,2026-08-26,3
22077,764,1,1,2026-08-26,3
22078,15344,1,1,2026-08-26,3
22079,48042,1,1,2026-08-26,3
22080,4035,1,1,2026-08-26,3
22081,10079,1,1,2026-08-26,3
22082,19832,1,1,2026-08-26,3
22083,47875,1,1,2026-08-26,3
22084,3086,1,1,2026-08-26,3
22085,23571,1,1,2026-08-26,3
22086,12891,1,1,2026-08-26,3
22087,24892,1,1,2026-08-26,1
22088,45129,1,1,2026-08-26,3
22089,47694,1,1,2026-08-26,3
22090,46274,1,1,2026-08-26,3
22091,31334,1,1,2026-08-26,3
22092,577,1,1,2026-08-26,1
22093,15102,1,1,2026-08-26,3
22094,19336,1,1,2026-08-26,3
22095,1689,1,1,2026-08-26,3
22096,38764,1,1,2026-08-26,4
22097,2048,1,1,2026-08-26,3
22098,30250,1,1,2026-08-26,3
22099,42375,1,1,2026-08-26,4
22100,35038,1,1,2026-08-26,3
22101,46537,1,1,2026-08-26,3
22102,36598,1,1,2026-08-26,3
22103,20562,1,1,2026-08-26,3
22104,38979,1,1,2026-08-26,3
22105,10454,1,1,2026-08-26,3
22106,3998,1,1,2026-08-26,3
22107,29034,1,1,2026-08-26,3
22108,43131,1,1,2026-08-26,4
22109,45627,1,1,2026-08-26,3
22110,27359,1,1,2026-08-26,3
22111,18247,1,1,2026-08-26,3
22112,47148,1,1,2026-08-26,3
22113,33032,1,1,2026-08-26,3
22114,417,1,1,2026-08-26,3
22115,25244,1,1,2026-08-26,3
22116,42,1,1,2026-08-26,3
22117,36632,1,1,2026-08-26,3
22118,5433,1,1,2026-08-26,3
22119,34204,1,1,2026-08-26,3
22120,31345,1,1,2026-08-26,3
22121,42142,1,1,2026-08-26,3
22122,12313,1,1,2026-08-26,3
22123,8299,1,1,2026-08-26,3
22124,1674,1,1,2026-08-26,4
22125,36963,1,1,2026-08-26,3
22126,46868,1,1,2026-08-26,1
22127,12502,1,1,2026-08-26,3
22128,6045,1,1,2026-08-26,1
22129,16816,1,1,2026-08-26,3
22130,14883,1,1,2026-08-26,3
22131,16035,1,1,2026-08-26,3
22132,6527,1,1,2026-08-26,3
22133,17797,1,1,2026-08-26,4
22134,53,1,1,2026-08-26,3
22135,49760,1,1,2026-08-26,3
22136,32465,1,1,2026-08-26,3
22137,38730,1,1,2026-08-26,3
22138,2455,1,1,2026-08-26,3
22139,16202,1,1,2026-08-26,1
22140,25032,1,1,2026-08-26,3
22141,14598,1,1,2026-08-26,3
22142,42201,1,1,2026-08-26,3
22143,37381,1,1,2026-08-26,3
22144,42871,1,1,2026-08-26,3
22145,48855,1,1,2026-08-26,1
22146,16440,1,1,2026-08-26,3
22147,13728,1,1,2026-08-26,3
22148,28312,1,1,2026-08-26,3
22149,16878,1,1,2026-08-26,3
22150,28279,1,1,2026-08-26,3
22151,18983,1,1,2026-08-26,3
22152,31342,1,1,2026-08-26,3
22153,19132,1,1,2026-08-26,3
22154,25629,1,1,2026-08-26,1
22155,7062,1,1,2026-08-26,1
22156,45327,1,1,2026-08-26,3
22157,23474,1,1,2026-08-26,3
22158,21512,1,1,2026-08-26,4
22159,19775,1,1,2026-08-26,3
22160,3548,1,1,2026-08-26,3
22161,29554,1,1,2026-08-26,3
22162,19008,1,1,2026-08-26,3
22163,17418,1,1,2026-08-26,3
22164,49153,1,1,2026-08-26,4
22165,7655,1,1,2026-08-26,4
22166,5438,1,1,2026-08-26,3
22167,7352,1,1,2026-08-26,4
22168,21703,1,1,2026-08-26,1
22169,22908,1,1,2026-08-26,3
22170,14701,1,1,2026-08-26,3
22171,28297,1,1,2026-08-26,3
22172,27799,1,1,2026-08-26,3
22173,38658,1,1,2026-08-26,3
22174,8847,1,1,2026-08-26,3
22175,44978,1,1,2026-08-26,3
22176,45966,1,1,2026-08-26,3
22177,20193,1,1,2026-08-26,3
22178,18838,1,1,2026-08-26,4
22179,36202,1,1,2026-08-26,3
22180,47004,1,1,2026-08-26,3
22181,37304,1,1,2026-08-26,3
22182,34152,1,1,2026-08-26,3
22183,44511,1,1,2026-08-26,3
22184,2915,1,1,2026-08-26,3
22185,24234,1,1,2026-08-26,3
22186,26471,1,1,2026-08-26,3
22187,14275,1,1,2026-08-26,3
22188,32946,1,1,2026-08-26,3
22189,48920,1,1,2026-08-26,4
22190,45930,1,1,2026-08-26,3
22191,28753,1,1,2026-08-26,3
22192,29892,1,1,2026-08-26,3
22193,8202,1,1,2026-08-26,3
22194,18320,1,1,2026-08-26,3
22195,20765,1,1,2026-08-26,3
22196,2179,1,1,2026-08-26,3
22197,38543,1,1,2026-08-26,3
22198,33187,1,1,2026-08-26,3
22199,30887,1,1,2026-08-26,3
22200,42152,1,1,2026-08-26,3
22201,47613,1,1,2026-08-26,3
22202,17215,1,1,2026-08-26,1
22203,45518,1,1,2026-08-26,3
22204,7582,1,1,2026-08-26,3
22205,14523,1,1,2026-08-26,3
22206,5078,1,1,2026-08-26,3
22207,44043,1,1,2026-08-26,3
22208,4600,1,1,2026-08-26,3
22209,18012,1,1,2026-08-26,1
22210,28428,1,1,2026-08-26,3
22211,3268,1,1,2026-08-26,3
22212,7694,1,1,2026-08-26,4
22213,15585,1,1,2026-08-26,1
22214,12669,1,1,2026-08-26,3
22215,31381,1,1,2026-08-26,3
22216,44307,1,1,2026-08-26,3
22217,28563,1,1,2026-08-26,3
22218,43114,1,1,2026-08-26,3
22219,34384,1,1,2026-08-26,3
22220,19224,1,1,2026-08-26,3
22221,48653,1,1,2026-08-26,3
22222,1258,1,1,2026-08-26,3
22223,34440,1,1,2026-08-26,3
22224,6607,1,1,2026-08-26,3
22225,39050,1,1,2026-08-26,3
22226,8467,1,1,2026-08-26,3
22227,6542,1,1,2026-08-26,3
22228,31769,1,1,2026-08-26,3
22229,42815,1,1,2026-08-26,3
22230,30653,1,1,2026-08-26,3
22231,569,1,1,2026-08-26,3
22232,38326,1,1,2026-08-26,3
22233,30952,1,1,2026-08-26,3
22234,4863,1,1,2026-08-26,4
22235,40589,1,1,2026-08-26,3
22236,36564,1,1,2026-08-26,3
22237,47256,1,1,2026-08-26,3
22238,5840,1,1,2026-08-26,3
22239,39685,1,1,2026-08-26,3
22240,32821,1,1,2026-08-26,3
22241,46084,1,1,2026-08-26,3
22242,20746,1,1,2026-08-26,1
22243,23633,1,1,2026-08-26,3
22244,39772,1,1,2026-08-26,3
22245,43687,1,1,2026-08-26,3
22246,31419,1,1,2026-08-26,3
22247,38494,1,1,2026-08-26,3
22248,33603,1,1,2026-08-26,3
22249,27314,1,1,2026-08-26,6
22250,18182,1,1,2026-08-26,4
22251,23318,1,1,2026-08-26,3
22252,38319,1,1,2026-08-26,3
22253,38881,1,1,2026-08-26,3
22254,28090,1,1,2026-08-26,3
22255,46522,1,1,2026-08-26,3
22256,41708,1,1,2026-08-26,3
22257,22519,1,1,2026-08-26,1
22258,7122,1,1,2026-08-26,3
22259,38829,1,1,2026-08-26,3
22260,10521,1,1,2026-08-26,3
22261,49529,1,1,2026-08-26,4
22262,32756,1,1,2026-08-26,4
22263,40582,1,1,2026-08-26,1
22264,788,1,1,2026-08-26,3
22265,37784,1,1,2026-08-26,3
22266,759,1,1,2026-08-26,1
22267,8671,1,1,2026-08-26,3
22268,46285,1,1,2026-08-26,3
22269,27466,1,1,2026-08-26,3
22270,3568,1,1,2026-08-26,3
22271,43868,1,1,2026-08-26,3
22272,15095,1,1,2026-08-26,3
22273,42063,1,1,2026-08-26,3
22274,2378,1,1,2026-08-26,3
22275,2552,1,1,2026-08-26,3
22276,12388,1,1,2026-08-26,3
22277,20316,1,1,2026-08-26,3
22278,42266,1,1,2026-08-26,1
22279,10005,1,1,2026-08-26,3
22280,2640,1,1,2026-08-26,3
22281,9128,1,1,2026-08-26,3
22282,16702,1,1,2026-08-26,3
22283,20380,1,1,2026-08-26,3
22284,32231,1,1,2026-08-26,3
22285,19048,1,1,2026-08-26,3
22286,10428,1,1,2026-08-26,3
22287,2363,1,1,2026-08-26,3
22288,11955,1,1,2026-08-26,4
22289,31550,1,1,2026-08-26,3
22290,45016,1,1,2026-08-26,4
22291,37745,1,1,2026-08-26,3
22292,35104,1,1,2026-08-26,3
22293,31260,1,1,2026-08-26,3
22294,31975,1,1,2026-08-26,3
22295,934,1,1,2026-08-26,3
22296,19167,1,1,2026-08-26,3
22297,33287,1,1,2026-08-26,3
22298,19278,1,1,2026-08-26,3
22299,4192,1,1,2026-08-26,3
22300,35836,1,1,2026-08-26,3
22301,37941,1,1,2026-08-26,3
22302,30898,1,1,2026-08-26,3
22303,26860,1,1,2026-08-26,3
22304,4709,1,1,2026-08-26,3
22305,29560,1,1,2026-08-26,1
22306,33944,1,1,2026-08-26,3
22307,35023,1,1,2026-08-26,3
22308,32988,1,1,2026-08-26,3
22309,34101,1,1,2026-08-26,4
22310,7053,1,1,2026-08-26,3
22311,20370,1,1,2026-08-26,3
22312,46573,1,1,2026-08-26,3
22313,19745,1,1,2026-08-26,3
22314,46478,1,1,2026-08-26,3
22315,42234,1,1,2026-08-26,3
22316,4902,1,1,2026-08-26,3
22317,35070,1,1,2026-08-26,3
22318,14225,1,1,2026-08-26,3
22319,11108,1,1,2026-08-26,4
22320,839,1,1,2026-08-26,3
22321,32347,1,1,2026-08-26,3
22322,14887,1,1,2026-08-26,3
22323,41744,1,1,2026-08-26,3
22324,27656,1,1,2026-08-26,3
22325,27541,1,1,2026-08-26,3
22326,26170,1,1,2026-08-26,3
22327,13135,1,1,2026-08-26,3
22328,28780,1,1,2026-08-26,3
22329,7194,1,1,2026-08-26,3
22330,21254,1,1,2026-08-26,3
22331,30423,1,1,2026-08-26,1
22332,26211,1,1,2026-08-26,3
22333,22926,1,1,2026-08-26,6
22334,38707,1,1,2026-08-26,3
22335,24218,1,1,2026-08-26,3
22336,3027,1,1,2026-08-26,3
22337,42397,1,1,2026-08-26,4
22338,25531,1,1,2026-08-26,3
22339,23645,1,1,2026-08-26,3
22340,1551,1,1,2026-08-26,3
22341,18662,1,1,2026-08-26,3
22342,24041,1,1,2026-08-26,3
22343,26859,1,1,2026-08-26,3
22344,8567,1,1,2026-08-26,1
22345,17962,1,1,2026-08-26,3
22346,12083,1,1,2026-08-26,3
22347,9388,1,1,2026-08-26,3
22348,15231,1,1,2026-08-26,5
22349,30726,1,1,2026-08-26,4
22350,48879,1,1,2026-08-26,4
22351,19965,1,1,2026-08-26,3
22352,25709,1,1,2026-08-26,3
22353,33830,1,1,2026-08-26,3
22354,48842,1,1,2026-08-26,3
22355,1396,1,1,2026-08-26,3
22356,30363,1,1,2026-08-26,3
22357,26082,1,1,2026-08-26,4
22358,31162,1,1,2026-08-26,3
22359,47477,1,1,2026-08-26,3
22360,19500,1,1,2026-08-26,3
22361,46737,1,1,2026-08-26,3
22362,10235,1,1,2026-08-26,3
22363,13964,1,1,2026-08-26,1
22364,47778,1,1,2026-08-26,3
22365,49684,1,1,2026-08-26,3
22366,1050,1,1,2026-08-26,3
22367,37226,1,1,2026-08-26,3
22368,46448,1,1,2026-08-26,3
22369,45850,1,1,2026-08-26,3
22370,15222,1,1,2026-08-26,3
22371,457,1,1,2026-08-26,4
22372,47226,1,1,2026-08-26,4
22373,426,1,1,2026-08-26,3
22374,6573,1,1,2026-08-26,3
22375,35230,1,1,2026-08-26,3
22376,8310,1,1,2026-08-26,3
22377,33175,1,1,2026-08-26,3
22378,27181,1,1,2026-08-26,3
22379,42166,1,1,2026-08-26,3
22380,29154,1,1,2026-08-26,3
22381,29939,1,1,2026-08-26,3
22382,7835,1,1,2026-08-26,3
22383,40157,1,1,2026-08-26,3
22384,38409,1,1,2026-08-26,3
22385,5137,1,1,2026-08-26,4
22386,36593,1,1,2026-08-26,3
22387,32589,1,1,2026-08-26,3
22388,38063,1,1,2026-08-26,3
22389,24642,1,1,2026-08-26,3
22390,25776,1,1,2026-08-26,3
22391,19562,1,1,2026-08-26,1
22392,39096,1,1,2026-08-26,3
22393,20134,1,1,2026-08-26,3
22394,44083,1,1,2026-08-26,4
22395,46047,1,1,2026-08-26,4
22396,39926,1,1,2026-08-26,3
22397,48835,1,1,2026-08-26,3
22398,37101,1,1,2026-08-26,3
22399,44450,1,1,2026-08-26,3
22400,32114,1,1,2026-08-26,4
22401,15007,1,1,2026-08-26,3
22402,30570,1,1,2026-08-26,3
22403,38695,1,1,2026-08-26,3
22404,11161,1,1,2026-08-26,3
22405,21519,1,1,2026-08-26,4
22406,31774,1,1,2026-08-26,4
22407,10593,1,1,2026-08-26,3
22408,42548,1,1,2026-08-26,3
22409,19847,1,1,2026-08-26,1
22410,22442,1,1,2026-08-26,4
22411,12650,1,1,2026-08-26,1
22412,42033,1,1,2026-08-26,3
22413,4891,1,1,2026-08-26,3
22414,29903,1,1,2026-08-26,3
22415,39474,1,1,2026-08-26,3
22416,24935,1,1,2026-08-26,3
22417,4123,1,1,2026-08-26,1
22418,29972,1,1,2026-08-26,3
22419,44324,1,1,2026-08-26,1
22420,2761,1,1,2026-08-26,3
22421,4222,1,1,2026-08-26,3
22422,33927,1,1,2026-08-26,3
22423,36714,1,1,2026-08-26,3
22424,29143,1,1,2026-08-26,3
22425,43744,1,1,2026-08-26,3
22426,12154,1,1,2026-08-26,3
22427,25420,1,1,2026-08-26,3
22428,40483,1,1,2026-08-26,3
22429,21989,1,1,2026-08-26,3
22430,3583,1,1,2026-08-26,3
22431,47106,1,1,2026-08-26,3
22432,32445,1,1,2026-08-26,3
22433,35526,1,1,2026-08-26,3
22434,35874,1,1,2026-08-26,3
22435,47156,1,1,2026-08-26,3
22436,41823,1,1,2026-08-26,3
22437,48304,1,1,2026-08-26,3
22438,49643,1,1,2026-08-26,3
22439,17485,1,1,2026-08-26,3
22440,46814,1,1,2026-08-26,3
22441,448,1,1,2026-08-26,3
22442,7539,1,1,2026-08-26,3
22443,16747,3,1,2026-08-26,2
22444,19696,3,1,2026-08-26,3
22445,25460,3,1,2026-08-26,5
22446,13163,3,1,2026-08-26,3
22447,34665,3,1,2026-08-26,3
22448,14779,3,1,2026-08-26,1
22449,29809,3,1,2026-08-26,2
22450,13084,3,1,2026-08-26,2
22451,1602,3,1,2026-08-26,3
22452,34649,3,1,2026-08-26,3
22453,6101,3,1,2026-08-26,3
22454,41332,3,1,2026-08-26,3
22455,28896,3,1,2026-08-26,2
22456,47245,3,1,2026-08-26,2
22457,28784,3,1,2026-08-26,2
22458,27126,3,1,2026-08-26,3
22459,43199,3,1,2026-08-26,1
22460,32837,3,1,2026-08-26,3
22461,10476,3,1,2026-08-26,2
22462,12464,3,1,2026-08-26,2
22463,36177,3,1,2026-08-26,3
22464,37628,3,1,2026-08-26,3
22465,32210,3,1,2026-08-26,4
22466,44336,3,1,2026-08-26,2
22467,6022,3,1,2026-08-26,3
22468,27172,3,1,2026-08-26,3
22469,25898,3,1,2026-08-26,2
22470,48521,3,1,2026-08-26,3
22471,47990,3,1,2026-08-26,2
22472,6265,3,1,2026-08-26,3
22473,28275,3,1,2026-08-26,3
22474,14751,3,1,2026-08-26,1
22475,25785,3,1,2026-08-26,1
22476,14269,3,1,2026-08-26,2
22477,21930,3,1,2026-08-26,4
22478,9850,3,1,2026-08-26,3
22479,40966,3,1,2026-08-26,4
22480,31083,3,1,2026-08-26,3
22481,44235,3,1,2026-08-26,3
22482,17382,3,1,2026-08-26,1
22483,47941,3,1,2026-08-26,3
22484,17850,3,1,2026-08-26,2
22485,22668,3,1,2026-08-26,4
22486,7990,3,1,2026-08-26,3
22487,26553,3,1,2026-08-26,2
22488,11791,3,1,2026-08-26,3
22489,39013,3,1,2026-08-26,3
22490,18460,3,1,2026-08-26,3
22491,39118,3,1,2026-08-26,3
22492,24296,3,1,2026-08-26,4
22493,41430,3,1,2026-08-26,1
22494,23424,3,1,2026-08-26,2
22495,45903,3,1,2026-08-26,3
22496,16621,3,1,2026-08-26,3
22497,45165,3,1,2026-08-26,4
22498,13583,3,1,2026-08-26,4
22499,42776,3,1,2026-08-26,3
22500,16350,3,1,2026-08-26,3
22501,45365,3,1,2026-08-26,1
22502,536,3,1,2026-08-26,3
22503,44216,3,1,2026-08-26,3
22504,37234,3,1,2026-08-26,4
22505,18033,3,1,2026-08-26,3
22506,31350,3,1,2026-08-26,3
22507,45589,3,1,2026-08-26,2
22508,17758,3,1,2026-08-26,2
22509,13408,3,1,2026-08-26,3
22510,49782,3,1,2026-08-26,4
22511,10864,3,1,2026-08-26,3
22512,38026,3,1,2026-08-26,1
22513,37259,3,1,2026-08-26,3
22514,10914,3,1,2026-08-26,3
22515,36037,3,1,2026-08-26,2
22516,38505,3,1,2026-08-26,1
22517,8186,3,1,2026-08-26,3
22518,14698,3,1,2026-08-26,3
22519,12700,3,1,2026-08-26,3
22520,37890,3,1,2026-08-26,2
22521,11711,3,1,2026-08-26,3
22522,23662,3,1,2026-08-26,1
22523,21701,3,1,2026-08-26,2
22524,22395,3,1,2026-08-26,3
22525,7064,3,1,2026-08-26,3
22526,49713,3,1,2026-08-26,3
22527,32842,3,1,2026-08-26,3
22528,25854,3,1,2026-08-26,1
22529,40060,3,1,2026-08-26,3
22530,4761,3,1,2026-08-26,3
22531,25128,3,1,2026-08-26,3
22532,35505,3,1,2026-08-26,3
22533,26814,3,1,2026-08-26,2
22534,4569,3,1,2026-08-26,3
22535,2892,3,1,2026-08-26,2
22536,15657,3,1,2026-08-26,4
22537,48503,3,1,2026-08-26,1
22538,24982,3,1,2026-08-26,1
22539,25849,3,1,2026-08-26,3
22540,11255,3,1,2026-08-26,3
22541,17,3,1,2026-08-26,4
22542,21493,3,1,2026-08-26,3
22543,15890,3,1,2026-08-26,3
22544,46080,3,1,2026-08-26,5
22545,37068,3,1,2026-08-26,1
22546,19137,3,1,2026-08-26,3
22547,40668,3,1,2026-08-26,2
22548,48385,3,1,2026-08-26,3
22549,11568,3,1,2026-08-26,2
22550,12201,3,1,2026-08-26,1
22551,46574,3,1,2026-08-26,3
22552,45586,3,1,2026-08-26,1
22553,16770,3,1,2026-08-26,2
22554,16689,3,1,2026-08-26,2
22555,49092,3,1,2026-08-26,3
22556,28876,3,1,2026-08-26,3
22557,48940,3,1,2026-08-26,2
22558,13052,3,1,2026-08-26,2
22559,18876,3,1,2026-08-26,1
22560,13740,3,1,2026-08-26,1
22561,18789,3,1,2026-08-26,1
22562,21545,3,1,2026-08-26,1
22563,20194,3,1,2026-08-26,3
22564,14977,3,1,2026-08-26,3
22565,32254,3,1,2026-08-26,3
22566,1895,3,1,2026-08-26,1
22567,37885,3,1,2026-08-26,2
22568,48312,3,1,2026-08-26,2
22569,22750,3,1,2026-08-26,3
22570,9911,3,1,2026-08-26,3
22571,7843,3,1,2026-08-26,3
22572,28143,3,1,2026-08-26,3
22573,6435,3,1,2026-08-26,3
22574,35283,3,1,2026-08-26,2
22575,1982,3,1,2026-08-26,1
22576,27067,3,1,2026-08-26,3
22577,8344,3,1,2026-08-26,3
22578,7448,3,1,2026-08-26,3
22579,33778,3,1,2026-08-26,1
22580,25414,3,1,2026-08-26,6
22581,21758,3,1,2026-08-26,4
22582,32920,3,1,2026-08-26,4
22583,12810,3,1,2026-08-26,2
22584,30797,3,1,2026-08-26,3
22585,42870,3,1,2026-08-26,2
22586,10492,3,1,2026-08-26,1
22587,2093,3,1,2026-08-26,3
22588,10093,3,1,2026-08-26,5
22589,24584,3,1,2026-08-26,2
22590,18006,3,1,2026-08-26,3
22591,28584,3,1,2026-08-26,4
22592,30543,3,1,2026-08-26,3
22593,38014,3,1,2026-08-26,4
22594,36074,3,1,2026-08-26,3
22595,16138,3,1,2026-08-26,3
22596,31177,3,1,2026-08-26,3
22597,29118,3,1,2026-08-26,1
22598,40244,3,1,2026-08-26,1
22599,36131,3,1,2026-08-26,3
22600,18902,3,1,2026-08-26,3
22601,3264,3,1,2026-08-26,3
22602,23438,3,1,2026-08-26,2
22603,1272,3,1,2026-08-26,3
22604,34540,3,1,2026-08-26,3
22605,7491,3,1,2026-08-26,3
22606,41611,3,1,2026-08-26,3
22607,38352,3,1,2026-08-26,3
22608,20924,3,1,2026-08-26,4
22609,30974,3,1,2026-08-26,3
22610,28945,3,1,2026-08-26,2
22611,27472,3,1,2026-08-26,4
22612,40399,3,1,2026-08-26,3
22613,31977,3,1,2026-08-26,1
22614,1429,3,1,2026-08-26,1
22615,47881,3,1,2026-08-26,3
22616,12716,3,1,2026-08-26,1
22617,11901,3,1,2026-08-26,2
22618,49838,3,1,2026-08-26,1
22619,24264,3,1,2026-08-26,3
22620,4205,3,1,2026-08-26,3
22621,10715,3,1,2026-08-26,2
22622,48245,3,1,2026-08-26,3
22623,22119,3,1,2026-08-26,3
22624,27030,3,1,2026-08-26,3
22625,12918,3,1,2026-08-26,1
22626,20969,3,1,2026-08-26,1
22627,42606,3,1,2026-08-26,3
22628,37707,3,1,2026-08-26,4
22629,29631,3,1,2026-08-26,3
22630,16608,3,1,2026-08-26,3
22631,47715,3,1,2026-08-26,2
22632,44481,3,1,2026-08-26,2
22633,30051,3,1,2026-08-26,3
22634,29580,3,1,2026-08-26,2
22635,34227,3,1,2026-08-26,1
22636,21596,3,1,2026-08-26,3
22637,10272,3,1,2026-08-26,3
22638,41363,3,1,2026-08-26,3
22639,30964,3,1,2026-08-26,2
22640,12293,3,1,2026-08-26,1
22641,17386,3,1,2026-08-26,2
22642,40946,3,1,2026-08-26,3
22643,28585,3,1,2026-08-26,2
22644,29868,3,1,2026-08-26,3
22645,10729,3,1,2026-08-26,3
22646,43636,3,1,2026-08-26,2
22647,31266,3,1,2026-08-26,3
22648,3097,3,1,2026-08-26,3
22649,8730,3,1,2026-08-26,4
22650,41309,3,1,2026-08-26,1
22651,22223,3,1,2026-08-26,3
22652,7815,3,1,2026-08-26,2
22653,47288,3,1,2026-08-26,3
22654,14397,3,1,2026-08-26,3
22655,26252,3,1,2026-08-26,3
22656,29257,3,1,2026-08-26,1
22657,15342,3,1,2026-08-26,3
22658,27690,3,1,2026-08-26,3
22659,28307,3,1,2026-08-26,3
22660,43024,3,1,2026-08-26,3
22661,30247,3,1,2026-08-26,2
22662,32531,3,1,2026-08-26,2
22663,10956,3,1,2026-08-26,3
22664,8558,3,1,2026-08-26,5
22665,37098,3,1,2026-08-26,3
22666,13986,3,1,2026-08-26,3
22667,32839,3,1,2026-08-26,3
22668,37598,3,1,2026-08-26,2
22669,40551,3,1,2026-08-26,3
22670,25205,3,1,2026-08-26,2
22671,29185,3,1,2026-08-26,1
22672,48299,3,1,2026-08-26,2
22673,8561,3,1,2026-08-26,4
22674,41590,3,1,2026-08-26,2
22675,19868,3,1,2026-08-26,3
22676,32128,3,1,2026-08-26,3
22677,4622,3,1,2026-08-26,3
22678,44116,3,1,2026-08-26,3
22679,33395,3,1,2026-08-26,2
22680,20775,3,1,2026-08-26,3
22681,46216,3,1,2026-08-26,2
22682,6286,3,1,2026-08-26,3
22683,1318,3,1,2026-08-26,3
22684,16058,3,1,2026-08-26,2
22685,11438,3,1,2026-08-26,2
22686,45311,3,1,2026-08-26,1
22687,5633,3,1,2026-08-26,2
22688,5291,3,1,2026-08-26,2
22689,24735,3,1,2026-08-26,2
22690,29838,3,1,2026-08-26,2
22691,23381,3,1,2026-08-26,2
22692,48089,3,1,2026-08-26,3
22693,43386,3,1,2026-08-26,2
22694,7791,3,1,2026-08-26,3
22695,49338,3,1,2026-08-26,2
22696,40766,3,1,2026-08-26,2
22697,10625,3,1,2026-08-26,2
22698,38706,3,1,2026-08-26,3
22699,13915,3,1,2026-08-26,3
22700,5266,3,1,2026-08-26,3
22701,8979,3,1,2026-08-26,3
22702,29,3,1,2026-08-26,3
22703,47275,3,1,2026-08-26,2
22704,18277,3,1,2026-08-26,2
22705,14116,3,1,2026-08-26,3
22706,17075,3,1,2026-08-26,3
22707,21111,3,1,2026-08-26,2
22708,27987,3,1,2026-08-26,3
22709,42301,3,1,2026-08-26,3
22710,30475,3,1,2026-08-26,3
22711,14329,3,1,2026-08-26,3
22712,43881,3,1,2026-08-26,1
22713,22372,3,1,2026-08-26,2
22714,18868,3,1,2026-08-26,3
22715,8724,3,1,2026-08-26,2
22716,18795,3,1,2026-08-26,2
22717,4356,3,1,2026-08-26,2
22718,14822,3,1,2026-08-26,2
22719,28648,3,1,2026-08-26,3
22720,12084,3,1,2026-08-26,3
22721,27287,3,1,2026-08-26,3
22722,14073,3,1,2026-08-26,3
22723,9439,3,1,2026-08-26,1
22724,12432,3,1,2026-08-26,3
22725,48522,3,1,2026-08-26,4
22726,49780,3,1,2026-08-26,3
22727,14871,3,1,2026-08-26,2
22728,2323,3,1,2026-08-26,3
22729,40580,3,1,2026-08-26,3
22730,33636,3,1,2026-08-26,2
22731,11159,3,1,2026-08-26,3
22732,3395,3,1,2026-08-26,3
22733,39488,3,1,2026-08-26,3
22734,43065,3,1,2026-08-26,1
22735,23532,3,1,2026-08-26,3
22736,19797,3,1,2026-08-26,3
22737,15759,3,1,2026-08-26,2
22738,47114,3,1,2026-08-26,3
22739,2223,3,1,2026-08-26,3
22740,12519,3,1,2026-08-26,3
22741,18509,3,1,2026-08-26,3
22742,43830,3,1,2026-08-26,1
22743,27047,3,1,2026-08-26,4
22744,45381,3,1,2026-08-26,1
22745,13269,3,1,2026-08-26,2
22746,13719,3,1,2026-08-26,2
22747,22307,3,1,2026-08-26,1
22748,15571,3,1,2026-08-26,4
22749,37470,3,1,2026-08-26,3
22750,8623,3,1,2026-08-26,3
22751,36193,3,1,2026-08-26,4
22752,47235,3,1,2026-08-26,1
22753,22179,3,1,2026-08-26,3
22754,11708,3,1,2026-08-26,3
22755,48006,3,1,2026-08-26,2
22756,48483,3,2,2026-08-26,2
22757,43669,3,2,2026-08-26,3
22758,49486,3,2,2026-08-26,1
22759,35133,3,2,2026-08-26,2
22760,6828,3,2,2026-08-26,3
22761,31807,3,2,2026-08-26,3
22762,35047,3,2,2026-08-26,1
22763,19689,3,2,2026-08-26,3
22764,49005,3,2,2026-08-26,3
22765,33291,3,2,2026-08-26,2
22766,11382,3,2,2026-08-26,3
22767,42543,3,2,2026-08-26,2
22768,41529,3,2,2026-08-26,3
22769,26263,3,2,2026-08-26,3
22770,19470,3,2,2026-08-26,3
22771,12895,3,2,2026-08-26,2
22772,11547,3,2,2026-08-26,2
22773,19698,3,2,2026-08-26,1
22774,18354,3,2,2026-08-26,3
22775,48513,3,2,2026-08-26,3
22776,19873,3,2,2026-08-26,1
22777,30845,3,2,2026-08-26,1
22778,702,3,2,2026-08-26,3
22779,269,3,2,2026-08-26,4
22780,4039,3,2,2026-08-26,2
22781,2314,3,2,2026-08-26,3
22782,47791,3,2,2026-08-26,3
22783,31886,3,2,2026-08-26,2
22784,38882,3,2,2026-08-26,2
22785,15798,3,2,2026-08-26,2
22786,49341,3,2,2026-08-26,1
22787,44377,3,2,2026-08-26,3
22788,34680,3,2,2026-08-26,3
22789,9533,3,2,2026-08-26,3
22790,41872,3,2,2026-08-26,3
22791,38477,3,2,2026-08-26,3
22792,17640,3,2,2026-08-26,1
22793,18113,3,2,2026-08-26,3
22794,26032,3,2,2026-08-26,1
22795,8955,3,2,2026-08-26,1
22796,6541,3,2,2026-08-26,3
22797,22857,3,2,2026-08-26,3
22798,41652,3,2,2026-08-26,3
22799,34512,3,2,2026-08-26,4
22800,42689,3,2,2026-08-26,2
22801,36857,3,2,2026-08-26,2
22802,15119,3,2,2026-08-26,3
22803,39673,3,2,2026-08-26,1
22804,17153,3,2,2026-08-26,2
22805,1036,3,2,2026-08-26,3
22806,14072,3,2,2026-08-26,2
22807,6704,3,2,2026-08-26,2
22808,40523,3,2,2026-08-26,2
22809,32150,3,2,2026-08-26,1
22810,48585,3,2,2026-08-26,1
22811,18532,3,2,2026-08-26,3
22812,27886,3,2,2026-08-26,5
22813,35723,3,2,2026-08-26,4
22814,18089,3,2,2026-08-26,3
22815,1722,3,2,2026-08-26,3
22816,13893,3,2,2026-08-26,3
22817,29161,3,2,2026-08-26,4
22818,301,3,2,2026-08-26,2
22819,13071,2,1,2026-08-26,4
22820,17505,2,1,2026-08-26,4
22821,29035,2,1,2026-08-26,1
22822,36267,2,1,2026-08-26,3
22823,16674,2,1,2026-08-26,3
22824,13855,2,1,2026-08-26,1
22825,33476,2,1,2026-08-26,4
22826,41532,2,1,2026-08-26,2
22827,25167,2,1,2026-08-26,4
22828,40669,2,1,2026-08-26,3
22829,4800,2,1,2026-08-26,3
22830,5950,2,1,2026-08-26,3
22831,31482,2,1,2026-08-26,2
22832,41511,2,1,2026-08-26,3
22833,7901,2,1,2026-08-26,3
22834,41324,2,1,2026-08-26,3
22835,41366,2,1,2026-08-26,3
22836,49600,2,1,2026-08-26,4
22837,34957,2,1,2026-08-26,4
22838,12605,2,1,2026-08-26,5
22839,31964,2,1,2026-08-26,1
22840,2083,2,1,2026-08-26,1
22841,15974,2,1,2026-08-26,3
22842,4549,2,1,2026-08-26,5
22843,13650,2,1,2026-08-26,4
22844,39054,2,1,2026-08-26,3
22845,30712,2,1,2026-08-26,3
22846,41451,2,1,2026-08-26,3
22847,32563,2,1,2026-08-26,3
22848,2990,2,1,2026-08-26,4
22849,26456,2,1,2026-08-26,3
22850,36490,2,1,2026-08-26,3
22851,23357,2,1,2026-08-26,1
22852,33262,2,1,2026-08-26,2
22853,37442,2,1,2026-08-26,4
22854,45250,2,1,2026-08-26,4
22855,22394,2,1,2026-08-26,2
22856,20161,2,1,2026-08-26,3
22857,32050,2,1,2026-08-26,1
22858,19480,2,1,2026-08-26,3
22859,36473,2,1,2026-08-26,5
22860,43393,2,1,2026-08-26,4
22861,33224,2,1,2026-08-26,4
22862,39860,2,1,2026-08-26,2
22863,7187,2,1,2026-08-26,4
22864,15139,2,1,2026-08-26,4
22865,39094,2,1,2026-08-26,4
22866,26337,2,1,2026-08-26,5
22867,1649,2,1,2026-08-26,3
22868,9146,2,1,2026-08-26,3
22869,39402,2,1,2026-08-26,3
22870,16819,2,1,2026-08-26,3
22871,18776,2,1,2026-08-26,4
22872,25266,2,1,2026-08-26,4
22873,22193,2,1,2026-08-26,3
22874,13862,2,1,2026-08-26,5
22875,47850,2,1,2026-08-26,4
22876,5169,2,1,2026-08-26,1
22877,43241,2,1,2026-08-26,5
22878,39209,2,1,2026-08-26,1
22879,26536,2,1,2026-08-26,4
22880,25975,2,1,2026-08-26,5
22881,42890,2,1,2026-08-26,3
22882,49308,2,1,2026-08-26,3
22883,45577,2,1,2026-08-26,4
22884,46457,2,1,2026-08-26,1
22885,15849,2,1,2026-08-26,4
22886,24606,2,1,2026-08-26,4
22887,21109,2,1,2026-08-26,1
22888,38150,2,1,2026-08-26,4
22889,37150,2,1,2026-08-26,1
22890,37239,2,1,2026-08-26,3
22891,6013,2,1,2026-08-26,3
22892,12505,2,1,2026-08-26,3
22893,45244,2,1,2026-08-26,3
22894,41137,2,1,2026-08-26,3
22895,8928,2,1,2026-08-26,4
22896,26917,2,1,2026-08-26,3
22897,48423,2,1,2026-08-26,3
22898,31944,2,1,2026-08-26,1
22899,2768,2,1,2026-08-26,4
22900,12461,2,1,2026-08-26,3
22901,48542,2,1,2026-08-26,3
22902,41790,2,1,2026-08-26,4
22903,36488,2,1,2026-08-26,3
22904,22294,2,1,2026-08-26,4
22905,35916,2,1,2026-08-26,4
22906,43864,2,1,2026-08-26,3
22907,26405,2,1,2026-08-26,4
22908,26508,2,1,2026-08-26,4
22909,15667,2,1,2026-08-26,3
22910,14859,2,1,2026-08-26,3
22911,27911,2,1,2026-08-26,4
22912,7140,2,1,2026-08-26,1
22913,40740,2,1,2026-08-26,3
22914,18581,2,1,2026-08-26,4
22915,31372,2,1,2026-08-26,3
22916,27790,2,1,2026-08-26,4
22917,34193,2,1,2026-08-26,3
22918,47129,2,1,2026-08-26,4
22919,34100,2,1,2026-08-26,3
22920,6971,2,1,2026-08-26,3
22921,42778,2,1,2026-08-26,1
22922,21749,2,1,2026-08-26,2
22923,35317,2,1,2026-08-26,4
22924,6812,2,1,2026-08-26,1
22925,30562,2,1,2026-08-26,4
22926,48256,2,1,2026-08-26,3
22927,19040,2,1,2026-08-26,1
22928,33799,2,1,2026-08-26,3
22929,18350,2,1,2026-08-26,3
22930,40747,2,1,2026-08-26,1
22931,39580,2,1,2026-08-26,4
22932,41756,2,1,2026-08-26,4
22933,24248,2,1,2026-08-26,3
22934,33738,2,1,2026-08-26,4
22935,23284,2,1,2026-08-26,1
22936,26686,2,1,2026-08-26,4
22937,18139,2,1,2026-08-26,4
22938,13961,2,1,2026-08-26,2
22939,22274,2,1,2026-08-26,3
22940,1240,2,1,2026-08-26,3
22941,45691,2,1,2026-08-26,3
22942,8863,2,1,2026-08-26,4
22943,4416,2,1,2026-08-26,1
22944,28500,2,2,2026-08-26,4
22945,37865,2,2,2026-08-26,3
22946,35576,2,2,2026-08-26,3
22947,21977,2,2,2026-08-26,3
22948,4791,2,2,2026-08-26,3
22949,20921,2,2,2026-08-26,3
22950,36279,2,2,2026-08-26,2
22951,34291,2,2,2026-08-26,3
22952,20833,2,2,2026-08-26,1
22953,26131,2,2,2026-08-26,3
22954,12082,2,2,2026-08-26,3
22955,1691,2,2,2026-08-26,2
22956,30641,2,2,2026-08-26,4
22957,39616,2,2,2026-08-26,3
22958,35191,2,2,2026-08-26,3
22959,17847,2,2,2026-08-26,4
22960,40593,2,2,2026-08-26,3
22961,4976,2,2,2026-08-26,1
22962,35606,2,2,2026-08-26,4
22963,31105,2,2,2026-08-26,3
22964,36681,2,2,2026-08-26,4
22965,26391,2,2,2026-08-26,4
22966,11131,2,2,2026-08-26,4
22967,31050,2,2,2026-08-26,4
22968,21691,2,2,2026-08-26,1
22969,12757,2,2,2026-08-26,4
22970,37433,2,2,2026-08-26,3
22971,22113,2,2,2026-08-26,3
22972,49498,2,2,2026-08-26,3
22973,2821,2,2,2026-08-26,3
22974,41561,2,2,2026-08-26,4
22975,623,2,2,2026-08-26,4
22976,9747,2,2,2026-08-26,3
22977,37357,2,2,2026-08-26,3
22978,3562,2,2,2026-08-26,4
22979,47322,2,2,2026-08-26,4
22980,5554,2,2,2026-08-26,3
22981,32471,2,2,2026-08-26,2
22982,33408,2,2,2026-08-26,3
22983,38703,2,2,2026-08-26,3
22984,33285,2,2,2026-08-26,4
22985,49992,2,2,2026-08-26,4
22986,13578,2,2,2026-08-26,4
22987,42823,2,2,2026-08-26,3
22988,7302,2,2,2026-08-26,3
22989,5986,2,2,2026-08-26,3
22990,38840,2,2,2026-08-26,2
22991,12079,2,2,2026-08-26,3
22992,37216,2,2,2026-08-26,4
22993,18421,2,2,2026-08-26,4
22994,1821,2,4,2026-08-26,3
22995,1138,2,4,2026-08-26,1
22996,7218,2,4,2026-08-26,4
22997,9227,2,4,2026-08-26,4
22998,9637,2,4,2026-08-26,1
22999,33947,2,4,2026-08-26,4
23000,43322,2,4,2026-08-26,4
23001,13545,2,4,2026-08-26,4
23002,43613,2,4,2026-08-26,4
23003,13412,2,4,2026-08-26,3
23004,19551,2,4,2026-08-26,5
23005,2585,2,4,2026-08-26,4
23006,18297,2,4,2026-08-26,3
23007,13232,2,4,2026-08-26,1
23008,1392,2,4,2026-08-26,4
23009,32840,2,4,2026-08-26,1
23010,16535,2,4,2026-08-26,4
23011,48346,2,4,2026-08-26,4
23012,2533,2,4,2026-08-26,3
23013,1293,2,4,2026-08-26,3
23014,23490,2,4,2026-08-26,3
23015,27546,2,4,2026-08-26,1
23016,30538,2,4,2026-08-26,4
23017,4278,2,4,2026-08-26,4
23018,15308,2,4,2026-08-26,3
23019,7051,2,4,2026-08-26,3
23020,44165,2,4,2026-08-26,4
23021,34758,2,4,2026-08-26,1
23022,46692,2,4,2026-08-26,3
23023,30060,2,4,2026-08-26,1
23024,24377,2,4,2026-08-26,5
23025,46279,2,4,2026-08-26,3
23026,49779,2,4,2026-08-26,1
23027,36939,2,4,2026-08-26,4
23028,16546,2,4,2026-08-26,3
23029,10417,2,4,2026-08-26,3
23030,11859,2,4,2026-08-26,4
23031,25889,2,4,2026-08-26,4
23032,48791,2,4,2026-08-26,4
23033,29619,2,4,2026-08-26,3
23034,9708,2,4,2026-08-26,4
23035,42840,2,4,2026-08-26,4
23036,22896,2,4,2026-08-26,3
23037,42919,2,4,2026-08-26,4
23038,4168,2,4,2026-08-26,3
23039,39620,2,4,2026-08-26,3
23040,21817,2,4,2026-08-26,3
23041,28176,2,4,2026-08-26,2
23042,26247,2,4,2026-08-26,3
23043,951,2,4,2026-08-26,4
23044,48150,2,4,2026-08-26,4
23045,13317,2,4,2026-08-26,3
23046,25728,2,4,2026-08-26,1
23047,45860,2,4,2026-08-26,3
23048,1846,2,4,2026-08-26,3
23049,29561,2,4,2026-08-26,4
23050,29139,2,4,2026-08-26,4
23051,43231,2,4,2026-08-26,2
23052,26157,2,4,2026-08-26,1
23053,28020,2,4,2026-08-26,4
23054,9177,2,4,2026-08-26,3
23055,30437,2,4,2026-08-26,4
23056,40354,2,4,2026-08-26,4
23057,31442,2,4,2026-08-26,4
23058,28926,2,4,2026-08-26,2
23059,25068,2,4,2026-08-26,3
23060,12446,2,4,2026-08-26,3
23061,46040,2,4,2026-08-26,3
23062,25912,2,4,2026-08-26,4
23063,14775,2,4,2026-08-26,3
23064,20865,2,4,2026-08-26,1
23065,23043,2,4,2026-08-26,5
23066,30639,2,4,2026-08-26,3
23067,14190,2,4,2026-08-26,3
23068,47236,2,4,2026-08-26,4
23069,5253,1,1,2026-08-27,4
23070,41322,1,1,2026-08-27,3
23071,38296,1,1,2026-08-27,3
23072,34318,1,1,2026-08-27,3
23073,11923,1,1,2026-08-27,3
23074,32660,1,1,2026-08-27,3
23075,36998,1,1,2026-08-27,1
23076,19856,1,1,2026-08-27,3
23077,14785,1,1,2026-08-27,3
23078,46125,1,1,2026-08-27,3
23079,49530,1,1,2026-08-27,3
23080,9573,1,1,2026-08-27,4
23081,45480,1,1,2026-08-27,3
23082,46556,1,1,2026-08-27,3
23083,26470,1,1,2026-08-27,3
23084,20457,1,1,2026-08-27,3
23085,35153,1,1,2026-08-27,3
23086,30867,1,1,2026-08-27,3
23087,46550,1,1,2026-08-27,3
23088,35126,1,1,2026-08-27,3
23089,15765,1,1,2026-08-27,3
23090,27223,1,1,2026-08-27,4
23091,48017,1,1,2026-08-27,3
23092,12297,1,1,2026-08-27,3
23093,13548,1,1,2026-08-27,3
23094,30928,1,1,2026-08-27,3
23095,4253,1,1,2026-08-27,4
23096,15384,1,1,2026-08-27,3
23097,4274,1,1,2026-08-27,3
23098,17800,1,1,2026-08-27,3
23099,14600,1,1,2026-08-27,3
23100,21988,1,1,2026-08-27,3
23101,15152,1,1,2026-08-27,3
23102,40096,1,1,2026-08-27,3
23103,31202,1,1,2026-08-27,3
23104,11842,1,1,2026-08-27,3
23105,8193,1,1,2026-08-27,4
23106,20021,1,1,2026-08-27,3
23107,47871,1,1,2026-08-27,1
23108,38848,1,1,2026-08-27,3
23109,19531,1,1,2026-08-27,5
23110,30032,1,1,2026-08-27,3
23111,17995,1,1,2026-08-27,1
23112,1640,1,1,2026-08-27,3
23113,22586,1,1,2026-08-27,3
23114,23975,1,1,2026-08-27,3
23115,9181,1,1,2026-08-27,3
23116,23388,1,1,2026-08-27,3
23117,21303,1,1,2026-08-27,3
23118,26440,1,1,2026-08-27,3
23119,48687,1,1,2026-08-27,3
23120,38194,1,1,2026-08-27,3
23121,504,1,1,2026-08-27,3
23122,47783,1,1,2026-08-27,4
23123,4446,1,1,2026-08-27,3
23124,6612,1,1,2026-08-27,3
23125,13655,1,1,2026-08-27,3
23126,34390,1,1,2026-08-27,3
23127,48580,1,1,2026-08-27,3
23128,29942,1,1,2026-08-27,3
23129,29031,1,1,2026-08-27,3
23130,12789,1,1,2026-08-27,3
23131,30065,1,1,2026-08-27,3
23132,26766,1,1,2026-08-27,3
23133,12601,1,1,2026-08-27,3
23134,45717,1,1,2026-08-27,3
23135,38262,1,1,2026-08-27,3
23136,2958,1,1,2026-08-27,3
23137,30425,1,1,2026-08-27,1
23138,48026,1,1,2026-08-27,4
23139,40123,1,1,2026-08-27,3
23140,36711,1,1,2026-08-27,3
23141,5337,1,1,2026-08-27,3
23142,20860,1,1,2026-08-27,3
23143,40018,1,1,2026-08-27,3
23144,10407,1,1,2026-08-27,3
23145,33336,1,1,2026-08-27,3
23146,39942,1,1,2026-08-27,3
23147,7923,1,1,2026-08-27,3
23148,14601,1,1,2026-08-27,4
23149,31939,1,1,2026-08-27,3
23150,22409,1,1,2026-08-27,3
23151,36642,1,1,2026-08-27,3
23152,12785,1,1,2026-08-27,3
23153,23806,1,1,2026-08-27,3
23154,10628,1,1,2026-08-27,3
23155,32064,1,1,2026-08-27,3
23156,37454,1,1,2026-08-27,3
23157,11247,1,1,2026-08-27,3
23158,40857,1,1,2026-08-27,3
23159,6758,1,1,2026-08-27,3
23160,46461,1,1,2026-08-27,3
23161,7916,1,1,2026-08-27,3
23162,13469,1,1,2026-08-27,1
23163,7660,1,1,2026-08-27,3
23164,14479,1,1,2026-08-27,3
23165,29820,1,1,2026-08-27,3
23166,25983,1,1,2026-08-27,3
23167,42351,1,1,2026-08-27,3
23168,45840,1,1,2026-08-27,3
23169,34388,1,1,2026-08-27,1
23170,41499,1,1,2026-08-27,3
23171,43533,1,1,2026-08-27,4
23172,7630,1,1,2026-08-27,3
23173,47164,1,1,2026-08-27,3
23174,29141,1,1,2026-08-27,3
23175,17933,1,1,2026-08-27,3
23176,22675,1,1,2026-08-27,3
23177,15199,1,1,2026-08-27,3
23178,34735,1,1,2026-08-27,3
23179,48234,1,1,2026-08-27,1
23180,43893,1,1,2026-08-27,3
23181,34750,1,1,2026-08-27,3
23182,20588,1,1,2026-08-27,3
23183,46092,1,1,2026-08-27,3
23184,38534,1,1,2026-08-27,3
23185,37719,1,1,2026-08-27,3
23186,26219,1,1,2026-08-27,3
23187,48339,1,1,2026-08-27,3
23188,727,1,1,2026-08-27,3
23189,46638,1,1,2026-08-27,3
23190,5034,1,1,2026-08-27,3
23191,14878,1,1,2026-08-27,5
23192,28965,1,1,2026-08-27,3
23193,8580,1,1,2026-08-27,3
23194,49962,1,1,2026-08-27,3
23195,48040,1,1,2026-08-27,3
23196,15301,1,1,2026-08-27,3
23197,48051,1,1,2026-08-27,4
23198,34977,1,1,2026-08-27,3
23199,7546,1,1,2026-08-27,3
23200,20572,1,1,2026-08-27,3
23201,18733,1,1,2026-08-27,1
23202,33060,1,1,2026-08-27,3
23203,3222,1,1,2026-08-27,3
23204,20692,1,1,2026-08-27,3
23205,21175,1,1,2026-08-27,3
23206,24761,1,1,2026-08-27,3
23207,31930,1,1,2026-08-27,3
23208,38116,1,1,2026-08-27,3
23209,2871,1,1,2026-08-27,3
23210,28293,1,1,2026-08-27,3
23211,28777,1,1,2026-08-27,3
23212,37983,1,1,2026-08-27,3
23213,8721,1,1,2026-08-27,3
23214,33407,1,1,2026-08-27,4
23215,24177,1,1,2026-08-27,3
23216,26951,1,1,2026-08-27,4
23217,840,1,1,2026-08-27,1
23218,8168,1,1,2026-08-27,3
23219,5507,1,1,2026-08-27,1
23220,13423,1,1,2026-08-27,3
23221,8206,1,1,2026-08-27,3
23222,45545,1,1,2026-08-27,4
23223,21297,1,1,2026-08-27,1
23224,40374,1,1,2026-08-27,1
23225,33184,1,1,2026-08-27,3
23226,21507,1,1,2026-08-27,3
23227,40434,1,1,2026-08-27,3
23228,44356,1,1,2026-08-27,3
23229,32093,1,1,2026-08-27,3
23230,20983,1,1,2026-08-27,3
23231,28338,1,1,2026-08-27,5
23232,37888,1,1,2026-08-27,3
23233,23678,1,1,2026-08-27,3
23234,13356,1,1,2026-08-27,3
23235,20590,1,1,2026-08-27,3
23236,31865,1,1,2026-08-27,3
23237,40239,1,1,2026-08-27,3
23238,3404,1,1,2026-08-27,3
23239,27906,1,1,2026-08-27,3
23240,10575,1,1,2026-08-27,3
23241,5303,1,1,2026-08-27,3
23242,34603,1,1,2026-08-27,4
23243,37187,1,1,2026-08-27,3
23244,44569,1,1,2026-08-27,1
23245,46126,1,1,2026-08-27,3
23246,13623,1,1,2026-08-27,3
23247,30830,1,1,2026-08-27,3
23248,41957,1,1,2026-08-27,5
23249,5753,1,1,2026-08-27,3
23250,49946,1,1,2026-08-27,3
23251,36314,1,1,2026-08-27,3
23252,6156,1,1,2026-08-27,3
23253,27377,1,1,2026-08-27,3
23254,47542,1,1,2026-08-27,4
23255,46237,1,1,2026-08-27,1
23256,43343,1,1,2026-08-27,3
23257,9655,1,1,2026-08-27,4
23258,37274,1,1,2026-08-27,3
23259,2076,1,1,2026-08-27,3
23260,36287,1,1,2026-08-27,3
23261,25803,1,1,2026-08-27,3
23262,35653,1,1,2026-08-27,3
23263,24900,1,1,2026-08-27,1
23264,15824,1,1,2026-08-27,3
23265,37349,1,1,2026-08-27,3
23266,18086,1,1,2026-08-27,4
23267,9483,1,1,2026-08-27,3
23268,28244,1,1,2026-08-27,3
23269,43630,1,1,2026-08-27,3
23270,4739,1,1,2026-08-27,3
23271,40712,1,1,2026-08-27,3
23272,4087,1,1,2026-08-27,3
23273,17567,1,1,2026-08-27,3
23274,28245,1,1,2026-08-27,3
23275,23628,1,1,2026-08-27,3
23276,18262,1,1,2026-08-27,3
23277,42951,1,1,2026-08-27,3
23278,36094,1,1,2026-08-27,3
23279,7092,1,1,2026-08-27,3
23280,17214,1,1,2026-08-27,1
23281,10897,1,1,2026-08-27,3
23282,19395,1,1,2026-08-27,3
23283,14986,1,1,2026-08-27,3
23284,16346,1,1,2026-08-27,3
23285,769,1,1,2026-08-27,3
23286,32412,1,1,2026-08-27,3
23287,8726,1,1,2026-08-27,1
23288,48812,1,1,2026-08-27,3
23289,30340,1,1,2026-08-27,3
23290,6432,1,1,2026-08-27,3
23291,46927,1,1,2026-08-27,4
23292,5789,1,1,2026-08-27,3
23293,15520,1,1,2026-08-27,3
23294,27308,1,1,2026-08-27,3
23295,28004,1,1,2026-08-27,3
23296,35319,1,1,2026-08-27,3
23297,38972,1,1,2026-08-27,3
23298,4651,1,1,2026-08-27,3
23299,27167,1,1,2026-08-27,3
23300,28757,1,1,2026-08-27,3
23301,31159,1,1,2026-08-27,3
23302,28917,1,1,2026-08-27,3
23303,16638,1,1,2026-08-27,3
23304,30614,1,1,2026-08-27,3
23305,31147,1,1,2026-08-27,3
23306,44960,1,1,2026-08-27,3
23307,10140,1,1,2026-08-27,3
23308,17594,1,1,2026-08-27,3
23309,24117,1,1,2026-08-27,3
23310,29827,1,1,2026-08-27,3
23311,38824,1,1,2026-08-27,3
23312,39041,1,1,2026-08-27,3
23313,31486,1,1,2026-08-27,4
23314,18382,1,1,2026-08-27,3
23315,16967,1,1,2026-08-27,4
23316,4252,1,1,2026-08-27,3
23317,42790,1,1,2026-08-27,3
23318,39876,1,1,2026-08-27,3
23319,36763,1,1,2026-08-27,3
23320,29604,1,1,2026-08-27,3
23321,24130,1,1,2026-08-27,3
23322,4593,1,1,2026-08-27,1
23323,6217,1,1,2026-08-27,3
23324,16532,1,1,2026-08-27,3
23325,20189,1,1,2026-08-27,3
23326,37065,1,1,2026-08-27,3
23327,49575,1,1,2026-08-27,1
23328,41130,1,1,2026-08-27,3
23329,20632,1,1,2026-08-27,3
23330,21031,1,1,2026-08-27,3
23331,48182,1,1,2026-08-27,3
23332,42469,1,1,2026-08-27,3
23333,5462,1,1,2026-08-27,3
23334,32223,1,1,2026-08-27,3
23335,11734,1,1,2026-08-27,5
23336,12221,1,1,2026-08-27,3
23337,6525,1,1,2026-08-27,3
23338,39498,1,1,2026-08-27,3
23339,34543,1,1,2026-08-27,4
23340,12960,1,1,2026-08-27,3
23341,25947,1,1,2026-08-27,3
23342,14174,1,1,2026-08-27,3
23343,27976,1,1,2026-08-27,1
23344,30655,1,1,2026-08-27,3
23345,38178,1,1,2026-08-27,3
23346,41128,1,1,2026-08-27,3
23347,32051,1,1,2026-08-27,4
23348,33082,1,1,2026-08-27,3
23349,32305,1,1,2026-08-27,3
23350,14170,1,1,2026-08-27,3
23351,27397,1,1,2026-08-27,3
23352,19577,1,1,2026-08-27,3
23353,23225,1,1,2026-08-27,3
23354,25018,1,1,2026-08-27,3
23355,37528,1,1,2026-08-27,3
23356,32125,1,1,2026-08-27,3
23357,4490,1,1,2026-08-27,3
23358,23034,1,1,2026-08-27,1
23359,42932,1,1,2026-08-27,3
23360,33372,1,1,2026-08-27,3
23361,9138,1,1,2026-08-27,4
23362,30426,1,1,2026-08-27,3
23363,15593,1,1,2026-08-27,3
23364,20684,1,1,2026-08-27,3
23365,42537,1,1,2026-08-27,3
23366,31524,1,1,2026-08-27,1
23367,19239,1,1,2026-08-27,3
23368,16870,1,1,2026-08-27,3
23369,48131,1,1,2026-08-27,3
23370,11280,1,1,2026-08-27,4
23371,46872,1,1,2026-08-27,6
23372,13777,1,1,2026-08-27,1
23373,44547,1,1,2026-08-27,3
23374,184,1,1,2026-08-27,1
23375,21877,1,1,2026-08-27,3
23376,36900,1,1,2026-08-27,5
23377,949,1,1,2026-08-27,3
23378,25698,1,1,2026-08-27,3
23379,43158,1,1,2026-08-27,3
23380,24708,1,1,2026-08-27,3
23381,18381,1,1,2026-08-27,3
23382,26510,1,1,2026-08-27,3
23383,12345,1,1,2026-08-27,3
23384,21445,1,1,2026-08-27,3
23385,2275,1,1,2026-08-27,3
23386,32806,1,1,2026-08-27,3
23387,39257,1,1,2026-08-27,4
23388,47957,1,1,2026-08-27,3
23389,10583,1,1,2026-08-27,3
23390,13834,1,1,2026-08-27,3
23391,33496,1,1,2026-08-27,3
23392,5523,1,1,2026-08-27,3
23393,38516,1,1,2026-08-27,3
23394,3741,1,1,2026-08-27,3
23395,24156,1,1,2026-08-27,3
23396,37557,1,1,2026-08-27,5
23397,30113,1,1,2026-08-27,3
23398,19004,1,1,2026-08-27,1
23399,38800,1,1,2026-08-27,1
23400,14142,1,1,2026-08-27,3
23401,14821,1,1,2026-08-27,3
23402,34777,1,1,2026-08-27,3
23403,12947,1,1,2026-08-27,3
23404,36686,1,1,2026-08-27,3
23405,30869,1,1,2026-08-27,1
23406,2705,1,1,2026-08-27,3
23407,34645,1,1,2026-08-27,1
23408,37282,1,1,2026-08-27,3
23409,6241,1,1,2026-08-27,3
23410,40780,1,1,2026-08-27,3
23411,2764,1,1,2026-08-27,3
23412,47636,1,1,2026-08-27,3
23413,23794,1,1,2026-08-27,3
23414,42345,1,1,2026-08-27,3
23415,540,1,1,2026-08-27,3
23416,39449,1,1,2026-08-27,3
23417,2390,1,1,2026-08-27,4
23418,2878,1,1,2026-08-27,3
23419,19753,1,1,2026-08-27,3
23420,5964,1,1,2026-08-27,1
23421,43491,1,1,2026-08-27,3
23422,19740,1,1,2026-08-27,3
23423,36789,1,1,2026-08-27,3
23424,4339,1,1,2026-08-27,3
23425,11311,1,1,2026-08-27,3
23426,4435,1,1,2026-08-27,3
23427,32752,1,1,2026-08-27,3
23428,13339,1,1,2026-08-27,3
23429,1913,1,1,2026-08-27,3
23430,49085,1,1,2026-08-27,3
23431,47462,1,1,2026-08-27,3
23432,30547,1,1,2026-08-27,4
23433,32001,1,1,2026-08-27,3
23434,30305,1,1,2026-08-27,3
23435,1389,1,1,2026-08-27,3
23436,15271,1,1,2026-08-27,3
23437,29368,1,1,2026-08-27,3
23438,2560,1,1,2026-08-27,3
23439,23147,1,1,2026-08-27,1
23440,6569,1,1,2026-08-27,4
23441,430,1,1,2026-08-27,3
23442,32186,1,1,2026-08-27,3
23443,11437,1,1,2026-08-27,1
23444,22405,1,1,2026-08-27,3
23445,31007,1,1,2026-08-27,3
23446,18583,1,1,2026-08-27,3
23447,15536,1,1,2026-08-27,3
23448,4397,1,1,2026-08-27,3
23449,9394,1,1,2026-08-27,3
23450,31462,1,1,2026-08-27,3
23451,29058,1,1,2026-08-27,3
23452,30528,1,1,2026-08-27,3
23453,42222,1,1,2026-08-27,3
23454,49861,1,1,2026-08-27,3
23455,4357,1,1,2026-08-27,3
23456,14542,1,1,2026-08-27,1
23457,48453,1,1,2026-08-27,3
23458,45347,1,1,2026-08-27,3
23459,20313,1,1,2026-08-27,3
23460,21649,1,1,2026-08-27,3
23461,37574,1,1,2026-08-27,1
23462,46793,1,1,2026-08-27,3
23463,19445,1,1,2026-08-27,3
23464,41072,1,1,2026-08-27,6
23465,36579,1,1,2026-08-27,3
23466,7474,1,1,2026-08-27,3
23467,2336,1,1,2026-08-27,3
23468,8484,1,1,2026-08-27,1
23469,17662,1,1,2026-08-27,3
23470,27866,1,1,2026-08-27,3
23471,1060,1,1,2026-08-27,3
23472,17108,1,1,2026-08-27,4
23473,21496,1,1,2026-08-27,3
23474,28879,1,1,2026-08-27,3
23475,35802,1,1,2026-08-27,3
23476,1976,1,1,2026-08-27,1
23477,12298,1,1,2026-08-27,3
23478,49652,1,1,2026-08-27,3
23479,34681,1,1,2026-08-27,3
23480,33730,1,1,2026-08-27,3
23481,8282,1,1,2026-08-27,3
23482,45909,1,1,2026-08-27,4
23483,18797,1,1,2026-08-27,6
23484,32010,1,1,2026-08-27,3
23485,33618,1,1,2026-08-27,3
23486,25118,1,1,2026-08-27,3
23487,25795,1,1,2026-08-27,3
23488,34837,1,1,2026-08-27,3
23489,464,1,1,2026-08-27,3
23490,25421,1,1,2026-08-27,3
23491,18298,1,1,2026-08-27,3
23492,26437,1,1,2026-08-27,3
23493,11973,1,1,2026-08-27,3
23494,20702,1,1,2026-08-27,3
23495,34169,1,1,2026-08-27,3
23496,11773,1,1,2026-08-27,1
23497,49372,1,1,2026-08-27,3
23498,36741,1,1,2026-08-27,3
23499,1036,1,1,2026-08-27,3
23500,18093,1,1,2026-08-27,4
23501,27695,1,1,2026-08-27,3
23502,15498,1,1,2026-08-27,3
23503,15778,1,1,2026-08-27,3
23504,29770,1,1,2026-08-27,1
23505,34160,1,1,2026-08-27,3
23506,45230,1,1,2026-08-27,3
23507,14996,1,1,2026-08-27,3
23508,26573,1,1,2026-08-27,3
23509,6766,1,1,2026-08-27,3
23510,27251,1,1,2026-08-27,3
23511,42380,1,1,2026-08-27,3
23512,38731,1,1,2026-08-27,3
23513,24724,1,1,2026-08-27,3
23514,4432,1,1,2026-08-27,1
23515,29273,1,1,2026-08-27,4
23516,3997,1,1,2026-08-27,3
23517,7280,1,1,2026-08-27,1
23518,11673,1,1,2026-08-27,4
23519,17570,1,1,2026-08-27,3
23520,49582,1,1,2026-08-27,3
23521,45298,1,1,2026-08-27,3
23522,31353,1,1,2026-08-27,3
23523,26610,1,1,2026-08-27,3
23524,34127,1,1,2026-08-27,1
23525,22064,1,1,2026-08-27,3
23526,18017,1,1,2026-08-27,3
23527,6620,1,1,2026-08-27,3
23528,14336,1,1,2026-08-27,3
23529,20615,1,1,2026-08-27,3
23530,29432,1,1,2026-08-27,3
23531,9239,1,1,2026-08-27,1
23532,36726,1,1,2026-08-27,3
23533,5606,1,1,2026-08-27,3
23534,30000,1,1,2026-08-27,1
23535,21001,1,1,2026-08-27,3
23536,37782,1,1,2026-08-27,3
23537,27352,1,1,2026-08-27,3
23538,35622,1,1,2026-08-27,3
23539,13495,1,1,2026-08-27,3
23540,48943,1,1,2026-08-27,3
23541,17017,1,1,2026-08-27,3
23542,47719,1,1,2026-08-27,3
23543,17842,1,1,2026-08-27,3
23544,34479,1,1,2026-08-27,6
23545,29072,1,1,2026-08-27,3
23546,11278,1,1,2026-08-27,3
23547,31199,1,1,2026-08-27,3
23548,38897,1,1,2026-08-27,3
23549,20564,1,1,2026-08-27,4
23550,42054,1,1,2026-08-27,3
23551,47954,1,1,2026-08-27,3
23552,5247,1,1,2026-08-27,3
23553,13931,1,1,2026-08-27,3
23554,47665,1,1,2026-08-27,3
23555,12698,1,1,2026-08-27,3
23556,1477,1,1,2026-08-27,3
23557,14976,1,1,2026-08-27,3
23558,19217,1,1,2026-08-27,3
23559,4799,1,1,2026-08-27,3
23560,2368,1,1,2026-08-27,3
23561,27462,1,1,2026-08-27,1
23562,4313,1,1,2026-08-27,3
23563,44019,1,1,2026-08-27,3
23564,42547,1,1,2026-08-27,3
23565,11318,1,1,2026-08-27,3
23566,4790,1,1,2026-08-27,3
23567,29648,1,1,2026-08-27,3
23568,17929,1,1,2026-08-27,3
23569,22714,1,1,2026-08-27,3
23570,21050,1,1,2026-08-27,4
23571,33848,1,1,2026-08-27,4
23572,6083,1,1,2026-08-27,3
23573,20397,1,1,2026-08-27,3
23574,35846,1,1,2026-08-27,3
23575,31107,1,1,2026-08-27,3
23576,45870,1,1,2026-08-27,4
23577,31673,1,1,2026-08-27,5
23578,38467,1,1,2026-08-27,3
23579,35399,1,1,2026-08-27,3
23580,44372,1,1,2026-08-27,1
23581,5896,1,1,2026-08-27,3
23582,36135,1,1,2026-08-27,3
23583,43762,1,1,2026-08-27,3
23584,41861,1,1,2026-08-27,3
23585,26472,1,1,2026-08-27,3
23586,16630,1,1,2026-08-27,3
23587,49435,1,1,2026-08-27,3
23588,48736,1,1,2026-08-27,1
23589,18014,1,1,2026-08-27,3
23590,40982,1,1,2026-08-27,3
23591,48185,1,1,2026-08-27,3
23592,23891,1,1,2026-08-27,3
23593,11307,1,1,2026-08-27,1
23594,12209,1,1,2026-08-27,3
23595,1113,1,1,2026-08-27,3
23596,23508,1,1,2026-08-27,3
23597,41563,1,1,2026-08-27,3
23598,18374,1,1,2026-08-27,1
23599,13508,1,1,2026-08-27,3
23600,19120,1,1,2026-08-27,3
23601,35221,1,1,2026-08-27,3
23602,12943,1,1,2026-08-27,3
23603,47231,1,1,2026-08-27,3
23604,43323,1,1,2026-08-27,3
23605,8381,1,1,2026-08-27,3
23606,19813,1,1,2026-08-27,3
23607,21,1,1,2026-08-27,3
23608,9122,1,1,2026-08-27,3
23609,38626,1,1,2026-08-27,3
23610,33517,1,1,2026-08-27,3
23611,35993,1,1,2026-08-27,3
23612,5903,1,1,2026-08-27,3
23613,2103,1,1,2026-08-27,3
23614,20152,1,1,2026-08-27,3
23615,8271,1,1,2026-08-27,3
23616,6990,1,1,2026-08-27,4
23617,5747,1,1,2026-08-27,3
23618,40292,1,1,2026-08-27,3
23619,35009,1,1,2026-08-27,3
23620,27484,1,1,2026-08-27,3
23621,39683,1,1,2026-08-27,3
23622,23884,1,1,2026-08-27,3
23623,29331,1,1,2026-08-27,3
23624,14687,1,1,2026-08-27,3
23625,32661,1,1,2026-08-27,3
23626,7427,1,1,2026-08-27,3
23627,33683,1,1,2026-08-27,3
23628,49619,1,1,2026-08-27,3
23629,27953,1,1,2026-08-27,3
23630,6009,1,1,2026-08-27,3
23631,6186,1,1,2026-08-27,3
23632,33296,1,1,2026-08-27,3
23633,24654,1,1,2026-08-27,3
23634,35961,1,1,2026-08-27,3
23635,47949,1,1,2026-08-27,3
23636,13499,1,1,2026-08-27,3
23637,41764,1,1,2026-08-27,1
23638,13696,1,1,2026-08-27,3
23639,20560,1,1,2026-08-27,5
23640,5706,1,1,2026-08-27,3
23641,11120,1,1,2026-08-27,1
23642,22352,1,1,2026-08-27,4
23643,43328,1,1,2026-08-27,3
23644,22503,1,1,2026-08-27,3
23645,41643,1,1,2026-08-27,3
23646,47353,1,1,2026-08-27,3
23647,47005,1,1,2026-08-27,4
23648,5237,1,1,2026-08-27,3
23649,48958,1,1,2026-08-27,3
23650,23471,1,1,2026-08-27,3
23651,46655,1,1,2026-08-27,3
23652,23985,1,1,2026-08-27,4
23653,40240,1,1,2026-08-27,3
23654,39845,1,1,2026-08-27,3
23655,20930,1,1,2026-08-27,3
23656,188,1,1,2026-08-27,3
23657,35293,1,1,2026-08-27,1
23658,46634,1,1,2026-08-27,3
23659,15687,1,1,2026-08-27,3
23660,30035,1,1,2026-08-27,3
23661,28719,1,1,2026-08-27,3
23662,19902,1,1,2026-08-27,3
23663,22201,1,1,2026-08-27,3
23664,14385,1,1,2026-08-27,3
23665,43427,1,1,2026-08-27,4
23666,43739,1,1,2026-08-27,3
23667,30658,1,1,2026-08-27,3
23668,8205,1,1,2026-08-27,3
23669,43120,1,1,2026-08-27,3
23670,46603,1,1,2026-08-27,3
23671,46247,1,1,2026-08-27,3
23672,37049,1,1,2026-08-27,3
23673,31858,1,1,2026-08-27,3
23674,24270,1,1,2026-08-27,3
23675,19890,1,1,2026-08-27,3
23676,34801,1,1,2026-08-27,3
23677,41306,1,1,2026-08-27,3
23678,6183,1,1,2026-08-27,3
23679,32495,1,1,2026-08-27,3
23680,20178,1,1,2026-08-27,3
23681,5748,1,1,2026-08-27,1
23682,12984,1,1,2026-08-27,3
23683,39729,1,1,2026-08-27,3
23684,25901,1,1,2026-08-27,3
23685,42365,1,1,2026-08-27,3
23686,42113,1,1,2026-08-27,3
23687,31285,1,1,2026-08-27,3
23688,21645,1,1,2026-08-27,3
23689,42867,1,1,2026-08-27,3
23690,24806,1,1,2026-08-27,3
23691,24150,1,1,2026-08-27,3
23692,37990,1,1,2026-08-27,3
23693,48072,1,1,2026-08-27,4
23694,15867,3,1,2026-08-27,3
23695,6370,3,1,2026-08-27,3
23696,45265,3,1,2026-08-27,3
23697,13668,3,1,2026-08-27,3
23698,29007,3,1,2026-08-27,2
23699,47028,3,1,2026-08-27,4
23700,12872,3,1,2026-08-27,3
23701,8288,3,1,2026-08-27,3
23702,32031,3,1,2026-08-27,3
23703,11700,3,1,2026-08-27,3
23704,18023,3,1,2026-08-27,3
23705,46694,3,1,2026-08-27,3
23706,41285,3,1,2026-08-27,2
23707,31727,3,1,2026-08-27,2
23708,33752,3,1,2026-08-27,3
23709,20862,3,1,2026-08-27,1
23710,2058,3,1,2026-08-27,1
23711,20487,3,1,2026-08-27,2
23712,3403,3,1,2026-08-27,2
23713,37703,3,1,2026-08-27,4
23714,4552,3,1,2026-08-27,1
23715,11762,3,1,2026-08-27,3
23716,16815,3,1,2026-08-27,2
23717,44040,3,1,2026-08-27,3
23718,42496,3,1,2026-08-27,2
23719,19261,3,1,2026-08-27,3
23720,40238,3,1,2026-08-27,3
23721,13720,3,1,2026-08-27,3
23722,36508,3,1,2026-08-27,3
23723,26647,3,1,2026-08-27,1
23724,21076,3,1,2026-08-27,1
23725,11340,3,1,2026-08-27,1
23726,40559,3,1,2026-08-27,2
23727,39821,3,1,2026-08-27,1
23728,41163,3,1,2026-08-27,1
23729,10377,3,1,2026-08-27,2
23730,41397,3,1,2026-08-27,4
23731,10508,3,1,2026-08-27,1
23732,30886,3,1,2026-08-27,1
23733,17710,3,1,2026-08-27,2
23734,17515,3,1,2026-08-27,1
23735,40080,3,1,2026-08-27,2
23736,24561,3,1,2026-08-27,3
23737,22825,3,1,2026-08-27,3
23738,35321,3,1,2026-08-27,2
23739,19896,3,1,2026-08-27,3
23740,10518,3,1,2026-08-27,2
23741,29587,3,1,2026-08-27,4
23742,610,3,1,2026-08-27,3
23743,44088,3,1,2026-08-27,3
23744,31446,3,1,2026-08-27,1
23745,18952,3,1,2026-08-27,2
23746,27341,3,1,2026-08-27,1
23747,8970,3,1,2026-08-27,2
23748,38221,3,1,2026-08-27,3
23749,37629,3,1,2026-08-27,3
23750,38209,3,1,2026-08-27,2
23751,34303,3,1,2026-08-27,2
23752,32271,3,1,2026-08-27,3
23753,12557,3,1,2026-08-27,2
23754,33098,3,1,2026-08-27,3
23755,7712,3,1,2026-08-27,2
23756,13116,3,1,2026-08-27,3
23757,14912,3,1,2026-08-27,3
23758,25992,3,1,2026-08-27,3
23759,23293,3,1,2026-08-27,1
23760,36706,3,1,2026-08-27,3
23761,25761,3,1,2026-08-27,3
23762,45970,3,1,2026-08-27,3
23763,13287,3,1,2026-08-27,3
23764,17266,3,1,2026-08-27,3
23765,26884,3,1,2026-08-27,3
23766,13195,3,1,2026-08-27,3
23767,49864,3,1,2026-08-27,1
23768,47504,3,1,2026-08-27,3
23769,16296,3,1,2026-08-27,1
23770,7338,3,1,2026-08-27,3
23771,41249,3,1,2026-08-27,3
23772,17358,3,1,2026-08-27,2
23773,34912,3,1,2026-08-27,2
23774,36117,3,1,2026-08-27,3
23775,21417,3,1,2026-08-27,2
23776,29019,3,1,2026-08-27,3
23777,22402,3,1,2026-08-27,1
23778,40945,3,1,2026-08-27,3
23779,4725,3,1,2026-08-27,3
23780,3873,3,1,2026-08-27,4
23781,30173,3,1,2026-08-27,2
23782,39746,3,1,2026-08-27,3
23783,33260,3,1,2026-08-27,3
23784,34001,3,1,2026-08-27,1
23785,46725,3,1,2026-08-27,3
23786,45739,3,1,2026-08-27,2
23787,12702,3,1,2026-08-27,3
23788,44671,3,1,2026-08-27,2
23789,35492,3,1,2026-08-27,2
23790,22114,3,1,2026-08-27,2
23791,11305,3,1,2026-08-27,2
23792,44971,3,1,2026-08-27,3
23793,9421,3,1,2026-08-27,2
23794,20210,3,1,2026-08-27,3
23795,30023,3,1,2026-08-27,2
23796,28612,3,1,2026-08-27,2
23797,46105,3,1,2026-08-27,1
23798,5477,3,1,2026-08-27,3
23799,8641,3,1,2026-08-27,3
23800,5152,3,1,2026-08-27,2
23801,31054,3,1,2026-08-27,3
23802,9680,3,1,2026-08-27,3
23803,10771,3,1,2026-08-27,3
23804,13205,3,1,2026-08-27,3
23805,608,3,1,2026-08-27,2
23806,33660,3,1,2026-08-27,3
23807,42138,3,1,2026-08-27,2
23808,7198,3,1,2026-08-27,1
23809,16174,3,1,2026-08-27,3
23810,16347,3,1,2026-08-27,3
23811,24631,3,1,2026-08-27,3
23812,19254,3,1,2026-08-27,2
23813,3192,3,1,2026-08-27,3
23814,21330,3,1,2026-08-27,3
23815,18683,3,1,2026-08-27,3
23816,21442,3,1,2026-08-27,3
23817,13918,3,1,2026-08-27,3
23818,13898,3,1,2026-08-27,2
23819,1291,3,1,2026-08-27,2
23820,40357,3,1,2026-08-27,3
23821,49909,3,1,2026-08-27,2
23822,49587,3,1,2026-08-27,1
23823,19596,3,1,2026-08-27,3
23824,48730,3,1,2026-08-27,1
23825,16224,3,1,2026-08-27,3
23826,18513,3,1,2026-08-27,2
23827,9524,3,1,2026-08-27,1
23828,43097,3,1,2026-08-27,3
23829,29227,3,1,2026-08-27,2
23830,41490,3,1,2026-08-27,1
23831,26719,3,1,2026-08-27,3
23832,34182,3,1,2026-08-27,3
23833,41226,3,1,2026-08-27,1
23834,15947,3,1,2026-08-27,2
23835,7208,3,1,2026-08-27,3
23836,49815,3,1,2026-08-27,2
23837,16746,3,1,2026-08-27,1
23838,8323,3,1,2026-08-27,1
23839,35658,3,1,2026-08-27,2
23840,2759,3,1,2026-08-27,2
23841,26093,3,1,2026-08-27,3
23842,37418,3,1,2026-08-27,3
23843,10092,3,1,2026-08-27,3
23844,12360,3,1,2026-08-27,3
23845,2909,3,1,2026-08-27,1
23846,18620,3,1,2026-08-27,1
23847,17267,3,1,2026-08-27,6
23848,11736,3,1,2026-08-27,3
23849,876,3,1,2026-08-27,2
23850,5289,3,1,2026-08-27,3
23851,5007,3,1,2026-08-27,2
23852,276,3,1,2026-08-27,3
23853,44910,3,1,2026-08-27,2
23854,2494,3,1,2026-08-27,3
23855,31876,3,1,2026-08-27,1
23856,13348,3,1,2026-08-27,3
23857,12450,3,1,2026-08-27,4
23858,9660,3,1,2026-08-27,1
23859,13825,3,1,2026-08-27,3
23860,12104,3,1,2026-08-27,3
23861,43335,3,1,2026-08-27,3
23862,2657,3,1,2026-08-27,2
23863,39479,3,1,2026-08-27,4
23864,366,3,1,2026-08-27,3
23865,10993,3,1,2026-08-27,2
23866,48734,3,1,2026-08-27,2
23867,2444,3,1,2026-08-27,3
23868,44720,3,1,2026-08-27,1
23869,44438,3,1,2026-08-27,4
23870,17165,3,1,2026-08-27,3
23871,2070,3,1,2026-08-27,3
23872,38814,3,1,2026-08-27,1
23873,48229,3,1,2026-08-27,3
23874,40353,3,1,2026-08-27,2
23875,16046,3,1,2026-08-27,3
23876,30816,3,1,2026-08-27,3
23877,37030,3,1,2026-08-27,3
23878,26921,3,1,2026-08-27,2
23879,32802,3,1,2026-08-27,4
23880,9892,3,1,2026-08-27,3
23881,26051,3,1,2026-08-27,3
23882,39068,3,1,2026-08-27,3
23883,10146,3,1,2026-08-27,3
23884,30684,3,1,2026-08-27,2
23885,35784,3,1,2026-08-27,3
23886,34808,3,1,2026-08-27,3
23887,24013,3,1,2026-08-27,3
23888,46705,3,1,2026-08-27,3
23889,45197,3,1,2026-08-27,3
23890,20055,3,1,2026-08-27,3
23891,17796,3,1,2026-08-27,3
23892,22165,3,1,2026-08-27,2
23893,39264,3,1,2026-08-27,2
23894,33309,3,1,2026-08-27,1
23895,21454,3,1,2026-08-27,3
23896,13774,3,1,2026-08-27,3
23897,18400,3,1,2026-08-27,3
23898,35066,3,1,2026-08-27,2
23899,33713,3,1,2026-08-27,3
23900,9779,3,1,2026-08-27,3
23901,22410,3,1,2026-08-27,1
23902,45511,3,1,2026-08-27,2
23903,9350,3,1,2026-08-27,3
23904,40978,3,1,2026-08-27,2
23905,12706,3,1,2026-08-27,3
23906,47123,3,1,2026-08-27,3
23907,10723,3,1,2026-08-27,3
23908,10948,3,1,2026-08-27,2
23909,13404,3,1,2026-08-27,2
23910,30622,3,1,2026-08-27,2
23911,38441,3,1,2026-08-27,3
23912,8613,3,1,2026-08-27,4
23913,14465,3,1,2026-08-27,3
23914,40201,3,1,2026-08-27,3
23915,19241,3,1,2026-08-27,3
23916,35592,3,1,2026-08-27,3
23917,46337,3,1,2026-08-27,3
23918,30825,3,1,2026-08-27,4
23919,4300,3,1,2026-08-27,2
23920,23074,3,1,2026-08-27,3
23921,39533,3,1,2026-08-27,3
23922,21425,3,1,2026-08-27,5
23923,28894,3,1,2026-08-27,2
23924,6545,3,1,2026-08-27,2
23925,20899,3,1,2026-08-27,2
23926,41420,3,1,2026-08-27,3
23927,1181,3,1,2026-08-27,3
23928,17928,3,1,2026-08-27,1
23929,3251,3,1,2026-08-27,2
23930,35140,3,1,2026-08-27,2
23931,26101,3,1,2026-08-27,3
23932,29279,3,1,2026-08-27,2
23933,30374,3,1,2026-08-27,2
23934,12395,3,1,2026-08-27,2
23935,9320,3,1,2026-08-27,2
23936,13167,3,1,2026-08-27,3
23937,48569,3,1,2026-08-27,3
23938,19629,3,1,2026-08-27,4
23939,32339,3,1,2026-08-27,3
23940,39633,3,1,2026-08-27,2
23941,46347,3,1,2026-08-27,2
23942,41282,3,1,2026-08-27,2
23943,20579,3,1,2026-08-27,2
23944,38698,3,1,2026-08-27,2
23945,23866,3,1,2026-08-27,1
23946,8568,3,1,2026-08-27,1
23947,6246,3,1,2026-08-27,3
23948,542,3,1,2026-08-27,3
23949,32290,3,1,2026-08-27,3
23950,16956,3,1,2026-08-27,1
23951,21113,3,1,2026-08-27,3
23952,10016,3,1,2026-08-27,3
23953,46937,3,1,2026-08-27,3
23954,34121,3,1,2026-08-27,2
23955,13586,3,1,2026-08-27,1
23956,39636,3,1,2026-08-27,1
23957,41398,3,1,2026-08-27,1
23958,42226,3,1,2026-08-27,3
23959,42193,3,1,2026-08-27,3
23960,44161,3,1,2026-08-27,2
23961,26136,3,1,2026-08-27,2
23962,36832,3,1,2026-08-27,3
23963,47508,3,1,2026-08-27,3
23964,18836,3,1,2026-08-27,3
23965,48427,3,1,2026-08-27,1
23966,27039,3,1,2026-08-27,4
23967,48953,3,1,2026-08-27,1
23968,18221,3,1,2026-08-27,2
23969,7416,3,1,2026-08-27,2
23970,37981,3,1,2026-08-27,2
23971,49146,3,1,2026-08-27,1
23972,10698,3,1,2026-08-27,3
23973,47257,3,1,2026-08-27,3
23974,42952,3,1,2026-08-27,2
23975,36555,3,1,2026-08-27,3
23976,17732,3,1,2026-08-27,2
23977,1078,3,1,2026-08-27,3
23978,10617,3,1,2026-08-27,2
23979,36691,3,1,2026-08-27,3
23980,34115,3,1,2026-08-27,3
23981,39000,3,1,2026-08-27,3
23982,1201,3,1,2026-08-27,3
23983,39136,3,1,2026-08-27,2
23984,17601,3,1,2026-08-27,4
23985,13630,3,1,2026-08-27,4
23986,40000,3,1,2026-08-27,3
23987,29672,3,1,2026-08-27,3
23988,1889,3,1,2026-08-27,3
23989,33969,3,1,2026-08-27,1
23990,48285,3,1,2026-08-27,1
23991,16716,3,1,2026-08-27,2
23992,11706,3,1,2026-08-27,2
23993,24244,3,1,2026-08-27,5
23994,32303,3,1,2026-08-27,3
23995,30145,3,1,2026-08-27,3
23996,13944,3,1,2026-08-27,3
23997,10598,3,1,2026-08-27,3
23998,24674,3,1,2026-08-27,3
23999,11849,3,1,2026-08-27,3
24000,36320,3,1,2026-08-27,3
24001,2057,3,1,2026-08-27,3
24002,35507,3,1,2026-08-27,2
24003,18098,3,1,2026-08-27,4
24004,5992,3,1,2026-08-27,1
24005,48983,3,1,2026-08-27,4
24006,34680,3,1,2026-08-27,4
24007,24042,3,2,2026-08-27,1
24008,9282,3,2,2026-08-27,1
24009,39169,3,2,2026-08-27,3
24010,33299,3,2,2026-08-27,1
24011,35511,3,2,2026-08-27,1
24012,9686,3,2,2026-08-27,2
24013,9719,3,2,2026-08-27,3
24014,44016,3,2,2026-08-27,3
24015,21661,3,2,2026-08-27,3
24016,3551,3,2,2026-08-27,3
24017,36856,3,2,2026-08-27,3
24018,32577,3,2,2026-08-27,2
24019,19325,3,2,2026-08-27,3
24020,42077,3,2,2026-08-27,3
24021,24019,3,2,2026-08-27,3
24022,42201,3,2,2026-08-27,3
24023,22627,3,2,2026-08-27,2
24024,47784,3,2,2026-08-27,3
24025,45563,3,2,2026-08-27,1
24026,23467,3,2,2026-08-27,1
24027,19797,3,2,2026-08-27,1
24028,41849,3,2,2026-08-27,3
24029,34188,3,2,2026-08-27,2
24030,43104,3,2,2026-08-27,3
24031,27595,3,2,2026-08-27,3
24032,22345,3,2,2026-08-27,1
24033,33366,3,2,2026-08-27,2
24034,16487,3,2,2026-08-27,5
24035,33200,3,2,2026-08-27,2
24036,45664,3,2,2026-08-27,4
24037,35398,3,2,2026-08-27,3
24038,1995,3,2,2026-08-27,2
24039,16183,3,2,2026-08-27,3
24040,15464,3,2,2026-08-27,5
24041,34197,3,2,2026-08-27,1
24042,31314,3,2,2026-08-27,2
24043,34203,3,2,2026-08-27,3
24044,43321,3,2,2026-08-27,2
24045,23172,3,2,2026-08-27,3
24046,10072,3,2,2026-08-27,1
24047,9669,3,2,2026-08-27,3
24048,17975,3,2,2026-08-27,3
24049,28980,3,2,2026-08-27,2
24050,34704,3,2,2026-08-27,3
24051,34740,3,2,2026-08-27,2
24052,21029,3,2,2026-08-27,2
24053,20499,3,2,2026-08-27,3
24054,25989,3,2,2026-08-27,3
24055,49189,3,2,2026-08-27,1
24056,40799,3,2,2026-08-27,2
24057,27061,3,2,2026-08-27,1
24058,37197,3,2,2026-08-27,2
24059,32913,3,2,2026-08-27,3
24060,18277,3,2,2026-08-27,1
24061,31463,3,2,2026-08-27,1
24062,35043,3,2,2026-08-27,3
24063,35346,3,2,2026-08-27,2
24064,4276,3,2,2026-08-27,4
24065,46040,3,2,2026-08-27,1
24066,15070,3,2,2026-08-27,2
24067,19420,3,2,2026-08-27,3
24068,20106,3,2,2026-08-27,2
24069,28569,3,2,2026-08-27,1
24070,21418,2,1,2026-08-27,3
24071,48009,2,1,2026-08-27,3
24072,791,2,1,2026-08-27,3
24073,2016,2,1,2026-08-27,3
24074,34321,2,1,2026-08-27,3
24075,33789,2,1,2026-08-27,4
24076,43815,2,1,2026-08-27,5
24077,13278,2,1,2026-08-27,4
24078,24638,2,1,2026-08-27,3
24079,36237,2,1,2026-08-27,5
24080,38271,2,1,2026-08-27,3
24081,22003,2,1,2026-08-27,3
24082,36755,2,1,2026-08-27,3
24083,41321,2,1,2026-08-27,3
24084,10922,2,1,2026-08-27,3
24085,17862,2,1,2026-08-27,3
24086,48567,2,1,2026-08-27,3
24087,23534,2,1,2026-08-27,4
24088,29734,2,1,2026-08-27,4
24089,30439,2,1,2026-08-27,3
24090,39726,2,1,2026-08-27,3
24091,41162,2,1,2026-08-27,3
24092,18791,2,1,2026-08-27,3
24093,12997,2,1,2026-08-27,3
24094,26996,2,1,2026-08-27,3
24095,14848,2,1,2026-08-27,3
24096,35,2,1,2026-08-27,4
24097,16733,2,1,2026-08-27,4
24098,22239,2,1,2026-08-27,1
24099,45680,2,1,2026-08-27,3
24100,40229,2,1,2026-08-27,4
24101,17501,2,1,2026-08-27,4
24102,10952,2,1,2026-08-27,3
24103,20230,2,1,2026-08-27,3
24104,1569,2,1,2026-08-27,3
24105,25895,2,1,2026-08-27,3
24106,49867,2,1,2026-08-27,4
24107,34220,2,1,2026-08-27,4
24108,211,2,1,2026-08-27,3
24109,33883,2,1,2026-08-27,4
24110,1753,2,1,2026-08-27,2
24111,23499,2,1,2026-08-27,3
24112,2461,2,1,2026-08-27,3
24113,33161,2,1,2026-08-27,4
24114,2735,2,1,2026-08-27,4
24115,33809,2,1,2026-08-27,3
24116,22048,2,1,2026-08-27,3
24117,3381,2,1,2026-08-27,4
24118,32770,2,1,2026-08-27,4
24119,1732,2,1,2026-08-27,4
24120,49312,2,1,2026-08-27,4
24121,3276,2,1,2026-08-27,3
24122,7355,2,1,2026-08-27,1
24123,8789,2,1,2026-08-27,3
24124,15036,2,1,2026-08-27,1
24125,16665,2,1,2026-08-27,3
24126,27591,2,1,2026-08-27,4
24127,41749,2,1,2026-08-27,2
24128,28878,2,1,2026-08-27,4
24129,10626,2,1,2026-08-27,4
24130,17116,2,1,2026-08-27,4
24131,35591,2,1,2026-08-27,4
24132,9037,2,1,2026-08-27,3
24133,42542,2,1,2026-08-27,4
24134,36350,2,1,2026-08-27,4
24135,17684,2,1,2026-08-27,1
24136,28306,2,1,2026-08-27,3
24137,5251,2,1,2026-08-27,3
24138,43517,2,1,2026-08-27,4
24139,1876,2,1,2026-08-27,4
24140,45436,2,1,2026-08-27,2
24141,39134,2,1,2026-08-27,1
24142,46020,2,1,2026-08-27,3
24143,28900,2,1,2026-08-27,4
24144,44990,2,1,2026-08-27,4
24145,12526,2,1,2026-08-27,1
24146,18616,2,1,2026-08-27,3
24147,28852,2,1,2026-08-27,4
24148,30443,2,1,2026-08-27,3
24149,3559,2,1,2026-08-27,4
24150,15388,2,1,2026-08-27,3
24151,42845,2,1,2026-08-27,4
24152,17718,2,1,2026-08-27,4
24153,31592,2,1,2026-08-27,1
24154,12837,2,1,2026-08-27,3
24155,17395,2,1,2026-08-27,3
24156,19756,2,1,2026-08-27,3
24157,32640,2,1,2026-08-27,3
24158,29064,2,1,2026-08-27,3
24159,19575,2,1,2026-08-27,3
24160,14844,2,1,2026-08-27,3
24161,45893,2,1,2026-08-27,3
24162,16214,2,1,2026-08-27,3
24163,27045,2,1,2026-08-27,3
24164,35957,2,1,2026-08-27,3
24165,42588,2,1,2026-08-27,3
24166,12598,2,1,2026-08-27,3
24167,41,2,1,2026-08-27,3
24168,31388,2,1,2026-08-27,4
24169,12772,2,1,2026-08-27,3
24170,40812,2,1,2026-08-27,4
24171,3443,2,1,2026-08-27,2
24172,10446,2,1,2026-08-27,4
24173,20490,2,1,2026-08-27,3
24174,8148,2,1,2026-08-27,4
24175,29021,2,1,2026-08-27,4
24176,27920,2,1,2026-08-27,4
24177,5774,2,1,2026-08-27,3
24178,5677,2,1,2026-08-27,1
24179,15945,2,1,2026-08-27,4
24180,47873,2,1,2026-08-27,3
24181,45571,2,1,2026-08-27,4
24182,18863,2,1,2026-08-27,3
24183,28865,2,1,2026-08-27,4
24184,42246,2,1,2026-08-27,1
24185,8435,2,1,2026-08-27,3
24186,86,2,1,2026-08-27,5
24187,12828,2,1,2026-08-27,3
24188,30725,2,1,2026-08-27,3
24189,38632,2,1,2026-08-27,3
24190,29281,2,1,2026-08-27,4
24191,36376,2,1,2026-08-27,4
24192,19634,2,1,2026-08-27,4
24193,33149,2,1,2026-08-27,3
24194,7927,2,1,2026-08-27,1
24195,6476,2,2,2026-08-27,1
24196,5348,2,2,2026-08-27,1
24197,22356,2,2,2026-08-27,3
24198,32334,2,2,2026-08-27,3
24199,34830,2,2,2026-08-27,4
24200,35131,2,2,2026-08-27,3
24201,7589,2,2,2026-08-27,4
24202,23180,2,2,2026-08-27,4
24203,30195,2,2,2026-08-27,3
24204,31042,2,2,2026-08-27,3
24205,1600,2,2,2026-08-27,3
24206,11728,2,2,2026-08-27,4
24207,38131,2,2,2026-08-27,4
24208,21664,2,2,2026-08-27,4
24209,38312,2,2,2026-08-27,4
24210,36484,2,2,2026-08-27,3
24211,5860,2,2,2026-08-27,3
24212,19390,2,2,2026-08-27,3
24213,14036,2,2,2026-08-27,1
24214,25920,2,2,2026-08-27,3
24215,7664,2,2,2026-08-27,4
24216,46336,2,2,2026-08-27,4
24217,14366,2,2,2026-08-27,1
24218,35436,2,2,2026-08-27,4
24219,41621,2,2,2026-08-27,4
24220,11751,2,2,2026-08-27,3
24221,2293,2,2,2026-08-27,4
24222,14672,2,2,2026-08-27,4
24223,31238,2,2,2026-08-27,4
24224,13368,2,2,2026-08-27,1
24225,42876,2,2,2026-08-27,3
24226,17957,2,2,2026-08-27,3
24227,28203,2,2,2026-08-27,4
24228,38101,2,2,2026-08-27,3
24229,14469,2,2,2026-08-27,4
24230,1662,2,2,2026-08-27,3
24231,31755,2,2,2026-08-27,3
24232,4956,2,2,2026-08-27,3
24233,44778,2,2,2026-08-27,4
24234,14543,2,2,2026-08-27,5
24235,5344,2,2,2026-08-27,3
24236,20440,2,2,2026-08-27,3
24237,22624,2,2,2026-08-27,3
24238,34164,2,2,2026-08-27,4
24239,13254,2,2,2026-08-27,3
24240,1665,2,2,2026-08-27,4
24241,28439,2,2,2026-08-27,3
24242,26477,2,2,2026-08-27,4
24243,12465,2,2,2026-08-27,3
24244,32747,2,2,2026-08-27,4
24245,33229,2,4,2026-08-27,1
24246,17078,2,4,2026-08-27,4
24247,38921,2,4,2026-08-27,3
24248,32969,2,4,2026-08-27,4
24249,42409,2,4,2026-08-27,4
24250,20984,2,4,2026-08-27,4
24251,22772,2,4,2026-08-27,4
24252,24709,2,4,2026-08-27,4
24253,9594,2,4,2026-08-27,3
24254,29290,2,4,2026-08-27,3
24255,4177,2,4,2026-08-27,4
24256,10319,2,4,2026-08-27,4
24257,48108,2,4,2026-08-27,3
24258,4278,2,4,2026-08-27,1
24259,19790,2,4,2026-08-27,3
24260,12024,2,4,2026-08-27,4
24261,7601,2,4,2026-08-27,3
24262,44883,2,4,2026-08-27,1
24263,38881,2,4,2026-08-27,3
24264,25541,2,4,2026-08-27,3
24265,18822,2,4,2026-08-27,4
24266,35659,2,4,2026-08-27,3
24267,30596,2,4,2026-08-27,3
24268,47866,2,4,2026-08-27,3
24269,34090,2,4,2026-08-27,4
24270,39418,2,4,2026-08-27,3
24271,26179,2,4,2026-08-27,3
24272,41385,2,4,2026-08-27,3
24273,11073,2,4,2026-08-27,3
24274,45734,2,4,2026-08-27,3
24275,9862,2,4,2026-08-27,3
24276,19839,2,4,2026-08-27,3
24277,45214,2,4,2026-08-27,3
24278,3077,2,4,2026-08-27,1
24279,36369,2,4,2026-08-27,3
24280,18376,2,4,2026-08-27,4
24281,7573,2,4,2026-08-27,1
24282,47461,2,4,2026-08-27,4
24283,45583,2,4,2026-08-27,3
24284,8642,2,4,2026-08-27,3
24285,7566,2,4,2026-08-27,4
24286,33842,2,4,2026-08-27,3
24287,27872,2,4,2026-08-27,3
24288,40976,2,4,2026-08-27,3
24289,20865,2,4,2026-08-27,3
24290,6125,2,4,2026-08-27,3
24291,25140,2,4,2026-08-27,2
24292,14595,2,4,2026-08-27,4
24293,36013,2,4,2026-08-27,3
24294,41237,2,4,2026-08-27,3
24295,21298,2,4,2026-08-27,3
24296,48235,2,4,2026-08-27,1
24297,958,2,4,2026-08-27,4
24298,25770,2,4,2026-08-27,3
24299,34579,2,4,2026-08-27,3
24300,36427,2,4,2026-08-27,4
24301,22985,2,4,2026-08-27,4
24302,7695,2,4,2026-08-27,4
24303,1142,2,4,2026-08-27,3
24304,16269,2,4,2026-08-27,4
24305,4661,2,4,2026-08-27,4
24306,9945,2,4,2026-08-27,4
24307,22776,2,4,2026-08-27,4
24308,29872,2,4,2026-08-27,4
24309,42206,2,4,2026-08-27,3
24310,1403,2,4,2026-08-27,3
24311,33628,2,4,2026-08-27,3
24312,49022,2,4,2026-08-27,4
24313,34049,2,4,2026-08-27,4
24314,10077,2,4,2026-08-27,4
24315,25882,2,4,2026-08-27,3
24316,9137,2,4,2026-08-27,1
24317,42431,2,4,2026-08-27,3
24318,38954,2,4,2026-08-27,3
24319,17063,2,4,2026-08-27,3
24320,24651,1,1,2026-08-28,3
24321,15400,1,1,2026-08-28,3
24322,9185,1,1,2026-08-28,3
24323,27140,1,1,2026-08-28,3
24324,34641,1,1,2026-08-28,4
24325,47657,1,1,2026-08-28,3
24326,19493,1,1,2026-08-28,3
24327,27080,1,1,2026-08-28,3
24328,31665,1,1,2026-08-28,3
24329,41086,1,1,2026-08-28,3
24330,25063,1,1,2026-08-28,4
24331,45454,1,1,2026-08-28,3
24332,30440,1,1,2026-08-28,3
24333,26216,1,1,2026-08-28,3
24334,39265,1,1,2026-08-28,3
24335,2114,1,1,2026-08-28,3
24336,24353,1,1,2026-08-28,3
24337,45124,1,1,2026-08-28,3
24338,35310,1,1,2026-08-28,3
24339,38649,1,1,2026-08-28,3
24340,3688,1,1,2026-08-28,3
24341,20345,1,1,2026-08-28,1
24342,42120,1,1,2026-08-28,3
24343,41348,1,1,2026-08-28,3
24344,20886,1,1,2026-08-28,3
24345,49832,1,1,2026-08-28,3
24346,16436,1,1,2026-08-28,3
24347,24450,1,1,2026-08-28,1
24348,20444,1,1,2026-08-28,3
24349,13978,1,1,2026-08-28,3
24350,42155,1,1,2026-08-28,3
24351,46381,1,1,2026-08-28,3
24352,3275,1,1,2026-08-28,3
24353,25072,1,1,2026-08-28,3
24354,32815,1,1,2026-08-28,1
24355,40314,1,1,2026-08-28,3
24356,14991,1,1,2026-08-28,3
24357,6931,1,1,2026-08-28,3
24358,8995,1,1,2026-08-28,3
24359,48722,1,1,2026-08-28,3
24360,279,1,1,2026-08-28,3
24361,30513,1,1,2026-08-28,3
24362,41785,1,1,2026-08-28,3
24363,7711,1,1,2026-08-28,3
24364,36951,1,1,2026-08-28,3
24365,43374,1,1,2026-08-28,3
24366,18131,1,1,2026-08-28,3
24367,27175,1,1,2026-08-28,1
24368,4509,1,1,2026-08-28,3
24369,42000,1,1,2026-08-28,3
24370,25308,1,1,2026-08-28,3
24371,4919,1,1,2026-08-28,3
24372,42214,1,1,2026-08-28,1
24373,46618,1,1,2026-08-28,3
24374,9266,1,1,2026-08-28,1
24375,48977,1,1,2026-08-28,3
24376,7440,1,1,2026-08-28,3
24377,35052,1,1,2026-08-28,3
24378,23385,1,1,2026-08-28,3
24379,43605,1,1,2026-08-28,3
24380,45921,1,1,2026-08-28,3
24381,9039,1,1,2026-08-28,3
24382,8326,1,1,2026-08-28,3
24383,9356,1,1,2026-08-28,3
24384,4955,1,1,2026-08-28,3
24385,8416,1,1,2026-08-28,3
24386,7975,1,1,2026-08-28,1
24387,29200,1,1,2026-08-28,3
24388,19567,1,1,2026-08-28,4
24389,28925,1,1,2026-08-28,3
24390,49792,1,1,2026-08-28,3
24391,11294,1,1,2026-08-28,3
24392,18600,1,1,2026-08-28,3
24393,21187,1,1,2026-08-28,3
24394,22452,1,1,2026-08-28,3
24395,44893,1,1,2026-08-28,3
24396,40737,1,1,2026-08-28,3
24397,9590,1,1,2026-08-28,4
24398,15487,1,1,2026-08-28,4
24399,12109,1,1,2026-08-28,3
24400,44967,1,1,2026-08-28,3
24401,40746,1,1,2026-08-28,4
24402,9897,1,1,2026-08-28,3
24403,49702,1,1,2026-08-28,3
24404,7258,1,1,2026-08-28,3
24405,5710,1,1,2026-08-28,3
24406,12507,1,1,2026-08-28,3
24407,9067,1,1,2026-08-28,3
24408,37595,1,1,2026-08-28,3
24409,34688,1,1,2026-08-28,3
24410,40898,1,1,2026-08-28,3
24411,32775,1,1,2026-08-28,3
24412,40807,1,1,2026-08-28,3
24413,40497,1,1,2026-08-28,3
24414,40296,1,1,2026-08-28,3
24415,32502,1,1,2026-08-28,1
24416,11319,1,1,2026-08-28,4
24417,48539,1,1,2026-08-28,3
24418,33763,1,1,2026-08-28,1
24419,41436,1,1,2026-08-28,4
24420,24048,1,1,2026-08-28,3
24421,23072,1,1,2026-08-28,3
24422,36303,1,1,2026-08-28,3
24423,8236,1,1,2026-08-28,4
24424,42355,1,1,2026-08-28,3
24425,43813,1,1,2026-08-28,3
24426,11137,1,1,2026-08-28,3
24427,45992,1,1,2026-08-28,3
24428,9612,1,1,2026-08-28,3
24429,24845,1,1,2026-08-28,3
24430,32901,1,1,2026-08-28,3
24431,27672,1,1,2026-08-28,3
24432,26976,1,1,2026-08-28,3
24433,39552,1,1,2026-08-28,3
24434,28062,1,1,2026-08-28,1
24435,25604,1,1,2026-08-28,3
24436,41778,1,1,2026-08-28,3
24437,37950,1,1,2026-08-28,3
24438,42015,1,1,2026-08-28,1
24439,36025,1,1,2026-08-28,4
24440,36221,1,1,2026-08-28,3
24441,31354,1,1,2026-08-28,4
24442,47278,1,1,2026-08-28,1
24443,13822,1,1,2026-08-28,3
24444,22312,1,1,2026-08-28,1
24445,43030,1,1,2026-08-28,3
24446,11039,1,1,2026-08-28,3
24447,2564,1,1,2026-08-28,3
24448,40486,1,1,2026-08-28,3
24449,10374,1,1,2026-08-28,4
24450,3742,1,1,2026-08-28,4
24451,19214,1,1,2026-08-28,1
24452,41731,1,1,2026-08-28,3
24453,29944,1,1,2026-08-28,3
24454,48865,1,1,2026-08-28,3
24455,6494,1,1,2026-08-28,3
24456,26786,1,1,2026-08-28,3
24457,48267,1,1,2026-08-28,3
24458,1453,1,1,2026-08-28,3
24459,46331,1,1,2026-08-28,3
24460,15556,1,1,2026-08-28,3
24461,38504,1,1,2026-08-28,3
24462,39605,1,1,2026-08-28,3
24463,4260,1,1,2026-08-28,3
24464,10839,1,1,2026-08-28,3
24465,31336,1,1,2026-08-28,3
24466,40438,1,1,2026-08-28,3
24467,26617,1,1,2026-08-28,4
24468,2381,1,1,2026-08-28,3
24469,33096,1,1,2026-08-28,3
24470,31281,1,1,2026-08-28,3
24471,19253,1,1,2026-08-28,3
24472,9686,1,1,2026-08-28,3
24473,23708,1,1,2026-08-28,4
24474,47626,1,1,2026-08-28,3
24475,35632,1,1,2026-08-28,3
24476,44177,1,1,2026-08-28,3
24477,3026,1,1,2026-08-28,3
24478,25209,1,1,2026-08-28,3
24479,21854,1,1,2026-08-28,3
24480,11285,1,1,2026-08-28,3
24481,11346,1,1,2026-08-28,3
24482,2593,1,1,2026-08-28,3
24483,11821,1,1,2026-08-28,3
24484,43413,1,1,2026-08-28,3
24485,16841,1,1,2026-08-28,3
24486,7913,1,1,2026-08-28,3
24487,33261,1,1,2026-08-28,3
24488,338,1,1,2026-08-28,3
24489,23477,1,1,2026-08-28,3
24490,34864,1,1,2026-08-28,3
24491,15561,1,1,2026-08-28,3
24492,24800,1,1,2026-08-28,4
24493,16537,1,1,2026-08-28,1
24494,29001,1,1,2026-08-28,3
24495,14184,1,1,2026-08-28,3
24496,23760,1,1,2026-08-28,1
24497,29203,1,1,2026-08-28,3
24498,37891,1,1,2026-08-28,3
24499,46848,1,1,2026-08-28,3
24500,31900,1,1,2026-08-28,1
24501,46947,1,1,2026-08-28,3
24502,32105,1,1,2026-08-28,3
24503,18342,1,1,2026-08-28,3
24504,15458,1,1,2026-08-28,3
24505,24355,1,1,2026-08-28,4
24506,43474,1,1,2026-08-28,3
24507,38924,1,1,2026-08-28,3
24508,13932,1,1,2026-08-28,3
24509,24229,1,1,2026-08-28,3
24510,29739,1,1,2026-08-28,3
24511,6047,1,1,2026-08-28,3
24512,675,1,1,2026-08-28,4
24513,22523,1,1,2026-08-28,3
24514,22612,1,1,2026-08-28,3
24515,33722,1,1,2026-08-28,3
24516,32607,1,1,2026-08-28,3
24517,37458,1,1,2026-08-28,3
24518,34336,1,1,2026-08-28,3
24519,47654,1,1,2026-08-28,3
24520,23285,1,1,2026-08-28,3
24521,25054,1,1,2026-08-28,3
24522,23552,1,1,2026-08-28,3
24523,92,1,1,2026-08-28,3
24524,19620,1,1,2026-08-28,3
24525,4727,1,1,2026-08-28,1
24526,26184,1,1,2026-08-28,3
24527,39910,1,1,2026-08-28,3
24528,38642,1,1,2026-08-28,3
24529,32159,1,1,2026-08-28,3
24530,1103,1,1,2026-08-28,3
24531,36127,1,1,2026-08-28,3
24532,35606,1,1,2026-08-28,3
24533,3946,1,1,2026-08-28,4
24534,46427,1,1,2026-08-28,3
24535,24290,1,1,2026-08-28,3
24536,17679,1,1,2026-08-28,3
24537,32530,1,1,2026-08-28,3
24538,5205,1,1,2026-08-28,3
24539,9869,1,1,2026-08-28,3
24540,10186,1,1,2026-08-28,3
24541,23252,1,1,2026-08-28,4
24542,15627,1,1,2026-08-28,3
24543,44139,1,1,2026-08-28,3
24544,23984,1,1,2026-08-28,3
24545,12570,1,1,2026-08-28,3
24546,49257,1,1,2026-08-28,1
24547,24860,1,1,2026-08-28,4
24548,24155,1,1,2026-08-28,1
24549,39380,1,1,2026-08-28,1
24550,20725,1,1,2026-08-28,3
24551,24712,1,1,2026-08-28,3
24552,44524,1,1,2026-08-28,3
24553,31663,1,1,2026-08-28,1
24554,8120,1,1,2026-08-28,1
24555,37884,1,1,2026-08-28,3
24556,34545,1,1,2026-08-28,4
24557,9058,1,1,2026-08-28,5
24558,25746,1,1,2026-08-28,3
24559,13502,1,1,2026-08-28,6
24560,23329,1,1,2026-08-28,3
24561,18074,1,1,2026-08-28,3
24562,19923,1,1,2026-08-28,3
24563,41041,1,1,2026-08-28,3
24564,36829,1,1,2026-08-28,3
24565,27178,1,1,2026-08-28,3
24566,37862,1,1,2026-08-28,3
24567,31679,1,1,2026-08-28,3
24568,4188,1,1,2026-08-28,3
24569,35750,1,1,2026-08-28,4
24570,41068,1,1,2026-08-28,3
24571,22150,1,1,2026-08-28,3
24572,41241,1,1,2026-08-28,3
24573,8765,1,1,2026-08-28,3
24574,45272,1,1,2026-08-28,3
24575,10018,1,1,2026-08-28,3
24576,757,1,1,2026-08-28,3
24577,1211,1,1,2026-08-28,3
24578,49051,1,1,2026-08-28,3
24579,43621,1,1,2026-08-28,3
24580,39141,1,1,2026-08-28,3
24581,37659,1,1,2026-08-28,3
24582,9298,1,1,2026-08-28,3
24583,18710,1,1,2026-08-28,3
24584,48188,1,1,2026-08-28,3
24585,4179,1,1,2026-08-28,3
24586,5935,1,1,2026-08-28,4
24587,18703,1,1,2026-08-28,3
24588,2478,1,1,2026-08-28,3
24589,11392,1,1,2026-08-28,1
24590,39833,1,1,2026-08-28,3
24591,12072,1,1,2026-08-28,3
24592,5590,1,1,2026-08-28,3
24593,33725,1,1,2026-08-28,3
24594,38821,1,1,2026-08-28,3
24595,32524,1,1,2026-08-28,1
24596,41533,1,1,2026-08-28,3
24597,38974,1,1,2026-08-28,3
24598,45874,1,1,2026-08-28,3
24599,38401,1,1,2026-08-28,3
24600,137,1,1,2026-08-28,3
24601,26087,1,1,2026-08-28,3
24602,30310,1,1,2026-08-28,3
24603,9107,1,1,2026-08-28,3
24604,20264,1,1,2026-08-28,3
24605,758,1,1,2026-08-28,1
24606,7334,1,1,2026-08-28,3
24607,28339,1,1,2026-08-28,5
24608,49568,1,1,2026-08-28,4
24609,37669,1,1,2026-08-28,3
24610,27106,1,1,2026-08-28,1
24611,39972,1,1,2026-08-28,3
24612,6712,1,1,2026-08-28,5
24613,46891,1,1,2026-08-28,3
24614,45252,1,1,2026-08-28,3
24615,34244,1,1,2026-08-28,3
24616,40178,1,1,2026-08-28,4
24617,13933,1,1,2026-08-28,4
24618,5090,1,1,2026-08-28,1
24619,34450,1,1,2026-08-28,3
24620,10256,1,1,2026-08-28,3
24621,32930,1,1,2026-08-28,3
24622,41223,1,1,2026-08-28,3
24623,30863,1,1,2026-08-28,3
24624,24602,1,1,2026-08-28,3
24625,20270,1,1,2026-08-28,3
24626,6614,1,1,2026-08-28,3
24627,4754,1,1,2026-08-28,3
24628,6340,1,1,2026-08-28,3
24629,22339,1,1,2026-08-28,5
24630,36033,1,1,2026-08-28,3
24631,30326,1,1,2026-08-28,3
24632,46281,1,1,2026-08-28,1
24633,40943,1,1,2026-08-28,3
24634,18771,1,1,2026-08-28,3
24635,29413,1,1,2026-08-28,3
24636,30120,1,1,2026-08-28,4
24637,4929,1,1,2026-08-28,1
24638,34460,1,1,2026-08-28,3
24639,46319,1,1,2026-08-28,3
24640,26013,1,1,2026-08-28,3
24641,28187,1,1,2026-08-28,1
24642,17494,1,1,2026-08-28,4
24643,38933,1,1,2026-08-28,5
24644,10569,1,1,2026-08-28,3
24645,11814,1,1,2026-08-28,4
24646,18123,1,1,2026-08-28,4
24647,16648,1,1,2026-08-28,3
24648,5306,1,1,2026-08-28,4
24649,15178,1,1,2026-08-28,3
24650,41807,1,1,2026-08-28,3
24651,28199,1,1,2026-08-28,3
24652,32546,1,1,2026-08-28,1
24653,30667,1,1,2026-08-28,3
24654,12709,1,1,2026-08-28,3
24655,31664,1,1,2026-08-28,3
24656,27463,1,1,2026-08-28,1
24657,13067,1,1,2026-08-28,3
24658,10535,1,1,2026-08-28,3
24659,44399,1,1,2026-08-28,3
24660,118,1,1,2026-08-28,3
24661,26009,1,1,2026-08-28,3
24662,38404,1,1,2026-08-28,3
24663,27663,1,1,2026-08-28,3
24664,46401,1,1,2026-08-28,3
24665,8487,1,1,2026-08-28,3
24666,33682,1,1,2026-08-28,3
24667,13304,1,1,2026-08-28,3
24668,5872,1,1,2026-08-28,3
24669,37105,1,1,2026-08-28,1
24670,20938,1,1,2026-08-28,3
24671,13485,1,1,2026-08-28,3
24672,33278,1,1,2026-08-28,3
24673,6953,1,1,2026-08-28,3
24674,41754,1,1,2026-08-28,3
24675,44245,1,1,2026-08-28,3
24676,37314,1,1,2026-08-28,3
24677,27673,1,1,2026-08-28,3
24678,39961,1,1,2026-08-28,3
24679,37517,1,1,2026-08-28,3
24680,3849,1,1,2026-08-28,3
24681,10920,1,1,2026-08-28,3
24682,30379,1,1,2026-08-28,3
24683,46864,1,1,2026-08-28,3
24684,34859,1,1,2026-08-28,3
24685,14162,1,1,2026-08-28,3
24686,37814,1,1,2026-08-28,6
24687,36155,1,1,2026-08-28,4
24688,4940,1,1,2026-08-28,3
24689,28441,1,1,2026-08-28,3
24690,16154,1,1,2026-08-28,3
24691,2960,1,1,2026-08-28,3
24692,8043,1,1,2026-08-28,4
24693,34619,1,1,2026-08-28,4
24694,5254,1,1,2026-08-28,3
24695,14981,1,1,2026-08-28,3
24696,34614,1,1,2026-08-28,3
24697,7983,1,1,2026-08-28,5
24698,40770,1,1,2026-08-28,3
24699,23294,1,1,2026-08-28,3
24700,15760,1,1,2026-08-28,3
24701,29310,1,1,2026-08-28,3
24702,18041,1,1,2026-08-28,3
24703,18373,1,1,2026-08-28,3
24704,42599,1,1,2026-08-28,3
24705,5206,1,1,2026-08-28,1
24706,29559,1,1,2026-08-28,3
24707,35512,1,1,2026-08-28,3
24708,44201,1,1,2026-08-28,3
24709,20218,1,1,2026-08-28,1
24710,33952,1,1,2026-08-28,3
24711,30611,1,1,2026-08-28,3
24712,11648,1,1,2026-08-28,3
24713,12948,1,1,2026-08-28,3
24714,37358,1,1,2026-08-28,6
24715,33987,1,1,2026-08-28,3
24716,45094,1,1,2026-08-28,1
24717,8434,1,1,2026-08-28,3
24718,4018,1,1,2026-08-28,3
24719,28017,1,1,2026-08-28,3
24720,34370,1,1,2026-08-28,4
24721,25733,1,1,2026-08-28,3
24722,29445,1,1,2026-08-28,3
24723,18912,1,1,2026-08-28,3
24724,21444,1,1,2026-08-28,3
24725,27954,1,1,2026-08-28,3
24726,8770,1,1,2026-08-28,3
24727,28251,1,1,2026-08-28,3
24728,27281,1,1,2026-08-28,3
24729,14299,1,1,2026-08-28,3
24730,40015,1,1,2026-08-28,3
24731,1768,1,1,2026-08-28,3
24732,4366,1,1,2026-08-28,3
24733,44035,1,1,2026-08-28,4
24734,6636,1,1,2026-08-28,1
24735,35421,1,1,2026-08-28,3
24736,17251,1,1,2026-08-28,3
24737,8512,1,1,2026-08-28,3
24738,2674,1,1,2026-08-28,3
24739,3471,1,1,2026-08-28,3
24740,19705,1,1,2026-08-28,3
24741,3385,1,1,2026-08-28,3
24742,25349,1,1,2026-08-28,3
24743,41261,1,1,2026-08-28,1
24744,15478,1,1,2026-08-28,3
24745,36914,1,1,2026-08-28,3
24746,48869,1,1,2026-08-28,3
24747,24189,1,1,2026-08-28,3
24748,4540,1,1,2026-08-28,3
24749,15327,1,1,2026-08-28,3
24750,37837,1,1,2026-08-28,4
24751,33513,1,1,2026-08-28,3
24752,33569,1,1,2026-08-28,3
24753,1097,1,1,2026-08-28,1
24754,16640,1,1,2026-08-28,3
24755,14352,1,1,2026-08-28,3
24756,26648,1,1,2026-08-28,3
24757,41909,1,1,2026-08-28,3
24758,39857,1,1,2026-08-28,3
24759,24103,1,1,2026-08-28,3
24760,45541,1,1,2026-08-28,3
24761,18291,1,1,2026-08-28,3
24762,30037,1,1,2026-08-28,3
24763,32850,1,1,2026-08-28,3
24764,11705,1,1,2026-08-28,3
24765,4457,1,1,2026-08-28,3
24766,43697,1,1,2026-08-28,3
24767,40969,1,1,2026-08-28,3
24768,28270,1,1,2026-08-28,3
24769,6571,1,1,2026-08-28,3
24770,37194,1,1,2026-08-28,3
24771,43098,1,1,2026-08-28,3
24772,36884,1,1,2026-08-28,3
24773,39780,1,1,2026-08-28,3
24774,31755,1,1,2026-08-28,3
24775,7637,1,1,2026-08-28,3
24776,22318,1,1,2026-08-28,3
24777,29929,1,1,2026-08-28,3
24778,10488,1,1,2026-08-28,3
24779,49768,1,1,2026-08-28,4
24780,49662,1,1,2026-08-28,3
24781,3510,1,1,2026-08-28,3
24782,9975,1,1,2026-08-28,3
24783,46010,1,1,2026-08-28,1
24784,46143,1,1,2026-08-28,3
24785,8586,1,1,2026-08-28,3
24786,25012,1,1,2026-08-28,3
24787,11749,1,1,2026-08-28,3
24788,18388,1,1,2026-08-28,3
24789,34161,1,1,2026-08-28,1
24790,18686,1,1,2026-08-28,3
24791,12408,1,1,2026-08-28,3
24792,11603,1,1,2026-08-28,5
24793,19727,1,1,2026-08-28,3
24794,20120,1,1,2026-08-28,3
24795,33668,1,1,2026-08-28,3
24796,24073,1,1,2026-08-28,3
24797,11012,1,1,2026-08-28,3
24798,34294,1,1,2026-08-28,3
24799,28315,1,1,2026-08-28,3
24800,48570,1,1,2026-08-28,4
24801,559,1,1,2026-08-28,3
24802,34626,1,1,2026-08-28,3
24803,28821,1,1,2026-08-28,3
24804,42428,1,1,2026-08-28,3
24805,45248,1,1,2026-08-28,3
24806,3267,1,1,2026-08-28,3
24807,17659,1,1,2026-08-28,3
24808,47342,1,1,2026-08-28,3
24809,32801,1,1,2026-08-28,3
24810,4282,1,1,2026-08-28,3
24811,10690,1,1,2026-08-28,1
24812,3942,1,1,2026-08-28,3
24813,20689,1,1,2026-08-28,3
24814,14198,1,1,2026-08-28,3
24815,29107,1,1,2026-08-28,3
24816,20352,1,1,2026-08-28,3
24817,20878,1,1,2026-08-28,3
24818,21915,1,1,2026-08-28,3
24819,31786,1,1,2026-08-28,3
24820,35141,1,1,2026-08-28,3
24821,28693,1,1,2026-08-28,6
24822,22553,1,1,2026-08-28,3
24823,40552,1,1,2026-08-28,3
24824,44597,1,1,2026-08-28,1
24825,31611,1,1,2026-08-28,3
24826,25739,1,1,2026-08-28,3
24827,32162,1,1,2026-08-28,3
24828,21575,1,1,2026-08-28,1
24829,10570,1,1,2026-08-28,3
24830,31864,1,1,2026-08-28,5
24831,14466,1,1,2026-08-28,4
24832,37432,1,1,2026-08-28,3
24833,15873,1,1,2026-08-28,3
24834,21948,1,1,2026-08-28,3
24835,22065,1,1,2026-08-28,3
24836,47023,1,1,2026-08-28,3
24837,8407,1,1,2026-08-28,3
24838,39469,1,1,2026-08-28,5
24839,25566,1,1,2026-08-28,3
24840,6830,1,1,2026-08-28,3
24841,17660,1,1,2026-08-28,3
24842,37376,1,1,2026-08-28,3
24843,29216,1,1,2026-08-28,3
24844,34213,1,1,2026-08-28,3
24845,44164,1,1,2026-08-28,3
24846,859,1,1,2026-08-28,3
24847,39978,1,1,2026-08-28,3
24848,3484,1,1,2026-08-28,3
24849,29759,1,1,2026-08-28,3
24850,32883,1,1,2026-08-28,3
24851,16379,1,1,2026-08-28,3
24852,26984,1,1,2026-08-28,3
24853,40301,1,1,2026-08-28,3
24854,4388,1,1,2026-08-28,3
24855,5949,1,1,2026-08-28,3
24856,35631,1,1,2026-08-28,3
24857,3205,1,1,2026-08-28,3
24858,15582,1,1,2026-08-28,3
24859,43314,1,1,2026-08-28,3
24860,32422,1,1,2026-08-28,3
24861,13291,1,1,2026-08-28,3
24862,3551,1,1,2026-08-28,3
24863,25774,1,1,2026-08-28,3
24864,37387,1,1,2026-08-28,3
24865,9242,1,1,2026-08-28,3
24866,14876,1,1,2026-08-28,3
24867,21762,1,1,2026-08-28,3
24868,45168,1,1,2026-08-28,3
24869,6279,1,1,2026-08-28,3
24870,32018,1,1,2026-08-28,3
24871,23623,1,1,2026-08-28,1
24872,7527,1,1,2026-08-28,4
24873,5314,1,1,2026-08-28,3
24874,48440,1,1,2026-08-28,3
24875,48564,1,1,2026-08-28,1
24876,957,1,1,2026-08-28,3
24877,6290,1,1,2026-08-28,3
24878,8099,1,1,2026-08-28,4
24879,49573,1,1,2026-08-28,3
24880,5416,1,1,2026-08-28,3
24881,48431,1,1,2026-08-28,3
24882,34285,1,1,2026-08-28,3
24883,30990,1,1,2026-08-28,1
24884,43300,1,1,2026-08-28,3
24885,35974,1,1,2026-08-28,4
24886,33464,1,1,2026-08-28,3
24887,27666,1,1,2026-08-28,3
24888,48321,1,1,2026-08-28,3
24889,30965,1,1,2026-08-28,3
24890,21510,1,1,2026-08-28,4
24891,22161,1,1,2026-08-28,3
24892,1468,1,1,2026-08-28,3
24893,38419,1,1,2026-08-28,3
24894,6456,1,1,2026-08-28,3
24895,43680,1,1,2026-08-28,3
24896,42041,1,1,2026-08-28,3
24897,5398,1,1,2026-08-28,4
24898,2700,1,1,2026-08-28,3
24899,10804,1,1,2026-08-28,3
24900,8373,1,1,2026-08-28,3
24901,9552,1,1,2026-08-28,1
24902,27283,1,1,2026-08-28,3
24903,34248,1,1,2026-08-28,3
24904,22267,1,1,2026-08-28,3
24905,16129,1,1,2026-08-28,3
24906,3881,1,1,2026-08-28,3
24907,29394,1,1,2026-08-28,6
24908,25675,1,1,2026-08-28,3
24909,26629,1,1,2026-08-28,3
24910,34147,1,1,2026-08-28,4
24911,9078,1,1,2026-08-28,4
24912,28228,1,1,2026-08-28,3
24913,13387,1,1,2026-08-28,3
24914,45667,1,1,2026-08-28,3
24915,85,1,1,2026-08-28,3
24916,33138,1,1,2026-08-28,3
24917,36924,1,1,2026-08-28,3
24918,15143,1,1,2026-08-28,3
24919,31013,1,1,2026-08-28,1
24920,27008,1,1,2026-08-28,3
24921,12649,1,1,2026-08-28,3
24922,34946,1,1,2026-08-28,3
24923,8805,1,1,2026-08-28,3
24924,37566,1,1,2026-08-28,1
24925,32104,1,1,2026-08-28,3
24926,15541,1,1,2026-08-28,3
24927,27138,1,1,2026-08-28,3
24928,14255,1,1,2026-08-28,3
24929,7675,1,1,2026-08-28,3
24930,32878,1,1,2026-08-28,3
24931,47962,1,1,2026-08-28,3
24932,49487,1,1,2026-08-28,4
24933,8036,1,1,2026-08-28,3
24934,35998,1,1,2026-08-28,1
24935,27490,1,1,2026-08-28,3
24936,23840,1,1,2026-08-28,1
24937,13128,1,1,2026-08-28,3
24938,16942,1,1,2026-08-28,3
24939,355,1,1,2026-08-28,3
24940,45682,1,1,2026-08-28,3
24941,43267,1,1,2026-08-28,3
24942,11371,1,1,2026-08-28,3
24943,47228,1,1,2026-08-28,3
24944,17756,1,1,2026-08-28,4
24945,7801,3,1,2026-08-28,1
24946,30301,3,1,2026-08-28,3
24947,29745,3,1,2026-08-28,3
24948,3480,3,1,2026-08-28,2
24949,33755,3,1,2026-08-28,3
24950,37195,3,1,2026-08-28,3
24951,37140,3,1,2026-08-28,2
24952,12609,3,1,2026-08-28,1
24953,8735,3,1,2026-08-28,3
24954,15727,3,1,2026-08-28,1
24955,46240,3,1,2026-08-28,2
24956,49116,3,1,2026-08-28,3
24957,28920,3,1,2026-08-28,2
24958,46593,3,1,2026-08-28,1
24959,15661,3,1,2026-08-28,1
24960,15972,3,1,2026-08-28,3
24961,45525,3,1,2026-08-28,3
24962,15360,3,1,2026-08-28,1
24963,19155,3,1,2026-08-28,2
24964,25786,3,1,2026-08-28,3
24965,19951,3,1,2026-08-28,3
24966,11782,3,1,2026-08-28,3
24967,8823,3,1,2026-08-28,3
24968,38171,3,1,2026-08-28,3
24969,41173,3,1,2026-08-28,1
24970,38611,3,1,2026-08-28,2
24971,23342,3,1,2026-08-28,4
24972,6714,3,1,2026-08-28,3
24973,896,3,1,2026-08-28,4
24974,6373,3,1,2026-08-28,3
24975,44565,3,1,2026-08-28,3
24976,11190,3,1,2026-08-28,3
24977,28328,3,1,2026-08-28,3
24978,1476,3,1,2026-08-28,1
24979,27020,3,1,2026-08-28,3
24980,44408,3,1,2026-08-28,1
24981,32905,3,1,2026-08-28,3
24982,9532,3,1,2026-08-28,3
24983,43286,3,1,2026-08-28,1
24984,19618,3,1,2026-08-28,3
24985,4505,3,1,2026-08-28,2
24986,15705,3,1,2026-08-28,3
24987,20038,3,1,2026-08-28,3
24988,15442,3,1,2026-08-28,4
24989,29105,3,1,2026-08-28,2
24990,10386,3,1,2026-08-28,2
24991,13143,3,1,2026-08-28,1
24992,4095,3,1,2026-08-28,1
24993,11401,3,1,2026-08-28,1
24994,5203,3,1,2026-08-28,3
24995,13702,3,1,2026-08-28,1
24996,24301,3,1,2026-08-28,3
24997,30462,3,1,2026-08-28,3
24998,27229,3,1,2026-08-28,1
24999,24851,3,1,2026-08-28,3
25000,38559,3,1,2026-08-28,1
25001,23973,3,1,2026-08-28,1
25002,4656,3,1,2026-08-28,1
25003,30085,3,1,2026-08-28,4
25004,47095,3,1,2026-08-28,3
25005,28888,3,1,2026-08-28,3
25006,30268,3,1,2026-08-28,3
25007,49917,3,1,2026-08-28,1
25008,23772,3,1,2026-08-28,3
25009,18421,3,1,2026-08-28,3
25010,21365,3,1,2026-08-28,4
25011,33333,3,1,2026-08-28,2
25012,49788,3,1,2026-08-28,2
25013,29471,3,1,2026-08-28,3
25014,33319,3,1,2026-08-28,2
25015,25857,3,1,2026-08-28,3
25016,18592,3,1,2026-08-28,3
25017,29595,3,1,2026-08-28,3
25018,14972,3,1,2026-08-28,3
25019,556,3,1,2026-08-28,2
25020,17801,3,1,2026-08-28,3
25021,9175,3,1,2026-08-28,3
25022,44204,3,1,2026-08-28,3
25023,27921,3,1,2026-08-28,1
25024,46154,3,1,2026-08-28,2
25025,38411,3,1,2026-08-28,1
25026,38512,3,1,2026-08-28,1
25027,41069,3,1,2026-08-28,3
25028,49765,3,1,2026-08-28,3
25029,29680,3,1,2026-08-28,3
25030,48483,3,1,2026-08-28,3
25031,46339,3,1,2026-08-28,2
25032,21120,3,1,2026-08-28,2
25033,6907,3,1,2026-08-28,3
25034,18593,3,1,2026-08-28,3
25035,6386,3,1,2026-08-28,2
25036,43822,3,1,2026-08-28,3
25037,48250,3,1,2026-08-28,1
25038,38906,3,1,2026-08-28,3
25039,1767,3,1,2026-08-28,2
25040,42685,3,1,2026-08-28,3
25041,27554,3,1,2026-08-28,3
25042,36416,3,1,2026-08-28,4
25043,21904,3,1,2026-08-28,1
25044,36962,3,1,2026-08-28,2
25045,40548,3,1,2026-08-28,4
25046,8076,3,1,2026-08-28,3
25047,18944,3,1,2026-08-28,3
25048,26722,3,1,2026-08-28,1
25049,43516,3,1,2026-08-28,3
25050,34845,3,1,2026-08-28,4
25051,31095,3,1,2026-08-28,2
25052,32061,3,1,2026-08-28,2
25053,10350,3,1,2026-08-28,3
25054,48671,3,1,2026-08-28,5
25055,31546,3,1,2026-08-28,5
25056,40413,3,1,2026-08-28,3
25057,38324,3,1,2026-08-28,3
25058,35566,3,1,2026-08-28,1
25059,9007,3,1,2026-08-28,4
25060,46713,3,1,2026-08-28,3
25061,43304,3,1,2026-08-28,2
25062,43238,3,1,2026-08-28,3
25063,36352,3,1,2026-08-28,3
25064,25904,3,1,2026-08-28,3
25065,18167,3,1,2026-08-28,3
25066,40584,3,1,2026-08-28,3
25067,5894,3,1,2026-08-28,3
25068,33422,3,1,2026-08-28,3
25069,20666,3,1,2026-08-28,1
25070,9687,3,1,2026-08-28,2
25071,11175,3,1,2026-08-28,1
25072,40727,3,1,2026-08-28,2
25073,22777,3,1,2026-08-28,2
25074,4810,3,1,2026-08-28,4
25075,30309,3,1,2026-08-28,3
25076,26567,3,1,2026-08-28,3
25077,16384,3,1,2026-08-28,3
25078,13663,3,1,2026-08-28,3
25079,47309,3,1,2026-08-28,4
25080,16635,3,1,2026-08-28,3
25081,19555,3,1,2026-08-28,3
25082,11951,3,1,2026-08-28,3
25083,9930,3,1,2026-08-28,3
25084,9433,3,1,2026-08-28,3
25085,22485,3,1,2026-08-28,1
25086,12130,3,1,2026-08-28,1
25087,1722,3,1,2026-08-28,3
25088,19038,3,1,2026-08-28,1
25089,1428,3,1,2026-08-28,3
25090,2711,3,1,2026-08-28,1
25091,47061,3,1,2026-08-28,3
25092,1834,3,1,2026-08-28,3
25093,39534,3,1,2026-08-28,3
25094,24797,3,1,2026-08-28,3
25095,43279,3,1,2026-08-28,2
25096,3371,3,1,2026-08-28,3
25097,44938,3,1,2026-08-28,3
25098,46089,3,1,2026-08-28,3
25099,36565,3,1,2026-08-28,3
25100,7659,3,1,2026-08-28,3
25101,6970,3,1,2026-08-28,4
25102,27602,3,1,2026-08-28,3
25103,43615,3,1,2026-08-28,1
25104,28453,3,1,2026-08-28,3
25105,29351,3,1,2026-08-28,3
25106,3003,3,1,2026-08-28,3
25107,13097,3,1,2026-08-28,1
25108,46674,3,1,2026-08-28,1
25109,49162,3,1,2026-08-28,2
25110,5996,3,1,2026-08-28,1
25111,26991,3,1,2026-08-28,3
25112,27720,3,1,2026-08-28,4
25113,1374,3,1,2026-08-28,3
25114,21811,3,1,2026-08-28,1
25115,40317,3,1,2026-08-28,3
25116,20317,3,1,2026-08-28,3
25117,12737,3,1,2026-08-28,3
25118,18905,3,1,2026-08-28,3
25119,17740,3,1,2026-08-28,1
25120,25827,3,1,2026-08-28,1
25121,34703,3,1,2026-08-28,3
25122,20694,3,1,2026-08-28,3
25123,5877,3,1,2026-08-28,2
25124,1052,3,1,2026-08-28,3
25125,35520,3,1,2026-08-28,3
25126,18205,3,1,2026-08-28,1
25127,25617,3,1,2026-08-28,1
25128,32169,3,1,2026-08-28,3
25129,38077,3,1,2026-08-28,3
25130,26890,3,1,2026-08-28,1
25131,45105,3,1,2026-08-28,3
25132,37648,3,1,2026-08-28,1
25133,2136,3,1,2026-08-28,3
25134,45354,3,1,2026-08-28,3
25135,16859,3,1,2026-08-28,3
25136,44158,3,1,2026-08-28,3
25137,14809,3,1,2026-08-28,1
25138,2774,3,1,2026-08-28,3
25139,17566,3,1,2026-08-28,3
25140,9902,3,1,2026-08-28,2
25141,11259,3,1,2026-08-28,1
25142,33210,3,1,2026-08-28,2
25143,11109,3,1,2026-08-28,1
25144,1842,3,1,2026-08-28,1
25145,5942,3,1,2026-08-28,2
25146,45607,3,1,2026-08-28,2
25147,25480,3,1,2026-08-28,2
25148,48165,3,1,2026-08-28,1
25149,34900,3,1,2026-08-28,3
25150,3908,3,1,2026-08-28,1
25151,25874,3,1,2026-08-28,2
25152,27758,3,1,2026-08-28,3
25153,49142,3,1,2026-08-28,1
25154,3952,3,1,2026-08-28,2
25155,21005,3,1,2026-08-28,1
25156,12161,3,1,2026-08-28,3
25157,19690,3,1,2026-08-28,3
25158,48276,3,1,2026-08-28,3
25159,9571,3,1,2026-08-28,4
25160,14328,3,1,2026-08-28,3
25161,42532,3,1,2026-08-28,3
25162,1204,3,1,2026-08-28,3
25163,8219,3,1,2026-08-28,3
25164,20821,3,1,2026-08-28,3
25165,17068,3,1,2026-08-28,4
25166,22598,3,1,2026-08-28,3
25167,47122,3,1,2026-08-28,3
25168,32817,3,1,2026-08-28,3
25169,5293,3,1,2026-08-28,2
25170,44575,3,1,2026-08-28,3
25171,4325,3,1,2026-08-28,1
25172,41658,3,1,2026-08-28,2
25173,16414,3,1,2026-08-28,1
25174,1700,3,1,2026-08-28,2
25175,20097,3,1,2026-08-28,3
25176,133,3,1,2026-08-28,3
25177,12955,3,1,2026-08-28,2
25178,45835,3,1,2026-08-28,3
25179,43998,3,1,2026-08-28,3
25180,34517,3,1,2026-08-28,3
25181,40031,3,1,2026-08-28,3
25182,15779,3,1,2026-08-28,3
25183,16171,3,1,2026-08-28,2
25184,26251,3,1,2026-08-28,3
25185,12694,3,1,2026-08-28,2
25186,49205,3,1,2026-08-28,3
25187,38542,3,1,2026-08-28,2
25188,33782,3,1,2026-08-28,2
25189,8591,3,1,2026-08-28,3
25190,8809,3,1,2026-08-28,2
25191,11727,3,1,2026-08-28,4
25192,8070,3,1,2026-08-28,3
25193,3796,3,1,2026-08-28,2
25194,29299,3,1,2026-08-28,2
25195,789,3,1,2026-08-28,3
25196,37751,3,1,2026-08-28,3
25197,47672,3,1,2026-08-28,4
25198,35977,3,1,2026-08-28,2
25199,40677,3,1,2026-08-28,2
25200,6866,3,1,2026-08-28,3
25201,9100,3,1,2026-08-28,2
25202,4005,3,1,2026-08-28,3
25203,34963,3,1,2026-08-28,1
25204,28253,3,1,2026-08-28,3
25205,18752,3,1,2026-08-28,3
25206,45778,3,1,2026-08-28,2
25207,21879,3,1,2026-08-28,2
25208,1906,3,1,2026-08-28,3
25209,19798,3,1,2026-08-28,3
25210,42876,3,1,2026-08-28,1
25211,2437,3,1,2026-08-28,3
25212,45341,3,1,2026-08-28,1
25213,7297,3,1,2026-08-28,5
25214,18691,3,1,2026-08-28,3
25215,484,3,1,2026-08-28,5
25216,24690,3,1,2026-08-28,1
25217,41696,3,1,2026-08-28,2
25218,19844,3,1,2026-08-28,2
25219,47793,3,1,2026-08-28,2
25220,23790,3,1,2026-08-28,4
25221,45138,3,1,2026-08-28,3
25222,15457,3,1,2026-08-28,3
25223,5269,3,1,2026-08-28,3
25224,26115,3,1,2026-08-28,2
25225,422,3,1,2026-08-28,2
25226,5994,3,1,2026-08-28,1
25227,14874,3,1,2026-08-28,3
25228,47105,3,1,2026-08-28,3
25229,25217,3,1,2026-08-28,2
25230,32117,3,1,2026-08-28,3
25231,30704,3,1,2026-08-28,2
25232,30186,3,1,2026-08-28,2
25233,46750,3,1,2026-08-28,4
25234,2295,3,1,2026-08-28,2
25235,43194,3,1,2026-08-28,1
25236,22498,3,1,2026-08-28,1
25237,2095,3,1,2026-08-28,2
25238,8716,3,1,2026-08-28,3
25239,30865,3,1,2026-08-28,2
25240,28845,3,1,2026-08-28,3
25241,38176,3,1,2026-08-28,3
25242,5191,3,1,2026-08-28,4
25243,8846,3,1,2026-08-28,3
25244,36311,3,1,2026-08-28,1
25245,15951,3,1,2026-08-28,3
25246,11674,3,1,2026-08-28,3
25247,21672,3,1,2026-08-28,1
25248,21316,3,1,2026-08-28,3
25249,37066,3,1,2026-08-28,2
25250,30949,3,1,2026-08-28,5
25251,6311,3,1,2026-08-28,3
25252,34518,3,1,2026-08-28,1
25253,36233,3,1,2026-08-28,4
25254,32520,3,1,2026-08-28,3
25255,33879,3,1,2026-08-28,1
25256,14733,3,1,2026-08-28,1
25257,3345,3,1,2026-08-28,3
25258,7219,3,2,2026-08-28,2
25259,18047,3,2,2026-08-28,2
25260,16818,3,2,2026-08-28,1
25261,29717,3,2,2026-08-28,2
25262,15318,3,2,2026-08-28,3
25263,41921,3,2,2026-08-28,5
25264,15680,3,2,2026-08-28,3
25265,6996,3,2,2026-08-28,2
25266,5058,3,2,2026-08-28,2
25267,13007,3,2,2026-08-28,3
25268,49694,3,2,2026-08-28,2
25269,603,3,2,2026-08-28,3
25270,2274,3,2,2026-08-28,2
25271,29513,3,2,2026-08-28,3
25272,5549,3,2,2026-08-28,1
25273,20412,3,2,2026-08-28,3
25274,16972,3,2,2026-08-28,1
25275,31723,3,2,2026-08-28,1
25276,21608,3,2,2026-08-28,1
25277,33496,3,2,2026-08-28,2
25278,32998,3,2,2026-08-28,2
25279,17455,3,2,2026-08-28,2
25280,39111,3,2,2026-08-28,3
25281,45987,3,2,2026-08-28,3
25282,26300,3,2,2026-08-28,2
25283,6585,3,2,2026-08-28,2
25284,10348,3,2,2026-08-28,3
25285,17498,3,2,2026-08-28,1
25286,38790,3,2,2026-08-28,3
25287,2245,3,2,2026-08-28,3
25288,43540,3,2,2026-08-28,1
25289,48950,3,2,2026-08-28,2
25290,35031,3,2,2026-08-28,1
25291,32449,3,2,2026-08-28,2
25292,14566,3,2,2026-08-28,3
25293,18694,3,2,2026-08-28,3
25294,37287,3,2,2026-08-28,3
25295,27588,3,2,2026-08-28,2
25296,38885,3,2,2026-08-28,1
25297,16161,3,2,2026-08-28,3
25298,24978,3,2,2026-08-28,4
25299,26457,3,2,2026-08-28,2
25300,48961,3,2,2026-08-28,1
25301,8817,3,2,2026-08-28,3
25302,7276,3,2,2026-08-28,2
25303,40002,3,2,2026-08-28,1
25304,37736,3,2,2026-08-28,3
25305,18508,3,2,2026-08-28,3
25306,23611,3,2,2026-08-28,3
25307,10245,3,2,2026-08-28,3
25308,47319,3,2,2026-08-28,1
25309,965,3,2,2026-08-28,3
25310,34399,3,2,2026-08-28,3
25311,11397,3,2,2026-08-28,3
25312,847,3,2,2026-08-28,3
25313,15464,3,2,2026-08-28,1
25314,37053,3,2,2026-08-28,1
25315,37268,3,2,2026-08-28,3
25316,34339,3,2,2026-08-28,3
25317,40197,3,2,2026-08-28,3
25318,37679,3,2,2026-08-28,1
25319,26912,3,2,2026-08-28,2
25320,15079,3,2,2026-08-28,5
25321,29806,2,1,2026-08-28,3
25322,13840,2,1,2026-08-28,3
25323,3110,2,1,2026-08-28,3
25324,44291,2,1,2026-08-28,3
25325,20439,2,1,2026-08-28,4
25326,43668,2,1,2026-08-28,3
25327,11560,2,1,2026-08-28,4
25328,22129,2,1,2026-08-28,1
25329,38002,2,1,2026-08-28,3
25330,34478,2,1,2026-08-28,4
25331,43203,2,1,2026-08-28,4
25332,49578,2,1,2026-08-28,4
25333,49422,2,1,2026-08-28,3
25334,4058,2,1,2026-08-28,3
25335,4347,2,1,2026-08-28,4
25336,39199,2,1,2026-08-28,3
25337,12963,2,1,2026-08-28,3
25338,32379,2,1,2026-08-28,4
25339,14839,2,1,2026-08-28,3
25340,14928,2,1,2026-08-28,1
25341,19412,2,1,2026-08-28,3
25342,2751,2,1,2026-08-28,3
25343,6820,2,1,2026-08-28,3
25344,37255,2,1,2026-08-28,3
25345,39525,2,1,2026-08-28,2
25346,9584,2,1,2026-08-28,4
25347,36731,2,1,2026-08-28,3
25348,3933,2,1,2026-08-28,4
25349,31759,2,1,2026-08-28,4
25350,16375,2,1,2026-08-28,1
25351,3880,2,1,2026-08-28,4
25352,36215,2,1,2026-08-28,2
25353,44835,2,1,2026-08-28,4
25354,45031,2,1,2026-08-28,5
25355,40722,2,1,2026-08-28,4
25356,13352,2,1,2026-08-28,3
25357,41291,2,1,2026-08-28,3
25358,48850,2,1,2026-08-28,4
25359,33877,2,1,2026-08-28,4
25360,23104,2,1,2026-08-28,3
25361,46875,2,1,2026-08-28,4
25362,3214,2,1,2026-08-28,4
25363,4967,2,1,2026-08-28,4
25364,45498,2,1,2026-08-28,3
25365,15820,2,1,2026-08-28,4
25366,34015,2,1,2026-08-28,3
25367,17642,2,1,2026-08-28,5
25368,42617,2,1,2026-08-28,3
25369,28217,2,1,2026-08-28,4
25370,44367,2,1,2026-08-28,3
25371,22787,2,1,2026-08-28,3
25372,20361,2,1,2026-08-28,4
25373,23446,2,1,2026-08-28,2
25374,23403,2,1,2026-08-28,4
25375,35864,2,1,2026-08-28,4
25376,40947,2,1,2026-08-28,4
25377,5867,2,1,2026-08-28,4
25378,35569,2,1,2026-08-28,3
25379,3217,2,1,2026-08-28,3
25380,25797,2,1,2026-08-28,3
25381,12344,2,1,2026-08-28,2
25382,15077,2,1,2026-08-28,4
25383,31504,2,1,2026-08-28,4
25384,46612,2,1,2026-08-28,4
25385,12932,2,1,2026-08-28,4
25386,6893,2,1,2026-08-28,1
25387,37401,2,1,2026-08-28,3
25388,7735,2,1,2026-08-28,3
25389,23916,2,1,2026-08-28,3
25390,3591,2,1,2026-08-28,5
25391,22475,2,1,2026-08-28,3
25392,29314,2,1,2026-08-28,3
25393,9578,2,1,2026-08-28,4
25394,17651,2,1,2026-08-28,4
25395,11601,2,1,2026-08-28,3
25396,26575,2,1,2026-08-28,3
25397,9317,2,1,2026-08-28,5
25398,16349,2,1,2026-08-28,2
25399,23303,2,1,2026-08-28,1
25400,49068,2,1,2026-08-28,4
25401,29856,2,1,2026-08-28,4
25402,499,2,1,2026-08-28,1
25403,15626,2,1,2026-08-28,3
25404,23869,2,1,2026-08-28,4
25405,47610,2,1,2026-08-28,4
25406,32570,2,1,2026-08-28,3
25407,33572,2,1,2026-08-28,4
25408,10207,2,1,2026-08-28,4
25409,49155,2,1,2026-08-28,3
25410,9066,2,1,2026-08-28,4
25411,29013,2,1,2026-08-28,3
25412,3508,2,1,2026-08-28,3
25413,18314,2,1,2026-08-28,3
25414,22754,2,1,2026-08-28,3
25415,21210,2,1,2026-08-28,4
25416,27680,2,1,2026-08-28,3
25417,23280,2,1,2026-08-28,3
25418,40056,2,1,2026-08-28,3
25419,38936,2,1,2026-08-28,1
25420,26541,2,1,2026-08-28,3
25421,17799,2,1,2026-08-28,4
25422,25315,2,1,2026-08-28,4
25423,39192,2,1,2026-08-28,4
25424,39245,2,1,2026-08-28,3
25425,32991,2,1,2026-08-28,4
25426,8703,2,1,2026-08-28,4
25427,35090,2,1,2026-08-28,3
25428,17369,2,1,2026-08-28,3
25429,16757,2,1,2026-08-28,3
25430,48084,2,1,2026-08-28,5
25431,40754,2,1,2026-08-28,1
25432,39944,2,1,2026-08-28,3
25433,24675,2,1,2026-08-28,3
25434,24620,2,1,2026-08-28,4
25435,2264,2,1,2026-08-28,3
25436,16525,2,1,2026-08-28,2
25437,3973,2,1,2026-08-28,4
25438,19673,2,1,2026-08-28,3
25439,40463,2,1,2026-08-28,4
25440,36087,2,1,2026-08-28,3
25441,38103,2,1,2026-08-28,1
25442,12904,2,1,2026-08-28,3
25443,9810,2,1,2026-08-28,4
25444,35389,2,1,2026-08-28,4
25445,11141,2,1,2026-08-28,3
25446,4377,2,2,2026-08-28,3
25447,40883,2,2,2026-08-28,3
25448,254,2,2,2026-08-28,3
25449,49544,2,2,2026-08-28,3
25450,6992,2,2,2026-08-28,5
25451,381,2,2,2026-08-28,4
25452,7179,2,2,2026-08-28,3
25453,28891,2,2,2026-08-28,3
25454,21802,2,2,2026-08-28,3
25455,15001,2,2,2026-08-28,3
25456,40541,2,2,2026-08-28,4
25457,7194,2,2,2026-08-28,4
25458,42459,2,2,2026-08-28,3
25459,16070,2,2,2026-08-28,1
25460,33732,2,2,2026-08-28,3
25461,13436,2,2,2026-08-28,3
25462,20239,2,2,2026-08-28,4
25463,14167,2,2,2026-08-28,1
25464,25708,2,2,2026-08-28,3
25465,12358,2,2,2026-08-28,4
25466,10028,2,2,2026-08-28,1
25467,28711,2,2,2026-08-28,3
25468,11099,2,2,2026-08-28,4
25469,4410,2,2,2026-08-28,3
25470,33199,2,2,2026-08-28,3
25471,27675,2,2,2026-08-28,4
25472,5089,2,2,2026-08-28,3
25473,15357,2,2,2026-08-28,4
25474,33106,2,2,2026-08-28,1
25475,24994,2,2,2026-08-28,4
25476,43524,2,2,2026-08-28,4
25477,30922,2,2,2026-08-28,1
25478,17580,2,2,2026-08-28,4
25479,10095,2,2,2026-08-28,4
25480,41902,2,2,2026-08-28,4
25481,46270,2,2,2026-08-28,1
25482,5784,2,2,2026-08-28,4
25483,29436,2,2,2026-08-28,3
25484,13804,2,2,2026-08-28,3
25485,14280,2,2,2026-08-28,3
25486,37958,2,2,2026-08-28,4
25487,34594,2,2,2026-08-28,4
25488,11639,2,2,2026-08-28,3
25489,12933,2,2,2026-08-28,3
25490,45474,2,2,2026-08-28,2
25491,13569,2,2,2026-08-28,3
25492,10148,2,2,2026-08-28,4
25493,20416,2,2,2026-08-28,4
25494,47913,2,2,2026-08-28,4
25495,48167,2,2,2026-08-28,4
25496,46667,2,4,2026-08-28,4
25497,28310,2,4,2026-08-28,3
25498,1876,2,4,2026-08-28,4
25499,8732,2,4,2026-08-28,3
25500,34847,2,4,2026-08-28,4
25501,38326,2,4,2026-08-28,4
25502,34206,2,4,2026-08-28,3
25503,47875,2,4,2026-08-28,3
25504,47703,2,4,2026-08-28,3
25505,35493,2,4,2026-08-28,1
25506,37223,2,4,2026-08-28,3
25507,12208,2,4,2026-08-28,3
25508,17759,2,4,2026-08-28,4
25509,2798,2,4,2026-08-28,3
25510,7281,2,4,2026-08-28,3
25511,9560,2,4,2026-08-28,4
25512,12265,2,4,2026-08-28,4
25513,4247,2,4,2026-08-28,3
25514,349,2,4,2026-08-28,4
25515,46323,2,4,2026-08-28,3
25516,37624,2,4,2026-08-28,4
25517,2459,2,4,2026-08-28,3
25518,31758,2,4,2026-08-28,3
25519,14264,2,4,2026-08-28,3
25520,35827,2,4,2026-08-28,4
25521,16967,2,4,2026-08-28,4
25522,22649,2,4,2026-08-28,4
25523,23043,2,4,2026-08-28,1
25524,23662,2,4,2026-08-28,4
25525,28150,2,4,2026-08-28,3
25526,46908,2,4,2026-08-28,4
25527,18658,2,4,2026-08-28,4
25528,26135,2,4,2026-08-28,3
25529,20446,2,4,2026-08-28,3
25530,34377,2,4,2026-08-28,3
25531,28895,2,4,2026-08-28,3
25532,15703,2,4,2026-08-28,3
25533,23393,2,4,2026-08-28,3
25534,43338,2,4,2026-08-28,1
25535,16758,2,4,2026-08-28,4
25536,1621,2,4,2026-08-28,4
25537,18364,2,4,2026-08-28,3
25538,49445,2,4,2026-08-28,4
25539,44014,2,4,2026-08-28,4
25540,22531,2,4,2026-08-28,3
25541,14896,2,4,2026-08-28,3
25542,8621,2,4,2026-08-28,4
25543,35209,2,4,2026-08-28,4
25544,16546,2,4,2026-08-28,4
25545,20011,2,4,2026-08-28,3
25546,23785,2,4,2026-08-28,3
25547,22981,2,4,2026-08-28,3
25548,6365,2,4,2026-08-28,4
25549,28544,2,4,2026-08-28,3
25550,34841,2,4,2026-08-28,3
25551,26532,2,4,2026-08-28,3
25552,37631,2,4,2026-08-28,3
25553,5111,2,4,2026-08-28,1
25554,18574,2,4,2026-08-28,2
25555,16729,2,4,2026-08-28,4
25556,39748,2,4,2026-08-28,4
25557,26643,2,4,2026-08-28,3
25558,5063,2,4,2026-08-28,4
25559,33432,2,4,2026-08-28,3
25560,16234,2,4,2026-08-28,4
25561,20027,2,4,2026-08-28,3
25562,34492,2,4,2026-08-28,4
25563,25545,2,4,2026-08-28,3
25564,7891,2,4,2026-08-28,3
25565,46673,2,4,2026-08-28,4
25566,38570,2,4,2026-08-28,4
25567,40217,2,4,2026-08-28,4
25568,6624,2,4,2026-08-28,4
25569,16174,2,4,2026-08-28,4
25570,24036,2,4,2026-08-28,4
25571,427,1,1,2026-08-31,3
25572,17745,1,1,2026-08-31,4
25573,4956,1,1,2026-08-31,3
25574,22662,1,1,2026-08-31,3
25575,31831,1,1,2026-08-31,3
25576,39704,1,1,2026-08-31,4
25577,12085,1,1,2026-08-31,3
25578,10692,1,1,2026-08-31,3
25579,17392,1,1,2026-08-31,3
25580,8208,1,1,2026-08-31,3
25581,38274,1,1,2026-08-31,3
25582,45389,1,1,2026-08-31,3
25583,46932,1,1,2026-08-31,3
25584,3936,1,1,2026-08-31,1
25585,15731,1,1,2026-08-31,3
25586,47495,1,1,2026-08-31,3
25587,23163,1,1,2026-08-31,3
25588,38177,1,1,2026-08-31,3
25589,8948,1,1,2026-08-31,3
25590,22576,1,1,2026-08-31,3
25591,49207,1,1,2026-08-31,3
25592,44286,1,1,2026-08-31,3
25593,15841,1,1,2026-08-31,3
25594,20147,1,1,2026-08-31,3
25595,47306,1,1,2026-08-31,3
25596,43454,1,1,2026-08-31,3
25597,13512,1,1,2026-08-31,3
25598,15404,1,1,2026-08-31,1
25599,45053,1,1,2026-08-31,3
25600,27956,1,1,2026-08-31,3
25601,10563,1,1,2026-08-31,3
25602,47811,1,1,2026-08-31,3
25603,20817,1,1,2026-08-31,3
25604,4266,1,1,2026-08-31,4
25605,12593,1,1,2026-08-31,3
25606,12929,1,1,2026-08-31,3
25607,45268,1,1,2026-08-31,3
25608,2906,1,1,2026-08-31,3
25609,28688,1,1,2026-08-31,3
25610,24619,1,1,2026-08-31,3
25611,47272,1,1,2026-08-31,3
25612,21309,1,1,2026-08-31,1
25613,18087,1,1,2026-08-31,3
25614,33065,1,1,2026-08-31,3
25615,4315,1,1,2026-08-31,3
25616,603,1,1,2026-08-31,3
25617,17320,1,1,2026-08-31,1
25618,2932,1,1,2026-08-31,3
25619,4077,1,1,2026-08-31,3
25620,9644,1,1,2026-08-31,4
25621,45651,1,1,2026-08-31,3
25622,24810,1,1,2026-08-31,3
25623,20116,1,1,2026-08-31,3
25624,20467,1,1,2026-08-31,3
25625,5794,1,1,2026-08-31,3
25626,1312,1,1,2026-08-31,3
25627,12738,1,1,2026-08-31,3
25628,18410,1,1,2026-08-31,3
25629,15684,1,1,2026-08-31,3
25630,36703,1,1,2026-08-31,3
25631,486,1,1,2026-08-31,1
25632,45641,1,1,2026-08-31,4
25633,16854,1,1,2026-08-31,3
25634,13578,1,1,2026-08-31,3
25635,45150,1,1,2026-08-31,3
25636,7262,1,1,2026-08-31,3
25637,32048,1,1,2026-08-31,3
25638,2884,1,1,2026-08-31,3
25639,31155,1,1,2026-08-31,3
25640,40801,1,1,2026-08-31,3
25641,35886,1,1,2026-08-31,3
25642,30828,1,1,2026-08-31,3
25643,22728,1,1,2026-08-31,3
25644,7306,1,1,2026-08-31,3
25645,39611,1,1,2026-08-31,3
25646,23309,1,1,2026-08-31,3
25647,19583,1,1,2026-08-31,1
25648,35413,1,1,2026-08-31,4
25649,3844,1,1,2026-08-31,4
25650,40628,1,1,2026-08-31,3
25651,12123,1,1,2026-08-31,3
25652,2410,1,1,2026-08-31,3
25653,9806,1,1,2026-08-31,3
25654,33500,1,1,2026-08-31,3
25655,36283,1,1,2026-08-31,3
25656,29484,1,1,2026-08-31,3
25657,44060,1,1,2026-08-31,3
25658,2666,1,1,2026-08-31,3
25659,27580,1,1,2026-08-31,3
25660,12376,1,1,2026-08-31,3
25661,24581,1,1,2026-08-31,3
25662,27811,1,1,2026-08-31,3
25663,20529,1,1,2026-08-31,3
25664,22895,1,1,2026-08-31,1
25665,25287,1,1,2026-08-31,3
25666,46772,1,1,2026-08-31,3
25667,46127,1,1,2026-08-31,3
25668,44676,1,1,2026-08-31,3
25669,2688,1,1,2026-08-31,3
25670,25884,1,1,2026-08-31,3
25671,10545,1,1,2026-08-31,3
25672,32377,1,1,2026-08-31,3
25673,6984,1,1,2026-08-31,3
25674,32136,1,1,2026-08-31,3
25675,1309,1,1,2026-08-31,3
25676,4682,1,1,2026-08-31,3
25677,10000,1,1,2026-08-31,3
25678,28342,1,1,2026-08-31,4
25679,42823,1,1,2026-08-31,3
25680,6053,1,1,2026-08-31,5
25681,13941,1,1,2026-08-31,3
25682,47981,1,1,2026-08-31,3
25683,41290,1,1,2026-08-31,3
25684,9470,1,1,2026-08-31,4
25685,46539,1,1,2026-08-31,3
25686,41551,1,1,2026-08-31,3
25687,15030,1,1,2026-08-31,3
25688,25302,1,1,2026-08-31,3
25689,46180,1,1,2026-08-31,3
25690,1729,1,1,2026-08-31,3
25691,22301,1,1,2026-08-31,3
25692,32188,1,1,2026-08-31,3
25693,5385,1,1,2026-08-31,3
25694,27191,1,1,2026-08-31,3
25695,2425,1,1,2026-08-31,3
25696,22563,1,1,2026-08-31,3
25697,2599,1,1,2026-08-31,3
25698,13615,1,1,2026-08-31,1
25699,24490,1,1,2026-08-31,3
25700,33412,1,1,2026-08-31,3
25701,15918,1,1,2026-08-31,3
25702,32583,1,1,2026-08-31,3
25703,37838,1,1,2026-08-31,3
25704,44138,1,1,2026-08-31,3
25705,17106,1,1,2026-08-31,3
25706,7677,1,1,2026-08-31,3
25707,31467,1,1,2026-08-31,3
25708,36720,1,1,2026-08-31,1
25709,12142,1,1,2026-08-31,3
25710,2775,1,1,2026-08-31,4
25711,37668,1,1,2026-08-31,1
25712,15553,1,1,2026-08-31,3
25713,41474,1,1,2026-08-31,1
25714,11378,1,1,2026-08-31,3
25715,33641,1,1,2026-08-31,3
25716,14165,1,1,2026-08-31,3
25717,28769,1,1,2026-08-31,3
25718,16992,1,1,2026-08-31,3
25719,36204,1,1,2026-08-31,1
25720,17673,1,1,2026-08-31,3
25721,23998,1,1,2026-08-31,3
25722,11118,1,1,2026-08-31,6
25723,19734,1,1,2026-08-31,3
25724,47565,1,1,2026-08-31,3
25725,39807,1,1,2026-08-31,3
25726,20648,1,1,2026-08-31,3
25727,32595,1,1,2026-08-31,4
25728,40017,1,1,2026-08-31,3
25729,45486,1,1,2026-08-31,3
25730,38268,1,1,2026-08-31,3
25731,21283,1,1,2026-08-31,3
25732,30431,1,1,2026-08-31,3
25733,33703,1,1,2026-08-31,3
25734,3581,1,1,2026-08-31,3
25735,28806,1,1,2026-08-31,3
25736,6763,1,1,2026-08-31,3
25737,48973,1,1,2026-08-31,3
25738,2343,1,1,2026-08-31,3
25739,29840,1,1,2026-08-31,3
25740,28094,1,1,2026-08-31,4
25741,39473,1,1,2026-08-31,3
25742,46388,1,1,2026-08-31,3
25743,15078,1,1,2026-08-31,1
25744,11054,1,1,2026-08-31,3
25745,39439,1,1,2026-08-31,3
25746,47859,1,1,2026-08-31,3
25747,34975,1,1,2026-08-31,3
25748,17183,1,1,2026-08-31,3
25749,13547,1,1,2026-08-31,3
25750,46492,1,1,2026-08-31,3
25751,49772,1,1,2026-08-31,3
25752,42379,1,1,2026-08-31,1
25753,35675,1,1,2026-08-31,3
25754,27053,1,1,2026-08-31,4
25755,47991,1,1,2026-08-31,3
25756,40086,1,1,2026-08-31,3
25757,36838,1,1,2026-08-31,6
25758,28592,1,1,2026-08-31,3
25759,47225,1,1,2026-08-31,1
25760,916,1,1,2026-08-31,3
25761,46054,1,1,2026-08-31,5
25762,7002,1,1,2026-08-31,3
25763,46616,1,1,2026-08-31,1
25764,49658,1,1,2026-08-31,3
25765,44652,1,1,2026-08-31,3
25766,29716,1,1,2026-08-31,3
25767,46358,1,1,2026-08-31,3
25768,11912,1,1,2026-08-31,3
25769,40919,1,1,2026-08-31,3
25770,31335,1,1,2026-08-31,3
25771,31078,1,1,2026-08-31,3
25772,4475,1,1,2026-08-31,3
25773,32975,1,1,2026-08-31,3
25774,26605,1,1,2026-08-31,3
25775,37803,1,1,2026-08-31,1
25776,8906,1,1,2026-08-31,3
25777,5878,1,1,2026-08-31,3
25778,3372,1,1,2026-08-31,5
25779,4285,1,1,2026-08-31,3
25780,46565,1,1,2026-08-31,3
25781,323,1,1,2026-08-31,3
25782,5801,1,1,2026-08-31,3
25783,24476,1,1,2026-08-31,3
25784,26080,1,1,2026-08-31,3
25785,2238,1,1,2026-08-31,3
25786,48020,1,1,2026-08-31,4
25787,37167,1,1,2026-08-31,3
25788,5387,1,1,2026-08-31,3
25789,38353,1,1,2026-08-31,4
25790,21085,1,1,2026-08-31,3
25791,27137,1,1,2026-08-31,4
25792,4937,1,1,2026-08-31,3
25793,11183,1,1,2026-08-31,4
25794,35618,1,1,2026-08-31,3
25795,17849,1,1,2026-08-31,3
25796,33012,1,1,2026-08-31,3
25797,46497,1,1,2026-08-31,4
25798,28716,1,1,2026-08-31,4
25799,46715,1,1,2026-08-31,3
25800,8860,1,1,2026-08-31,3
25801,19498,1,1,2026-08-31,3
25802,47527,1,1,2026-08-31,4
25803,35881,1,1,2026-08-31,3
25804,2466,1,1,2026-08-31,3
25805,18698,1,1,2026-08-31,3
25806,3186,1,1,2026-08-31,3
25807,13125,1,1,2026-08-31,3
25808,15146,1,1,2026-08-31,3
25809,2147,1,1,2026-08-31,3
25810,20734,1,1,2026-08-31,3
25811,18303,1,1,2026-08-31,3
25812,13767,1,1,2026-08-31,3
25813,4104,1,1,2026-08-31,3
25814,45927,1,1,2026-08-31,3
25815,11957,1,1,2026-08-31,3
25816,46729,1,1,2026-08-31,3
25817,19055,1,1,2026-08-31,3
25818,11680,1,1,2026-08-31,3
25819,32178,1,1,2026-08-31,3
25820,29675,1,1,2026-08-31,3
25821,44621,1,1,2026-08-31,1
25822,15725,1,1,2026-08-31,3
25823,35024,1,1,2026-08-31,3
25824,10909,1,1,2026-08-31,3
25825,42922,1,1,2026-08-31,3
25826,42697,1,1,2026-08-31,3
25827,14776,1,1,2026-08-31,1
25828,2404,1,1,2026-08-31,3
25829,35937,1,1,2026-08-31,3
25830,37929,1,1,2026-08-31,3
25831,1196,1,1,2026-08-31,1
25832,19691,1,1,2026-08-31,3
25833,35298,1,1,2026-08-31,3
25834,8698,1,1,2026-08-31,3
25835,18913,1,1,2026-08-31,3
25836,33946,1,1,2026-08-31,3
25837,14913,1,1,2026-08-31,3
25838,5273,1,1,2026-08-31,3
25839,30335,1,1,2026-08-31,3
25840,12630,1,1,2026-08-31,3
25841,35048,1,1,2026-08-31,3
25842,46128,1,1,2026-08-31,3
25843,40731,1,1,2026-08-31,3
25844,34995,1,1,2026-08-31,6
25845,44443,1,1,2026-08-31,3
25846,37856,1,1,2026-08-31,1
25847,42137,1,1,2026-08-31,4
25848,42488,1,1,2026-08-31,3
25849,25801,1,1,2026-08-31,3
25850,9217,1,1,2026-08-31,3
25851,7509,1,1,2026-08-31,3
25852,12678,1,1,2026-08-31,3
25853,3386,1,1,2026-08-31,3
25854,22665,1,1,2026-08-31,3
25855,46567,1,1,2026-08-31,3
25856,3206,1,1,2026-08-31,4
25857,16806,1,1,2026-08-31,3
25858,41381,1,1,2026-08-31,3
25859,28000,1,1,2026-08-31,1
25860,16210,1,1,2026-08-31,3
25861,21017,1,1,2026-08-31,3
25862,11846,1,1,2026-08-31,3
25863,35630,1,1,2026-08-31,3
25864,24688,1,1,2026-08-31,3
25865,3444,1,1,2026-08-31,5
25866,17180,1,1,2026-08-31,4
25867,2762,1,1,2026-08-31,3
25868,2905,1,1,2026-08-31,3
25869,2582,1,1,2026-08-31,3
25870,15837,1,1,2026-08-31,3
25871,27383,1,1,2026-08-31,5
25872,42089,1,1,2026-08-31,3
25873,43899,1,1,2026-08-31,3
25874,44591,1,1,2026-08-31,3
25875,33240,1,1,2026-08-31,3
25876,18659,1,1,2026-08-31,1
25877,30644,1,1,2026-08-31,4
25878,3920,1,1,2026-08-31,3
25879,36662,1,1,2026-08-31,3
25880,13009,1,1,2026-08-31,3
25881,16284,1,1,2026-08-31,3
25882,24206,1,1,2026-08-31,3
25883,25758,1,1,2026-08-31,3
25884,1139,1,1,2026-08-31,3
25885,10391,1,1,2026-08-31,3
25886,13187,1,1,2026-08-31,3
25887,26465,1,1,2026-08-31,4
25888,44374,1,1,2026-08-31,3
25889,15885,1,1,2026-08-31,4
25890,26901,1,1,2026-08-31,5
25891,2388,1,1,2026-08-31,3
25892,16218,1,1,2026-08-31,3
25893,21855,1,1,2026-08-31,4
25894,41507,1,1,2026-08-31,3
25895,7808,1,1,2026-08-31,1
25896,3174,1,1,2026-08-31,3
25897,48647,1,1,2026-08-31,3
25898,11239,1,1,2026-08-31,3
25899,12233,1,1,2026-08-31,3
25900,40659,1,1,2026-08-31,3
25901,21086,1,1,2026-08-31,3
25902,28424,1,1,2026-08-31,4
25903,6579,1,1,2026-08-31,3
25904,46867,1,1,2026-08-31,3
25905,15648,1,1,2026-08-31,3
25906,19966,1,1,2026-08-31,1
25907,41883,1,1,2026-08-31,3
25908,43691,1,1,2026-08-31,3
25909,9566,1,1,2026-08-31,3
25910,22117,1,1,2026-08-31,4
25911,21102,1,1,2026-08-31,3
25912,1770,1,1,2026-08-31,3
25913,39271,1,1,2026-08-31,3
25914,40308,1,1,2026-08-31,3
25915,33133,1,1,2026-08-31,3
25916,2748,1,1,2026-08-31,3
25917,30793,1,1,2026-08-31,3
25918,16784,1,1,2026-08-31,3
25919,6864,1,1,2026-08-31,3
25920,8442,1,1,2026-08-31,3
25921,43950,1,1,2026-08-31,3
25922,22434,1,1,2026-08-31,3
25923,34097,1,1,2026-08-31,3
25924,877,1,1,2026-08-31,3
25925,42248,1,1,2026-08-31,3
25926,23138,1,1,2026-08-31,3
25927,5224,1,1,2026-08-31,3
25928,40402,1,1,2026-08-31,3
25929,37530,1,1,2026-08-31,3
25930,7641,1,1,2026-08-31,3
25931,43395,1,1,2026-08-31,4
25932,48135,1,1,2026-08-31,3
25933,38462,1,1,2026-08-31,3
25934,41008,1,1,2026-08-31,3
25935,20200,1,1,2026-08-31,3
25936,31470,1,1,2026-08-31,3
25937,34125,1,1,2026-08-31,3
25938,37114,1,1,2026-08-31,3
25939,47969,1,1,2026-08-31,3
25940,3616,1,1,2026-08-31,4
25941,36544,1,1,2026-08-31,3
25942,28809,1,1,2026-08-31,3
25943,10906,1,1,2026-08-31,3
25944,46854,1,1,2026-08-31,1
25945,27621,1,1,2026-08-31,3
25946,32342,1,1,2026-08-31,3
25947,4167,1,1,2026-08-31,3
25948,32160,1,1,2026-08-31,3
25949,29599,1,1,2026-08-31,3
25950,44173,1,1,2026-08-31,3
25951,29988,1,1,2026-08-31,3
25952,2976,1,1,2026-08-31,1
25953,20574,1,1,2026-08-31,3
25954,3666,1,1,2026-08-31,4
25955,41632,1,1,2026-08-31,4
25956,13739,1,1,2026-08-31,3
25957,32277,1,1,2026-08-31,1
25958,39480,1,1,2026-08-31,3
25959,27574,1,1,2026-08-31,3
25960,7438,1,1,2026-08-31,3
25961,44162,1,1,2026-08-31,3
25962,37790,1,1,2026-08-31,3
25963,16317,1,1,2026-08-31,3
25964,12018,1,1,2026-08-31,3
25965,25877,1,1,2026-08-31,3
25966,42984,1,1,2026-08-31,1
25967,7350,1,1,2026-08-31,3
25968,47830,1,1,2026-08-31,3
25969,43128,1,1,2026-08-31,3
25970,41759,1,1,2026-08-31,3
25971,44349,1,1,2026-08-31,3
25972,36528,1,1,2026-08-31,3
25973,42451,1,1,2026-08-31,3
25974,19150,1,1,2026-08-31,3
25975,22951,1,1,2026-08-31,3
25976,19277,1,1,2026-08-31,4
25977,11427,1,1,2026-08-31,3
25978,17833,1,1,2026-08-31,3
25979,17960,1,1,2026-08-31,3
25980,35953,1,1,2026-08-31,3
25981,47851,1,1,2026-08-31,3
25982,47848,1,1,2026-08-31,3
25983,37796,1,1,2026-08-31,1
25984,42404,1,1,2026-08-31,3
25985,8565,1,1,2026-08-31,3
25986,40922,1,1,2026-08-31,3
25987,35311,1,1,2026-08-31,3
25988,27056,1,1,2026-08-31,3
25989,39059,1,1,2026-08-31,3
25990,48013,1,1,2026-08-31,3
25991,46075,1,1,2026-08-31,3
25992,14398,1,1,2026-08-31,3
25993,49695,1,1,2026-08-31,3
25994,43312,1,1,2026-08-31,3
25995,33174,1,1,2026-08-31,6
25996,3556,1,1,2026-08-31,1
25997,21723,1,1,2026-08-31,3
25998,48265,1,1,2026-08-31,3
25999,4302,1,1,2026-08-31,3
26000,10461,1,1,2026-08-31,3
26001,11385,1,1,2026-08-31,3
26002,28432,1,1,2026-08-31,3
26003,27693,1,1,2026-08-31,3
26004,18656,1,1,2026-08-31,3
26005,11060,1,1,2026-08-31,3
26006,27406,1,1,2026-08-31,3
26007,9561,1,1,2026-08-31,3
26008,43648,1,1,2026-08-31,3
26009,46006,1,1,2026-08-31,4
26010,10997,1,1,2026-08-31,3
26011,35942,1,1,2026-08-31,3
26012,13218,1,1,2026-08-31,3
26013,10782,1,1,2026-08-31,1
26014,40454,1,1,2026-08-31,3
26015,31560,1,1,2026-08-31,4
26016,8956,1,1,2026-08-31,3
26017,14103,1,1,2026-08-31,3
26018,397,1,1,2026-08-31,3
26019,46936,1,1,2026-08-31,1
26020,40761,1,1,2026-08-31,1
26021,8025,1,1,2026-08-31,3
26022,45482,1,1,2026-08-31,1
26023,714,1,1,2026-08-31,3
26024,45043,1,1,2026-08-31,3
26025,41202,1,1,2026-08-31,3
26026,32139,1,1,2026-08-31,3
26027,10332,1,1,2026-08-31,3
26028,44112,1,1,2026-08-31,3
26029,16996,1,1,2026-08-31,3
26030,49290,1,1,2026-08-31,3
26031,27640,1,1,2026-08-31,4
26032,35825,1,1,2026-08-31,3
26033,561,1,1,2026-08-31,1
26034,36979,1,1,2026-08-31,3
26035,7721,1,1,2026-08-31,3
26036,8952,1,1,2026-08-31,1
26037,14136,1,1,2026-08-31,3
26038,30590,1,1,2026-08-31,3
26039,33124,1,1,2026-08-31,3
26040,32918,1,1,2026-08-31,3
26041,35565,1,1,2026-08-31,3
26042,8884,1,1,2026-08-31,3
26043,41999,1,1,2026-08-31,3
26044,34426,1,1,2026-08-31,3
26045,39302,1,1,2026-08-31,3
26046,47834,1,1,2026-08-31,5
26047,26290,1,1,2026-08-31,3
26048,48677,1,1,2026-08-31,3
26049,15202,1,1,2026-08-31,3
26050,44053,1,1,2026-08-31,1
26051,25092,1,1,2026-08-31,3
26052,42563,1,1,2026-08-31,3
26053,10452,1,1,2026-08-31,3
26054,39373,1,1,2026-08-31,3
26055,12282,1,1,2026-08-31,3
26056,33226,1,1,2026-08-31,3
26057,24955,1,1,2026-08-31,4
26058,38832,1,1,2026-08-31,3
26059,39124,1,1,2026-08-31,3
26060,41510,1,1,2026-08-31,3
26061,14388,1,1,2026-08-31,3
26062,33132,1,1,2026-08-31,3
26063,24991,1,1,2026-08-31,3
26064,21490,1,1,2026-08-31,3
26065,43223,1,1,2026-08-31,3
26066,32212,1,1,2026-08-31,5
26067,40165,1,1,2026-08-31,3
26068,15905,1,1,2026-08-31,1
26069,23140,1,1,2026-08-31,3
26070,34059,1,1,2026-08-31,4
26071,31862,1,1,2026-08-31,3
26072,41236,1,1,2026-08-31,1
26073,43725,1,1,2026-08-31,3
26074,2465,1,1,2026-08-31,3
26075,47390,1,1,2026-08-31,3
26076,17109,1,1,2026-08-31,3
26077,23068,1,1,2026-08-31,3
26078,19374,1,1,2026-08-31,3
26079,36908,1,1,2026-08-31,1
26080,1058,1,1,2026-08-31,3
26081,47722,1,1,2026-08-31,3
26082,5171,1,1,2026-08-31,3
26083,30908,1,1,2026-08-31,3
26084,23859,1,1,2026-08-31,1
26085,14419,1,1,2026-08-31,4
26086,46408,1,1,2026-08-31,3
26087,21032,1,1,2026-08-31,3
26088,13174,1,1,2026-08-31,3
26089,47744,1,1,2026-08-31,3
26090,10716,1,1,2026-08-31,3
26091,48358,1,1,2026-08-31,3
26092,38065,1,1,2026-08-31,3
26093,24880,1,1,2026-08-31,1
26094,36225,1,1,2026-08-31,3
26095,17451,1,1,2026-08-31,3
26096,49046,1,1,2026-08-31,3
26097,34903,1,1,2026-08-31,3
26098,37280,1,1,2026-08-31,1
26099,40037,1,1,2026-08-31,1
26100,49472,1,1,2026-08-31,3
26101,34034,1,1,2026-08-31,3
26102,28317,1,1,2026-08-31,3
26103,12460,1,1,2026-08-31,1
26104,17693,1,1,2026-08-31,3
26105,550,1,1,2026-08-31,3
26106,21469,1,1,2026-08-31,4
26107,2448,1,1,2026-08-31,3
26108,13453,1,1,2026-08-31,3
26109,615,1,1,2026-08-31,3
26110,47923,1,1,2026-08-31,3
26111,33410,1,1,2026-08-31,3
26112,8536,1,1,2026-08-31,3
26113,7052,1,1,2026-08-31,3
26114,45391,1,1,2026-08-31,3
26115,43035,1,1,2026-08-31,1
26116,13735,1,1,2026-08-31,1
26117,42695,1,1,2026-08-31,3
26118,12054,1,1,2026-08-31,3
26119,21992,1,1,2026-08-31,4
26120,46357,1,1,2026-08-31,3
26121,31106,1,1,2026-08-31,1
26122,38616,1,1,2026-08-31,3
26123,45926,1,1,2026-08-31,3
26124,23819,1,1,2026-08-31,3
26125,3798,1,1,2026-08-31,3
26126,37857,1,1,2026-08-31,3
26127,40596,1,1,2026-08-31,3
26128,31534,1,1,2026-08-31,3
26129,25560,1,1,2026-08-31,3
26130,14440,1,1,2026-08-31,3
26131,24252,1,1,2026-08-31,3
26132,2328,1,1,2026-08-31,3
26133,17689,1,1,2026-08-31,3
26134,32582,1,1,2026-08-31,3
26135,23015,1,1,2026-08-31,3
26136,21643,1,1,2026-08-31,3
26137,4361,1,1,2026-08-31,3
26138,29318,1,1,2026-08-31,3
26139,11997,1,1,2026-08-31,3
26140,45297,1,1,2026-08-31,3
26141,8394,1,1,2026-08-31,3
26142,11931,1,1,2026-08-31,3
26143,13544,1,1,2026-08-31,3
26144,38853,1,1,2026-08-31,3
26145,34899,1,1,2026-08-31,3
26146,2921,1,1,2026-08-31,4
26147,19999,1,1,2026-08-31,1
26148,24953,1,1,2026-08-31,1
26149,6517,1,1,2026-08-31,3
26150,459,1,1,2026-08-31,3
26151,21841,1,1,2026-08-31,3
26152,8057,1,1,2026-08-31,3
26153,42156,1,1,2026-08-31,3
26154,4442,1,1,2026-08-31,3
26155,12386,1,1,2026-08-31,3
26156,37373,1,1,2026-08-31,3
26157,31077,1,1,2026-08-31,3
26158,12414,1,1,2026-08-31,3
26159,4594,1,1,2026-08-31,3
26160,49618,1,1,2026-08-31,3
26161,43856,1,1,2026-08-31,3
26162,47199,1,1,2026-08-31,3
26163,43761,1,1,2026-08-31,3
26164,2043,1,1,2026-08-31,3
26165,26238,1,1,2026-08-31,3
26166,7390,1,1,2026-08-31,3
26167,2590,1,1,2026-08-31,3
26168,38510,1,1,2026-08-31,3
26169,4481,1,1,2026-08-31,4
26170,22605,1,1,2026-08-31,3
26171,1114,1,1,2026-08-31,4
26172,10673,1,1,2026-08-31,3
26173,40033,1,1,2026-08-31,3
26174,4735,1,1,2026-08-31,3
26175,16723,1,1,2026-08-31,3
26176,42540,1,1,2026-08-31,4
26177,6306,1,1,2026-08-31,3
26178,41105,1,1,2026-08-31,3
26179,19250,1,1,2026-08-31,3
26180,11182,1,1,2026-08-31,3
26181,43547,1,1,2026-08-31,3
26182,25791,1,1,2026-08-31,3
26183,31842,1,1,2026-08-31,3
26184,44459,1,1,2026-08-31,3
26185,40460,1,1,2026-08-31,3
26186,47204,1,1,2026-08-31,4
26187,27887,1,1,2026-08-31,3
26188,39890,1,1,2026-08-31,1
26189,25618,1,1,2026-08-31,3
26190,1084,1,1,2026-08-31,4
26191,49654,1,1,2026-08-31,1
26192,16868,1,1,2026-08-31,4
26193,30229,1,1,2026-08-31,4
26194,17025,1,1,2026-08-31,3
26195,41392,1,1,2026-08-31,1
26196,27521,3,1,2026-08-31,2
26197,17053,3,1,2026-08-31,2
26198,24700,3,1,2026-08-31,2
26199,48444,3,1,2026-08-31,1
26200,16666,3,1,2026-08-31,3
26201,7868,3,1,2026-08-31,4
26202,47699,3,1,2026-08-31,3
26203,24527,3,1,2026-08-31,2
26204,16988,3,1,2026-08-31,2
26205,26739,3,1,2026-08-31,3
26206,12518,3,1,2026-08-31,1
26207,33366,3,1,2026-08-31,3
26208,39616,3,1,2026-08-31,1
26209,21321,3,1,2026-08-31,2
26210,22132,3,1,2026-08-31,1
26211,19197,3,1,2026-08-31,2
26212,19802,3,1,2026-08-31,3
26213,1445,3,1,2026-08-31,2
26214,15550,3,1,2026-08-31,3
26215,28855,3,1,2026-08-31,1
26216,12051,3,1,2026-08-31,2
26217,18337,3,1,2026-08-31,2
26218,2809,3,1,2026-08-31,1
26219,24939,3,1,2026-08-31,1
26220,3924,3,1,2026-08-31,1
26221,19771,3,1,2026-08-31,1
26222,32713,3,1,2026-08-31,2
26223,9477,3,1,2026-08-31,3
26224,22681,3,1,2026-08-31,3
26225,20717,3,1,2026-08-31,2
26226,9665,3,1,2026-08-31,4
26227,11974,3,1,2026-08-31,2
26228,33166,3,1,2026-08-31,1
26229,48126,3,1,2026-08-31,3
26230,35301,3,1,2026-08-31,3
26231,24516,3,1,2026-08-31,1
26232,32628,3,1,2026-08-31,2
26233,16818,3,1,2026-08-31,3
26234,48696,3,1,2026-08-31,3
26235,43672,3,1,2026-08-31,3
26236,45665,3,1,2026-08-31,3
26237,23815,3,1,2026-08-31,1
26238,2166,3,1,2026-08-31,4
26239,30382,3,1,2026-08-31,4
26240,35578,3,1,2026-08-31,1
26241,35305,3,1,2026-08-31,3
26242,21498,3,1,2026-08-31,1
26243,32329,3,1,2026-08-31,2
26244,5470,3,1,2026-08-31,1
26245,501,3,1,2026-08-31,2
26246,38302,3,1,2026-08-31,1
26247,34430,3,1,2026-08-31,2
26248,23730,3,1,2026-08-31,1
26249,46610,3,1,2026-08-31,2
26250,34660,3,1,2026-08-31,2
26251,17845,3,1,2026-08-31,2
26252,7485,3,1,2026-08-31,2
26253,20894,3,1,2026-08-31,2
26254,16707,3,1,2026-08-31,4
26255,16732,3,1,2026-08-31,2
26256,19521,3,1,2026-08-31,3
26257,46786,3,1,2026-08-31,1
26258,8044,3,1,2026-08-31,2
26259,26484,3,1,2026-08-31,3
26260,28399,3,1,2026-08-31,3
26261,19576,3,1,2026-08-31,3
26262,39413,3,1,2026-08-31,1
26263,20146,3,1,2026-08-31,3
26264,28539,3,1,2026-08-31,2
26265,4324,3,1,2026-08-31,3
26266,42828,3,1,2026-08-31,2
26267,22679,3,1,2026-08-31,3
26268,23942,3,1,2026-08-31,3
26269,23883,3,1,2026-08-31,3
26270,30575,3,1,2026-08-31,3
26271,26741,3,1,2026-08-31,3
26272,22525,3,1,2026-08-31,3
26273,15815,3,1,2026-08-31,3
26274,20513,3,1,2026-08-31,2
26275,26968,3,1,2026-08-31,3
26276,42594,3,1,2026-08-31,2
26277,47049,3,1,2026-08-31,2
26278,49928,3,1,2026-08-31,3
26279,46629,3,1,2026-08-31,3
26280,27108,3,1,2026-08-31,2
26281,6941,3,1,2026-08-31,4
26282,747,3,1,2026-08-31,1
26283,44364,3,1,2026-08-31,4
26284,22844,3,1,2026-08-31,3
26285,4421,3,1,2026-08-31,2
26286,44373,3,1,2026-08-31,1
26287,4158,3,1,2026-08-31,3
26288,24908,3,1,2026-08-31,1
26289,25525,3,1,2026-08-31,3
26290,10686,3,1,2026-08-31,3
26291,7809,3,1,2026-08-31,3
26292,33550,3,1,2026-08-31,1
26293,20576,3,1,2026-08-31,1
26294,22378,3,1,2026-08-31,1
26295,4671,3,1,2026-08-31,1
26296,4449,3,1,2026-08-31,3
26297,44000,3,1,2026-08-31,1
26298,33315,3,1,2026-08-31,1
26299,4233,3,1,2026-08-31,2
26300,42463,3,1,2026-08-31,1
26301,26559,3,1,2026-08-31,1
26302,33777,3,1,2026-08-31,3
26303,47698,3,1,2026-08-31,2
26304,39547,3,1,2026-08-31,3
26305,17308,3,1,2026-08-31,3
26306,29865,3,1,2026-08-31,1
26307,5118,3,1,2026-08-31,2
26308,35949,3,1,2026-08-31,3
26309,7027,3,1,2026-08-31,3
26310,23972,3,1,2026-08-31,3
26311,294,3,1,2026-08-31,3
26312,622,3,1,2026-08-31,3
26313,28766,3,1,2026-08-31,2
26314,38530,3,1,2026-08-31,3
26315,41722,3,1,2026-08-31,2
26316,15610,3,1,2026-08-31,4
26317,5850,3,1,2026-08-31,3
26318,29718,3,1,2026-08-31,2
26319,36516,3,1,2026-08-31,4
26320,6505,3,1,2026-08-31,3
26321,26936,3,1,2026-08-31,3
26322,17894,3,1,2026-08-31,2
26323,29576,3,1,2026-08-31,3
26324,9371,3,1,2026-08-31,2
26325,21033,3,1,2026-08-31,3
26326,32852,3,1,2026-08-31,3
26327,3069,3,1,2026-08-31,2
26328,26920,3,1,2026-08-31,3
26329,44452,3,1,2026-08-31,3
26330,10447,3,1,2026-08-31,1
26331,27662,3,1,2026-08-31,3
26332,38458,3,1,2026-08-31,3
26333,23610,3,1,2026-08-31,1
26334,45659,3,1,2026-08-31,2
26335,14389,3,1,2026-08-31,1
26336,43647,3,1,2026-08-31,5
26337,12218,3,1,2026-08-31,3
26338,12231,3,1,2026-08-31,1
26339,20369,3,1,2026-08-31,3
26340,38377,3,1,2026-08-31,3
26341,42444,3,1,2026-08-31,3
26342,1806,3,1,2026-08-31,3
26343,48400,3,1,2026-08-31,4
26344,44277,3,1,2026-08-31,4
26345,8960,3,1,2026-08-31,3
26346,48417,3,1,2026-08-31,3
26347,27942,3,1,2026-08-31,2
26348,11815,3,1,2026-08-31,3
26349,34148,3,1,2026-08-31,3
26350,37032,3,1,2026-08-31,1
26351,46816,3,1,2026-08-31,1
26352,9461,3,1,2026-08-31,3
26353,48535,3,1,2026-08-31,3
26354,4911,3,1,2026-08-31,3
26355,41126,3,1,2026-08-31,3
26356,6584,3,1,2026-08-31,3
26357,24684,3,1,2026-08-31,4
26358,28545,3,1,2026-08-31,1
26359,1427,3,1,2026-08-31,4
26360,16216,3,1,2026-08-31,2
26361,751,3,1,2026-08-31,1
26362,18504,3,1,2026-08-31,2
26363,15961,3,1,2026-08-31,3
26364,11023,3,1,2026-08-31,3
26365,1921,3,1,2026-08-31,3
26366,19974,3,1,2026-08-31,3
26367,31713,3,1,2026-08-31,3
26368,32151,3,1,2026-08-31,2
26369,7314,3,1,2026-08-31,3
26370,26360,3,1,2026-08-31,3
26371,40446,3,1,2026-08-31,3
26372,1063,3,1,2026-08-31,1
26373,45123,3,1,2026-08-31,1
26374,7849,3,1,2026-08-31,4
26375,46587,3,1,2026-08-31,3
26376,49850,3,1,2026-08-31,4
26377,44185,3,1,2026-08-31,3
26378,30360,3,1,2026-08-31,2
26379,34353,3,1,2026-08-31,3
26380,22029,3,1,2026-08-31,3
26381,5567,3,1,2026-08-31,1
26382,691,3,1,2026-08-31,3
26383,42656,3,1,2026-08-31,4
26384,29407,3,1,2026-08-31,1
26385,20891,3,1,2026-08-31,1
26386,45084,3,1,2026-08-31,2
26387,13878,3,1,2026-08-31,1
26388,11480,3,1,2026-08-31,3
26389,38384,3,1,2026-08-31,3
26390,29724,3,1,2026-08-31,2
26391,13414,3,1,2026-08-31,2
26392,9801,3,1,2026-08-31,2
26393,44391,3,1,2026-08-31,3
26394,26918,3,1,2026-08-31,3
26395,34727,3,1,2026-08-31,3
26396,42703,3,1,2026-08-31,3
26397,12372,3,1,2026-08-31,3
26398,4209,3,1,2026-08-31,1
26399,36905,3,1,2026-08-31,3
26400,49238,3,1,2026-08-31,3
26401,4227,3,1,2026-08-31,1
26402,18960,3,1,2026-08-31,1
26403,26023,3,1,2026-08-31,3
26404,47076,3,1,2026-08-31,3
26405,12642,3,1,2026-08-31,2
26406,44796,3,1,2026-08-31,3
26407,29263,3,1,2026-08-31,3
26408,28808,3,1,2026-08-31,1
26409,28913,3,1,2026-08-31,1
26410,38081,3,1,2026-08-31,2
26411,452,3,1,2026-08-31,3
26412,26601,3,1,2026-08-31,1
26413,4074,3,1,2026-08-31,3
26414,28781,3,1,2026-08-31,2
26415,38450,3,1,2026-08-31,3
26416,34784,3,1,2026-08-31,3
26417,19030,3,1,2026-08-31,1
26418,38332,3,1,2026-08-31,3
26419,36664,3,1,2026-08-31,3
26420,9321,3,1,2026-08-31,1
26421,19210,3,1,2026-08-31,2
26422,37481,3,1,2026-08-31,3
26423,7366,3,1,2026-08-31,3
26424,6639,3,1,2026-08-31,2
26425,37752,3,1,2026-08-31,3
26426,34030,3,1,2026-08-31,3
26427,3238,3,1,2026-08-31,2
26428,35335,3,1,2026-08-31,4
26429,4927,3,1,2026-08-31,4
26430,7508,3,1,2026-08-31,3
26431,28924,3,1,2026-08-31,3
26432,48266,3,1,2026-08-31,3
26433,1930,3,1,2026-08-31,3
26434,21335,3,1,2026-08-31,3
26435,33106,3,1,2026-08-31,3
26436,3640,3,1,2026-08-31,3
26437,27448,3,1,2026-08-31,3
26438,43917,3,1,2026-08-31,3
26439,17027,3,1,2026-08-31,5
26440,2536,3,1,2026-08-31,3
26441,31059,3,1,2026-08-31,3
26442,11694,3,1,2026-08-31,2
26443,39517,3,1,2026-08-31,5
26444,41054,3,1,2026-08-31,2
26445,6233,3,1,2026-08-31,3
26446,15580,3,1,2026-08-31,2
26447,44477,3,1,2026-08-31,2
26448,31830,3,1,2026-08-31,3
26449,34499,3,1,2026-08-31,2
26450,46589,3,1,2026-08-31,3
26451,26696,3,1,2026-08-31,3
26452,10635,3,1,2026-08-31,3
26453,43455,3,1,2026-08-31,4
26454,213,3,1,2026-08-31,3
26455,7299,3,1,2026-08-31,3
26456,7205,3,1,2026-08-31,1
26457,1953,3,1,2026-08-31,2
26458,7015,3,1,2026-08-31,3
26459,24335,3,1,2026-08-31,2
26460,17124,3,1,2026-08-31,3
26461,35809,3,1,2026-08-31,1
26462,32581,3,1,2026-08-31,2
26463,27347,3,1,2026-08-31,3
26464,14353,3,1,2026-08-31,3
26465,14443,3,1,2026-08-31,3
26466,2743,3,1,2026-08-31,3
26467,17774,3,1,2026-08-31,3
26468,20790,3,1,2026-08-31,1
26469,32167,3,1,2026-08-31,1
26470,4145,3,1,2026-08-31,2
26471,11662,3,1,2026-08-31,4
26472,25320,3,1,2026-08-31,2
26473,4787,3,1,2026-08-31,3
26474,42042,3,1,2026-08-31,1
26475,17598,3,1,2026-08-31,2
26476,27171,3,1,2026-08-31,2
26477,26326,3,1,2026-08-31,1
26478,21657,3,1,2026-08-31,4
26479,3337,3,1,2026-08-31,1
26480,14114,3,1,2026-08-31,3
26481,8242,3,1,2026-08-31,3
26482,44107,3,1,2026-08-31,3
26483,38104,3,1,2026-08-31,3
26484,25005,3,1,2026-08-31,2
26485,3673,3,1,2026-08-31,4
26486,13537,3,1,2026-08-31,2
26487,25613,3,1,2026-08-31,1
26488,18011,3,1,2026-08-31,3
26489,4796,3,1,2026-08-31,3
26490,47351,3,1,2026-08-31,3
26491,47768,3,1,2026-08-31,2
26492,7579,3,1,2026-08-31,5
26493,10722,3,1,2026-08-31,3
26494,42159,3,1,2026-08-31,3
26495,4874,3,1,2026-08-31,2
26496,25690,3,1,2026-08-31,3
26497,6478,3,1,2026-08-31,1
26498,9080,3,1,2026-08-31,2
26499,38966,3,1,2026-08-31,2
26500,25843,3,1,2026-08-31,2
26501,2301,3,1,2026-08-31,3
26502,12165,3,1,2026-08-31,2
26503,8197,3,1,2026-08-31,3
26504,10552,3,1,2026-08-31,1
26505,6407,3,1,2026-08-31,2
26506,35014,3,1,2026-08-31,1
26507,47397,3,1,2026-08-31,3
26508,13261,3,1,2026-08-31,2
26509,37783,3,2,2026-08-31,3
26510,44044,3,2,2026-08-31,3
26511,8128,3,2,2026-08-31,4
26512,7778,3,2,2026-08-31,4
26513,7949,3,2,2026-08-31,3
26514,24681,3,2,2026-08-31,3
26515,17428,3,2,2026-08-31,2
26516,2277,3,2,2026-08-31,3
26517,42687,3,2,2026-08-31,2
26518,41157,3,2,2026-08-31,3
26519,1997,3,2,2026-08-31,2
26520,15225,3,2,2026-08-31,2
26521,5986,3,2,2026-08-31,3
26522,2298,3,2,2026-08-31,1
26523,45907,3,2,2026-08-31,2
26524,31428,3,2,2026-08-31,3
26525,31872,3,2,2026-08-31,1
26526,12853,3,2,2026-08-31,3
26527,14675,3,2,2026-08-31,5
26528,17743,3,2,2026-08-31,3
26529,2066,3,2,2026-08-31,2
26530,34750,3,2,2026-08-31,3
26531,48721,3,2,2026-08-31,2
26532,26012,3,2,2026-08-31,2
26533,9416,3,2,2026-08-31,1
26534,28222,3,2,2026-08-31,1
26535,11207,3,2,2026-08-31,3
26536,25779,3,2,2026-08-31,4
26537,25887,3,2,2026-08-31,2
26538,4948,3,2,2026-08-31,2
26539,21935,3,2,2026-08-31,2
26540,46390,3,2,2026-08-31,3
26541,28530,3,2,2026-08-31,1
26542,6512,3,2,2026-08-31,2
26543,29193,3,2,2026-08-31,3
26544,14722,3,2,2026-08-31,1
26545,42398,3,2,2026-08-31,1
26546,19621,3,2,2026-08-31,1
26547,41118,3,2,2026-08-31,3
26548,40657,3,2,2026-08-31,2
26549,7829,3,2,2026-08-31,1
26550,16230,3,2,2026-08-31,1
26551,12910,3,2,2026-08-31,2
26552,32271,3,2,2026-08-31,3
26553,42193,3,2,2026-08-31,1
26554,49978,3,2,2026-08-31,2
26555,40600,3,2,2026-08-31,3
26556,13991,3,2,2026-08-31,3
26557,30983,3,2,2026-08-31,2
26558,45410,3,2,2026-08-31,4
26559,39599,3,2,2026-08-31,2
26560,33934,3,2,2026-08-31,1
26561,26534,3,2,2026-08-31,4
26562,14711,3,2,2026-08-31,2
26563,9540,3,2,2026-08-31,3
26564,2555,3,2,2026-08-31,4
26565,38247,3,2,2026-08-31,3
26566,33615,3,2,2026-08-31,3
26567,7831,3,2,2026-08-31,2
26568,22060,3,2,2026-08-31,1
26569,48473,3,2,2026-08-31,2
26570,13157,3,2,2026-08-31,2
26571,158,3,2,2026-08-31,2
26572,11651,2,1,2026-08-31,4
26573,40549,2,1,2026-08-31,3
26574,6886,2,1,2026-08-31,4
26575,33310,2,1,2026-08-31,4
26576,24145,2,1,2026-08-31,4
26577,31937,2,1,2026-08-31,3
26578,15569,2,1,2026-08-31,4
26579,36122,2,1,2026-08-31,4
26580,38903,2,1,2026-08-31,3
26581,10060,2,1,2026-08-31,3
26582,48643,2,1,2026-08-31,3
26583,45127,2,1,2026-08-31,3
26584,45228,2,1,2026-08-31,3
26585,12705,2,1,2026-08-31,4
26586,40644,2,1,2026-08-31,3
26587,49595,2,1,2026-08-31,3
26588,22176,2,1,2026-08-31,1
26589,416,2,1,2026-08-31,3
26590,4173,2,1,2026-08-31,3
26591,45570,2,1,2026-08-31,3
26592,19471,2,1,2026-08-31,3
26593,26487,2,1,2026-08-31,3
26594,20974,2,1,2026-08-31,2
26595,41732,2,1,2026-08-31,3
26596,17193,2,1,2026-08-31,3
26597,7070,2,1,2026-08-31,3
26598,17956,2,1,2026-08-31,1
26599,14671,2,1,2026-08-31,2
26600,38225,2,1,2026-08-31,1
26601,36112,2,1,2026-08-31,3
26602,26174,2,1,2026-08-31,4
26603,7316,2,1,2026-08-31,4
26604,11755,2,1,2026-08-31,5
26605,15045,2,1,2026-08-31,3
26606,13417,2,1,2026-08-31,4
26607,49592,2,1,2026-08-31,1
26608,5421,2,1,2026-08-31,3
26609,48000,2,1,2026-08-31,4
26610,27193,2,1,2026-08-31,3
26611,47361,2,1,2026-08-31,6
26612,24837,2,1,2026-08-31,3
26613,33556,2,1,2026-08-31,2
26614,18512,2,1,2026-08-31,6
26615,31889,2,1,2026-08-31,4
26616,12912,2,1,2026-08-31,4
26617,1215,2,1,2026-08-31,4
26618,7904,2,1,2026-08-31,3
26619,1508,2,1,2026-08-31,3
26620,20923,2,1,2026-08-31,3
26621,1662,2,1,2026-08-31,6
26622,14609,2,1,2026-08-31,2
26623,16507,2,1,2026-08-31,3
26624,34136,2,1,2026-08-31,3
26625,11119,2,1,2026-08-31,3
26626,36883,2,1,2026-08-31,2
26627,16017,2,1,2026-08-31,3
26628,44584,2,1,2026-08-31,4
26629,18514,2,1,2026-08-31,3
26630,23310,2,1,2026-08-31,3
26631,3637,2,1,2026-08-31,3
26632,26742,2,1,2026-08-31,2
26633,5022,2,1,2026-08-31,4
26634,19557,2,1,2026-08-31,4
26635,38056,2,1,2026-08-31,3
26636,13727,2,1,2026-08-31,2
26637,4733,2,1,2026-08-31,3
26638,38837,2,1,2026-08-31,1
26639,27526,2,1,2026-08-31,3
26640,43196,2,1,2026-08-31,4
26641,32172,2,1,2026-08-31,4
26642,48995,2,1,2026-08-31,3
26643,36748,2,1,2026-08-31,5
26644,8136,2,1,2026-08-31,4
26645,6600,2,1,2026-08-31,4
26646,26713,2,1,2026-08-31,4
26647,22729,2,1,2026-08-31,5
26648,15767,2,1,2026-08-31,2
26649,43944,2,1,2026-08-31,3
26650,5484,2,1,2026-08-31,3
26651,18111,2,1,2026-08-31,3
26652,24941,2,1,2026-08-31,3
26653,48164,2,1,2026-08-31,3
26654,45460,2,1,2026-08-31,3
26655,17595,2,1,2026-08-31,3
26656,15531,2,1,2026-08-31,2
26657,34237,2,1,2026-08-31,4
26658,4928,2,1,2026-08-31,3
26659,43161,2,1,2026-08-31,3
26660,34803,2,1,2026-08-31,4
26661,38894,2,1,2026-08-31,4
26662,30580,2,1,2026-08-31,4
26663,3976,2,1,2026-08-31,1
26664,49428,2,1,2026-08-31,3
26665,41464,2,1,2026-08-31,3
26666,8715,2,1,2026-08-31,4
26667,49256,2,1,2026-08-31,1
26668,37298,2,1,2026-08-31,3
26669,22871,2,1,2026-08-31,3
26670,31113,2,1,2026-08-31,2
26671,25938,2,1,2026-08-31,4
26672,14278,2,1,2026-08-31,4
26673,5348,2,1,2026-08-31,3
26674,30819,2,1,2026-08-31,6
26675,109,2,1,2026-08-31,2
26676,28899,2,1,2026-08-31,4
26677,38140,2,1,2026-08-31,1
26678,18744,2,1,2026-08-31,1
26679,7785,2,1,2026-08-31,3
26680,11044,2,1,2026-08-31,4
26681,37436,2,1,2026-08-31,4
26682,48035,2,1,2026-08-31,4
26683,30688,2,1,2026-08-31,1
26684,31556,2,1,2026-08-31,4
26685,9836,2,1,2026-08-31,3
26686,29634,2,1,2026-08-31,4
26687,3429,2,1,2026-08-31,1
26688,48972,2,1,2026-08-31,3
26689,9197,2,1,2026-08-31,4
26690,40666,2,1,2026-08-31,1
26691,13148,2,1,2026-08-31,3
26692,27882,2,1,2026-08-31,1
26693,19349,2,1,2026-08-31,3
26694,49436,2,1,2026-08-31,4
26695,23949,2,1,2026-08-31,4
26696,39626,2,1,2026-08-31,4
26697,17022,2,2,2026-08-31,4
26698,18980,2,2,2026-08-31,1
26699,29287,2,2,2026-08-31,4
26700,7748,2,2,2026-08-31,1
26701,30352,2,2,2026-08-31,3
26702,28,2,2,2026-08-31,3
26703,41140,2,2,2026-08-31,2
26704,9338,2,2,2026-08-31,4
26705,34856,2,2,2026-08-31,4
26706,42809,2,2,2026-08-31,4
26707,28023,2,2,2026-08-31,4
26708,44258,2,2,2026-08-31,3
26709,25257,2,2,2026-08-31,4
26710,39162,2,2,2026-08-31,1
26711,14558,2,2,2026-08-31,3
26712,8234,2,2,2026-08-31,4
26713,7048,2,2,2026-08-31,4
26714,48617,2,2,2026-08-31,4
26715,19929,2,2,2026-08-31,4
26716,18017,2,2,2026-08-31,3
26717,36968,2,2,2026-08-31,4
26718,9140,2,2,2026-08-31,4
26719,1401,2,2,2026-08-31,4
26720,3908,2,2,2026-08-31,6
26721,38238,2,2,2026-08-31,1
26722,4661,2,2,2026-08-31,1
26723,34961,2,2,2026-08-31,4
26724,34311,2,2,2026-08-31,4
26725,46997,2,2,2026-08-31,3
26726,38132,2,2,2026-08-31,4
26727,10853,2,2,2026-08-31,4
26728,41945,2,2,2026-08-31,3
26729,9838,2,2,2026-08-31,1
26730,22325,2,2,2026-08-31,3
26731,7933,2,2,2026-08-31,1
26732,32989,2,2,2026-08-31,4
26733,38757,2,2,2026-08-31,3
26734,29890,2,2,2026-08-31,3
26735,45857,2,2,2026-08-31,3
26736,32020,2,2,2026-08-31,1
26737,43286,2,2,2026-08-31,3
26738,45680,2,2,2026-08-31,4
26739,30133,2,2,2026-08-31,1
26740,44873,2,2,2026-08-31,1
26741,44348,2,2,2026-08-31,4
26742,687,2,2,2026-08-31,3
26743,2888,2,2,2026-08-31,4
26744,34952,2,2,2026-08-31,3
26745,3760,2,2,2026-08-31,4
26746,4797,2,2,2026-08-31,3
26747,11345,2,4,2026-08-31,3
26748,18662,2,4,2026-08-31,4
26749,10277,2,4,2026-08-31,1
26750,31343,2,4,2026-08-31,4
26751,19547,2,4,2026-08-31,3
26752,13371,2,4,2026-08-31,4
26753,42014,2,4,2026-08-31,4
26754,19396,2,4,2026-08-31,2
26755,15209,2,4,2026-08-31,3
26756,2722,2,4,2026-08-31,2
26757,9185,2,4,2026-08-31,4
26758,5556,2,4,2026-08-31,4
26759,30208,2,4,2026-08-31,4
26760,16800,2,4,2026-08-31,3
26761,29368,2,4,2026-08-31,4
26762,18114,2,4,2026-08-31,4
26763,36965,2,4,2026-08-31,3
26764,20865,2,4,2026-08-31,4
26765,41782,2,4,2026-08-31,3
26766,19472,2,4,2026-08-31,3
26767,5937,2,4,2026-08-31,3
26768,46498,2,4,2026-08-31,4
26769,46104,2,4,2026-08-31,1
26770,12128,2,4,2026-08-31,3
26771,15111,2,4,2026-08-31,3
26772,16758,2,4,2026-08-31,3
26773,45192,2,4,2026-08-31,4
26774,30445,2,4,2026-08-31,3
26775,38683,2,4,2026-08-31,1
26776,20277,2,4,2026-08-31,3
26777,45856,2,4,2026-08-31,4
26778,28589,2,4,2026-08-31,3
26779,24717,2,4,2026-08-31,4
26780,10979,2,4,2026-08-31,3
26781,25875,2,4,2026-08-31,4
26782,27180,2,4,2026-08-31,3
26783,39453,2,4,2026-08-31,3
26784,47309,2,4,2026-08-31,5
26785,20756,2,4,2026-08-31,3
26786,12505,2,4,2026-08-31,3
26787,43630,2,4,2026-08-31,4
26788,29619,2,4,2026-08-31,4
26789,26345,2,4,2026-08-31,3
26790,39239,2,4,2026-08-31,4
26791,32223,2,4,2026-08-31,4
26792,24668,2,4,2026-08-31,3
26793,14693,2,4,2026-08-31,3
26794,41080,2,4,2026-08-31,2
26795,4065,2,4,2026-08-31,4
26796,36771,2,4,2026-08-31,3
26797,42634,2,4,2026-08-31,4
26798,11993,2,4,2026-08-31,3
26799,8491,2,4,2026-08-31,4
26800,1793,2,4,2026-08-31,3
26801,7083,2,4,2026-08-31,4
26802,36369,2,4,2026-08-31,3
26803,32153,2,4,2026-08-31,1
26804,30802,2,4,2026-08-31,4
26805,22228,2,4,2026-08-31,3
26806,18958,2,4,2026-08-31,4
26807,33336,2,4,2026-08-31,1
26808,3275,2,4,2026-08-31,3
26809,48895,2,4,2026-08-31,1
26810,44586,2,4,2026-08-31,4
26811,4789,2,4,2026-08-31,1
26812,38258,2,4,2026-08-31,4
26813,28978,2,4,2026-08-31,3
26814,20757,2,4,2026-08-31,4
26815,26613,2,4,2026-08-31,3
26816,38121,2,4,2026-08-31,4
26817,34507,2,4,2026-08-31,3
26818,21971,2,4,2026-08-31,4
26819,42566,2,4,2026-08-31,4
26820,28519,2,4,2026-08-31,3
26821,19680,2,4,2026-08-31,4
26822,33990,1,1,2026-08-11,3
26823,42841,1,1,2026-08-11,3
26824,5050,1,1,2026-08-11,3
26825,537,1,1,2026-08-11,3
26826,4365,1,1,2026-08-11,3
26827,25579,1,1,2026-08-11,3
26828,25379,1,1,2026-08-11,3
26829,30054,1,1,2026-08-11,3
26830,32119,1,1,2026-08-11,3
26831,47589,1,1,2026-08-11,3
26832,891,1,1,2026-08-11,3
26833,30315,1,1,2026-08-11,3
26834,42124,1,1,2026-08-11,3
26835,29296,1,1,2026-08-11,3
26836,42381,1,1,2026-08-11,3
26837,25507,1,1,2026-08-11,3
26838,10392,1,1,2026-08-11,3
26839,17923,1,1,2026-08-11,3
26840,23283,1,1,2026-08-11,3
26841,30986,1,1,2026-08-11,3
26842,28326,1,1,2026-08-11,1
26843,6020,1,1,2026-08-11,3
26844,9005,1,1,2026-08-11,1
26845,8870,1,1,2026-08-11,1
26846,43479,1,1,2026-08-11,4
26847,18278,1,1,2026-08-11,3
26848,5931,1,1,2026-08-11,3
26849,9653,1,1,2026-08-11,3
26850,32248,1,1,2026-08-11,3
26851,5917,1,1,2026-08-11,3
26852,27966,1,1,2026-08-11,3
26853,13490,1,1,2026-08-11,6
26854,13999,1,1,2026-08-11,3
26855,21174,1,1,2026-08-11,3
26856,10757,1,1,2026-08-11,3
26857,38478,1,1,2026-08-11,3
26858,13716,1,1,2026-08-11,3
26859,13752,1,1,2026-08-11,3
26860,40654,1,1,2026-08-11,3
26861,12287,1,1,2026-08-11,3
26862,6464,1,1,2026-08-11,3
26863,29592,1,1,2026-08-11,3
26864,8256,1,1,2026-08-11,3
26865,44265,1,1,2026-08-11,3
26866,41739,1,1,2026-08-11,3
26867,36005,1,1,2026-08-11,3
26868,48079,1,1,2026-08-11,3
26869,23930,1,1,2026-08-11,1
26870,45560,1,1,2026-08-11,3
26871,6863,1,1,2026-08-11,3
26872,333,1,1,2026-08-11,3
26873,45613,1,1,2026-08-11,3
26874,28142,1,1,2026-08-11,4
26875,20551,1,1,2026-08-11,3
26876,29130,1,1,2026-08-11,3
26877,145,1,1,2026-08-11,3
26878,29080,1,1,2026-08-11,3
26879,12379,1,1,2026-08-11,3
26880,34409,1,1,2026-08-11,3
26881,4848,1,1,2026-08-11,4
26882,29157,1,1,2026-08-11,3
26883,16098,1,1,2026-08-11,3
26884,3352,1,1,2026-08-11,3
26885,3866,1,1,2026-08-11,1
26886,25416,1,1,2026-08-11,3
26887,19824,1,1,2026-08-11,3
26888,35261,1,1,2026-08-11,1
26889,20089,1,1,2026-08-11,1
26890,22735,1,1,2026-08-11,3
26891,43717,1,1,2026-08-11,3
26892,23308,1,1,2026-08-11,3
26893,12916,1,1,2026-08-11,1
26894,11400,1,1,2026-08-11,3
26895,7832,1,1,2026-08-11,3
26896,1261,1,1,2026-08-11,3
26897,41664,1,1,2026-08-11,3
26898,10578,1,1,2026-08-11,3
26899,4987,1,1,2026-08-11,3
26900,31356,1,1,2026-08-11,1
26901,26372,1,1,2026-08-11,4
26902,28711,1,1,2026-08-11,3
26903,30483,1,1,2026-08-11,3
26904,12741,1,1,2026-08-11,1
26905,34983,1,1,2026-08-11,3
26906,3125,1,1,2026-08-11,4
26907,16219,1,1,2026-08-11,3
26908,23372,1,1,2026-08-11,3
26909,6284,1,1,2026-08-11,3
26910,12992,1,1,2026-08-11,1
26911,5973,1,1,2026-08-11,3
26912,17176,1,1,2026-08-11,3
26913,19433,1,1,2026-08-11,3
26914,34014,1,1,2026-08-11,3
26915,37569,1,1,2026-08-11,3
26916,44510,1,1,2026-08-11,3
26917,13701,1,1,2026-08-11,3
26918,35464,1,1,2026-08-11,3
26919,31946,1,1,2026-08-11,3
26920,36,1,1,2026-08-11,3
26921,41214,1,1,2026-08-11,3
26922,27623,1,1,2026-08-11,3
26923,36048,1,1,2026-08-11,1
26924,8520,1,1,2026-08-11,3
26925,21608,1,1,2026-08-11,3
26926,17279,1,1,2026-08-11,3
26927,42447,1,1,2026-08-11,3
26928,18370,1,1,2026-08-11,3
26929,47673,1,1,2026-08-11,3
26930,5114,1,1,2026-08-11,1
26931,48409,1,1,2026-08-11,3
26932,15772,1,1,2026-08-11,3
26933,39817,1,1,2026-08-11,3
26934,21505,1,1,2026-08-11,3
26935,23507,1,1,2026-08-11,3
26936,12620,1,1,2026-08-11,3
26937,2977,1,1,2026-08-11,3
26938,40837,1,1,2026-08-11,3
26939,3542,1,1,2026-08-11,3
26940,23674,1,1,2026-08-11,3
26941,16693,1,1,2026-08-11,3
26942,23354,1,1,2026-08-11,3
26943,27543,1,1,2026-08-11,3
26944,10679,1,1,2026-08-11,3
26945,10848,1,1,2026-08-11,4
26946,37980,1,1,2026-08-11,3
26947,43165,1,1,2026-08-11,3
26948,48478,1,1,2026-08-11,3
26949,14622,1,1,2026-08-11,5
26950,49636,1,1,2026-08-11,3
26951,11298,1,1,2026-08-11,3
26952,12962,1,1,2026-08-11,3
26953,6298,1,1,2026-08-11,4
26954,49233,1,1,2026-08-11,1
26955,44056,1,1,2026-08-11,3
26956,10726,1,1,2026-08-11,4
26957,21946,1,1,2026-08-11,3
26958,41242,1,1,2026-08-11,1
26959,14489,1,1,2026-08-11,3
26960,39107,1,1,2026-08-11,3
26961,37788,1,1,2026-08-11,3
26962,11798,1,1,2026-08-11,3
26963,46411,1,1,2026-08-11,3
26964,24350,1,1,2026-08-11,4
26965,42911,1,1,2026-08-11,3
26966,4491,1,1,2026-08-11,3
26967,11246,1,1,2026-08-11,3
26968,31092,1,1,2026-08-11,3
26969,43943,1,1,2026-08-11,3
26970,45515,1,1,2026-08-11,3
26971,17372,1,1,2026-08-11,3
26972,40141,1,1,2026-08-11,3
26973,39652,1,1,2026-08-11,3
26974,30050,1,1,2026-08-11,3
26975,5583,1,1,2026-08-11,3
26976,22625,1,1,2026-08-11,4
26977,37858,1,1,2026-08-11,3
26978,24208,1,1,2026-08-11,3
26979,33085,1,1,2026-08-11,3
26980,7994,1,1,2026-08-11,3
26981,17254,1,1,2026-08-11,1
26982,25323,1,1,2026-08-11,3
26983,22658,1,1,2026-08-11,3
26984,440,1,1,2026-08-11,3
26985,7231,1,1,2026-08-11,3
26986,25164,1,1,2026-08-11,3
26987,23112,1,1,2026-08-11,3
26988,24294,1,1,2026-08-11,3
26989,26190,1,1,2026-08-11,4
26990,32134,1,1,2026-08-11,4
26991,32683,1,1,2026-08-11,3
26992,29501,1,1,2026-08-11,1
26993,42122,1,1,2026-08-11,3
26994,46124,1,1,2026-08-11,3
26995,8865,1,1,2026-08-11,3
26996,26350,1,1,2026-08-11,3
26997,17899,1,1,2026-08-11,3
26998,43665,1,1,2026-08-11,3
26999,37880,1,1,2026-08-11,3
27000,27338,1,1,2026-08-11,3
27001,12523,1,1,2026-08-11,3
27002,31016,1,1,2026-08-11,3
27003,30842,1,1,2026-08-11,3
27004,11198,1,1,2026-08-11,3
27005,24271,1,1,2026-08-11,3
27006,41195,1,1,2026-08-11,1
27007,5641,1,1,2026-08-11,3
27008,12382,1,1,2026-08-11,3
27009,46558,1,1,2026-08-11,3
27010,26060,1,1,2026-08-11,3
27011,7320,1,1,2026-08-11,3
27012,45664,1,1,2026-08-11,3
27013,35019,1,1,2026-08-11,3
27014,31782,1,1,2026-08-11,3
27015,2835,1,1,2026-08-11,1
27016,36312,1,1,2026-08-11,3
27017,13826,1,1,2026-08-11,3
27018,49551,1,1,2026-08-11,3
27019,20020,1,1,2026-08-11,3
27020,11180,1,1,2026-08-11,3
27021,48463,1,1,2026-08-11,3
27022,25194,1,1,2026-08-11,3
27023,20541,1,1,2026-08-11,3
27024,46475,1,1,2026-08-11,3
27025,32282,1,1,2026-08-11,3
27026,15378,1,1,2026-08-11,3
27027,17189,1,1,2026-08-11,3
27028,26289,1,1,2026-08-11,4
27029,1562,1,1,2026-08-11,3
27030,49271,1,1,2026-08-11,3
27031,25941,1,1,2026-08-11,3
27032,17105,1,1,2026-08-11,3
27033,32087,1,1,2026-08-11,3
27034,11793,1,1,2026-08-11,3
27035,46115,1,1,2026-08-11,3
27036,8542,1,1,2026-08-11,3
27037,34393,1,1,2026-08-11,3
27038,8620,1,1,2026-08-11,3
27039,37797,1,1,2026-08-11,3
27040,40181,1,1,2026-08-11,3
27041,48331,1,1,2026-08-11,3
27042,14921,1,1,2026-08-11,3
27043,45702,1,1,2026-08-11,3
27044,19103,1,1,2026-08-11,3
27045,49326,1,1,2026-08-11,3
27046,38533,1,1,2026-08-11,3
27047,18055,1,1,2026-08-11,3
27048,47471,1,1,2026-08-11,3
27049,26479,1,1,2026-08-11,3
27050,11395,1,1,2026-08-11,3
27051,5080,1,1,2026-08-11,3
27052,14595,1,1,2026-08-11,1
27053,10268,1,1,2026-08-11,3
27054,10837,1,1,2026-08-11,3
27055,22552,1,1,2026-08-11,3
27056,24947,1,1,2026-08-11,3
27057,30082,1,1,2026-08-11,3
27058,35155,1,1,2026-08-11,3
27059,21487,1,1,2026-08-11,3
27060,1800,1,1,2026-08-11,3
27061,49485,1,1,2026-08-11,3
27062,9019,1,1,2026-08-11,3
27063,40617,1,1,2026-08-11,3
27064,34976,1,1,2026-08-11,3
27065,37543,1,1,2026-08-11,3
27066,4924,1,1,2026-08-11,3
27067,7648,1,1,2026-08-11,3
27068,27643,1,1,2026-08-11,3
27069,11748,1,1,2026-08-11,3
27070,18561,1,1,2026-08-11,3
27071,46222,1,1,2026-08-11,3
27072,21363,1,1,2026-08-11,3
27073,28535,1,1,2026-08-11,3
27074,18238,1,1,2026-08-11,3
27075,45115,1,1,2026-08-11,1
27076,4883,1,1,2026-08-11,3
27077,17782,1,1,2026-08-11,3
27078,29334,1,1,2026-08-11,4
27079,26623,1,1,2026-08-11,3
27080,10878,1,1,2026-08-11,5
27081,31882,1,1,2026-08-11,3
27082,15641,1,1,2026-08-11,3
27083,47242,1,1,2026-08-11,3
27084,42060,1,1,2026-08-11,3
27085,21013,1,1,2026-08-11,3
27086,30184,1,1,2026-08-11,3
27087,7167,1,1,2026-08-11,3
27088,8887,1,1,2026-08-11,3
27089,4418,1,1,2026-08-11,1
27090,12486,1,1,2026-08-11,3
27091,45743,1,1,2026-08-11,3
27092,3338,1,1,2026-08-11,3
27093,4949,1,1,2026-08-11,1
27094,32774,1,1,2026-08-11,3
27095,27102,1,1,2026-08-11,3
27096,40717,1,1,2026-08-11,3
27097,22548,1,1,2026-08-11,3
27098,33959,1,1,2026-08-11,3
27099,36984,1,1,2026-08-11,3
27100,17711,1,1,2026-08-11,1
27101,23066,1,1,2026-08-11,3
27102,46433,1,1,2026-08-11,3
27103,38874,1,1,2026-08-11,3
27104,15996,1,1,2026-08-11,3
27105,32291,1,1,2026-08-11,3
27106,30989,1,1,2026-08-11,3
27107,32368,1,1,2026-08-11,1
27108,6337,1,1,2026-08-11,3
27109,42016,1,1,2026-08-11,3
27110,12418,1,1,2026-08-11,5
27111,6641,1,1,2026-08-11,3
27112,42253,1,1,2026-08-11,3
27113,48823,1,1,2026-08-11,3
27114,36091,1,1,2026-08-11,3
27115,28605,1,1,2026-08-11,4
27116,11364,1,1,2026-08-11,3
27117,13930,1,1,2026-08-11,4
27118,34463,1,1,2026-08-11,3
27119,18185,1,1,2026-08-11,3
27120,20547,1,1,2026-08-11,6
27121,17599,1,1,2026-08-11,3
27122,9580,1,1,2026-08-11,4
27123,44915,1,1,2026-08-11,3
27124,12095,1,1,2026-08-11,3
27125,34823,1,1,2026-08-11,4
27126,1557,1,1,2026-08-11,3
27127,19944,1,1,2026-08-11,3
27128,8528,1,1,2026-08-11,3
27129,37978,1,1,2026-08-11,3
27130,30405,1,1,2026-08-11,3
27131,36805,1,1,2026-08-11,3
27132,28712,1,1,2026-08-11,3
27133,46395,1,1,2026-08-11,3
27134,9866,1,1,2026-08-11,3
27135,1475,1,1,2026-08-11,3
27136,15950,1,1,2026-08-11,3
27137,20304,1,1,2026-08-11,3
27138,5490,1,1,2026-08-11,3
27139,42889,1,1,2026-08-11,3
27140,34380,1,1,2026-08-11,3
27141,5618,1,1,2026-08-11,3
27142,18566,1,1,2026-08-11,3
27143,13133,1,1,2026-08-11,3
27144,45527,1,1,2026-08-11,3
27145,7079,1,1,2026-08-11,3
27146,31816,1,1,2026-08-11,3
27147,45490,1,1,2026-08-11,3
27148,4690,1,1,2026-08-11,4
27149,30631,1,1,2026-08-11,1
27150,12543,1,1,2026-08-11,4
27151,581,1,1,2026-08-11,3
27152,40976,1,1,2026-08-11,3
27153,1606,1,1,2026-08-11,3
27154,10176,1,1,2026-08-11,3
27155,41153,1,1,2026-08-11,4
27156,7755,1,1,2026-08-11,1
27157,15038,1,1,2026-08-11,3
27158,10750,1,1,2026-08-11,3
27159,26955,1,1,2026-08-11,4
27160,30950,1,1,2026-08-11,3
27161,35457,1,1,2026-08-11,3
27162,23616,1,1,2026-08-11,3
27163,21832,1,1,2026-08-11,3
27164,23592,1,1,2026-08-11,3
27165,16599,1,1,2026-08-11,3
27166,41572,1,1,2026-08-11,3
27167,8588,1,1,2026-08-11,3
27168,12746,1,1,2026-08-11,3
27169,21318,1,1,2026-08-11,3
27170,20328,1,1,2026-08-11,3
27171,34949,1,1,2026-08-11,4
27172,4978,1,1,2026-08-11,3
27173,46370,1,1,2026-08-11,3
27174,14922,1,1,2026-08-11,3
27175,7786,1,1,2026-08-11,1
27176,38583,1,1,2026-08-11,4
27177,21408,1,1,2026-08-11,3
27178,11860,1,1,2026-08-11,3
27179,672,1,1,2026-08-11,4
27180,28830,1,1,2026-08-11,1
27181,36229,1,1,2026-08-11,3
27182,38444,1,1,2026-08-11,3
27183,3990,1,1,2026-08-11,3
27184,17609,1,1,2026-08-11,1
27185,43530,1,1,2026-08-11,4
27186,46513,1,1,2026-08-11,3
27187,34751,1,1,2026-08-11,3
27188,2997,1,1,2026-08-11,3
27189,44246,1,1,2026-08-11,3
27190,918,1,1,2026-08-11,3
27191,34416,1,1,2026-08-11,3
27192,33170,1,1,2026-08-11,6
27193,22366,1,1,2026-08-11,4
27194,21696,1,1,2026-08-11,3
27195,25259,1,1,2026-08-11,3
27196,22037,1,1,2026-08-11,3
27197,10612,1,1,2026-08-11,4
27198,34451,1,1,2026-08-11,3
27199,10158,1,1,2026-08-11,4
27200,40889,1,1,2026-08-11,3
27201,48032,1,1,2026-08-11,3
27202,4230,1,1,2026-08-11,3
27203,42573,1,1,2026-08-11,4
27204,10187,1,1,2026-08-11,3
27205,11650,1,1,2026-08-11,3
27206,36445,1,1,2026-08-11,3
27207,3751,1,1,2026-08-11,3
27208,40458,1,1,2026-08-11,3
27209,8908,1,1,2026-08-11,3
27210,35098,1,1,2026-08-11,3
27211,27556,1,1,2026-08-11,4
27212,2624,1,1,2026-08-11,4
27213,43801,1,1,2026-08-11,3
27214,24637,1,1,2026-08-11,4
27215,1952,1,1,2026-08-11,1
27216,2273,1,1,2026-08-11,3
27217,48751,1,1,2026-08-11,3
27218,154,1,1,2026-08-11,3
27219,6107,1,1,2026-08-11,3
27220,6762,1,1,2026-08-11,3
27221,23056,1,1,2026-08-11,3
27222,26689,1,1,2026-08-11,6
27223,20965,1,1,2026-08-11,3
27224,10189,1,1,2026-08-11,3
27225,42759,1,1,2026-08-11,3
27226,8303,1,1,2026-08-11,3
27227,19547,1,1,2026-08-11,3
27228,35662,1,1,2026-08-11,3
27229,45624,1,1,2026-08-11,3
27230,20290,1,1,2026-08-11,3
27231,13757,1,1,2026-08-11,4
27232,44368,1,1,2026-08-11,3
27233,5716,1,1,2026-08-11,1
27234,18078,1,1,2026-08-11,3
27235,12847,1,1,2026-08-11,3
27236,37608,1,1,2026-08-11,3
27237,24552,1,1,2026-08-11,3
27238,5184,1,1,2026-08-11,1
27239,846,1,1,2026-08-11,1
27240,38445,1,1,2026-08-11,3
27241,38240,1,1,2026-08-11,3
27242,20635,1,1,2026-08-11,3
27243,24017,1,1,2026-08-11,3
27244,26585,1,1,2026-08-11,6
27245,36179,1,1,2026-08-11,3
27246,25766,1,1,2026-08-11,4
27247,35108,1,1,2026-08-11,3
27248,18110,1,1,2026-08-11,4
27249,25814,1,1,2026-08-11,3
27250,14096,1,1,2026-08-11,3
27251,8966,1,1,2026-08-11,3
27252,34119,1,1,2026-08-11,3
27253,28422,1,1,2026-08-11,3
27254,36771,1,1,2026-08-11,4
27255,37110,1,1,2026-08-11,3
27256,20854,1,1,2026-08-11,3
27257,26367,1,1,2026-08-11,3
27258,49840,1,1,2026-08-11,3
27259,18285,1,1,2026-08-11,1
27260,48566,1,1,2026-08-11,3
27261,5370,1,1,2026-08-11,3
27262,23259,1,1,2026-08-11,3
27263,17690,1,1,2026-08-11,3
27264,1129,1,1,2026-08-11,3
27265,39470,1,1,2026-08-11,4
27266,15272,1,1,2026-08-11,4
27267,16659,1,1,2026-08-11,3
27268,23380,1,1,2026-08-11,3
27269,10780,1,1,2026-08-11,3
27270,12983,1,1,2026-08-11,3
27271,19168,1,1,2026-08-11,3
27272,34378,1,1,2026-08-11,3
27273,1250,1,1,2026-08-11,3
27274,1277,1,1,2026-08-11,3
27275,22156,1,1,2026-08-11,3
27276,32917,1,1,2026-08-11,6
27277,1244,1,1,2026-08-11,3
27278,39565,1,1,2026-08-11,3
27279,17316,1,1,2026-08-11,3
27280,30149,1,1,2026-08-11,3
27281,31011,1,1,2026-08-11,3
27282,24333,1,1,2026-08-11,3
27283,8213,1,1,2026-08-11,3
27284,3247,1,1,2026-08-11,4
27285,26458,1,1,2026-08-11,3
27286,3730,1,1,2026-08-11,3
27287,41200,1,1,2026-08-11,1
27288,38426,1,1,2026-08-11,3
27289,48748,1,1,2026-08-11,3
27290,31618,1,1,2026-08-11,3
27291,15172,1,1,2026-08-11,3
27292,43545,1,1,2026-08-11,3
27293,13661,1,1,2026-08-11,3
27294,39167,1,1,2026-08-11,3
27295,49998,1,1,2026-08-11,3
27296,32146,1,1,2026-08-11,3
27297,13208,1,1,2026-08-11,3
27298,21827,1,1,2026-08-11,3
27299,15241,1,1,2026-08-11,3
27300,25074,1,1,2026-08-11,3
27301,9449,1,1,2026-08-11,3
27302,36833,1,1,2026-08-11,3
27303,15579,1,1,2026-08-11,3
27304,10805,1,1,2026-08-11,3
27305,436,1,1,2026-08-11,1
27306,11456,1,1,2026-08-11,4
27307,8429,1,1,2026-08-11,3
27308,15190,1,1,2026-08-11,5
27309,35984,1,1,2026-08-11,3
27310,10020,1,1,2026-08-11,1
27311,32532,1,1,2026-08-11,3
27312,38143,1,1,2026-08-11,3
27313,17959,1,1,2026-08-11,3
27314,19553,1,1,2026-08-11,3
27315,1395,1,1,2026-08-11,3
27316,4936,1,1,2026-08-11,3
27317,7011,1,1,2026-08-11,3
27318,41944,1,1,2026-08-11,3
27319,42821,1,1,2026-08-11,4
27320,4244,1,1,2026-08-11,1
27321,18045,1,1,2026-08-11,3
27322,32652,1,1,2026-08-11,3
27323,47316,1,1,2026-08-11,3
27324,18458,1,1,2026-08-11,3
27325,30899,1,1,2026-08-11,3
27326,30754,1,1,2026-08-11,3
27327,20282,1,1,2026-08-11,3
27328,13439,1,1,2026-08-11,3
27329,22203,1,1,2026-08-11,3
27330,31569,1,1,2026-08-11,3
27331,865,1,1,2026-08-11,3
27332,38566,1,1,2026-08-11,3
27333,30647,1,1,2026-08-11,3
27334,32838,1,1,2026-08-11,3
27335,45269,1,1,2026-08-11,3
27336,45751,1,1,2026-08-11,3
27337,47127,1,1,2026-08-11,6
27338,26217,1,1,2026-08-11,3
27339,21846,1,1,2026-08-11,3
27340,14808,1,1,2026-08-11,4
27341,24357,1,1,2026-08-11,3
27342,932,1,1,2026-08-11,3
27343,14117,1,1,2026-08-11,3
27344,8408,1,1,2026-08-11,1
27345,13794,1,1,2026-08-11,3
27346,12768,1,1,2026-08-11,3
27347,9488,1,1,2026-08-11,3
27348,4749,1,1,2026-08-11,3
27349,21070,1,1,2026-08-11,3
27350,30318,1,1,2026-08-11,3
27351,41201,1,1,2026-08-11,3
27352,3971,1,1,2026-08-11,3
27353,49622,1,1,2026-08-11,4
27354,42337,1,1,2026-08-11,3
27355,41190,1,1,2026-08-11,3
27356,33209,1,1,2026-08-11,4
27357,6068,1,1,2026-08-11,3
27358,40783,1,1,2026-08-11,3
27359,15086,1,1,2026-08-11,3
27360,37640,1,1,2026-08-11,3
27361,25907,1,1,2026-08-11,3
27362,14896,1,1,2026-08-11,3
27363,24771,1,1,2026-08-11,3
27364,49993,1,1,2026-08-11,3
27365,30585,1,1,2026-08-11,3
27366,30811,1,1,2026-08-11,3
27367,14920,1,1,2026-08-11,3
27368,31955,1,1,2026-08-11,3
27369,28786,1,1,2026-08-11,3
27370,10553,1,1,2026-08-11,4
27371,39456,1,1,2026-08-11,3
27372,9765,1,1,2026-08-11,4
27373,3775,1,1,2026-08-11,3
27374,14143,1,1,2026-08-11,3
27375,25233,1,1,2026-08-11,1
27376,13566,1,1,2026-08-11,3
27377,11745,1,1,2026-08-11,3
27378,29403,1,1,2026-08-11,1
27379,35368,1,1,2026-08-11,3
27380,30006,1,1,2026-08-11,3
27381,2457,1,1,2026-08-11,3
27382,40847,1,1,2026-08-11,4
27383,18864,1,1,2026-08-11,4
27384,7486,1,1,2026-08-11,3
27385,45552,1,1,2026-08-11,4
27386,32360,1,1,2026-08-11,1
27387,15847,1,1,2026-08-11,4
27388,21456,1,1,2026-08-11,3
27389,10949,1,1,2026-08-11,3
27390,37549,1,1,2026-08-11,4
27391,1819,1,1,2026-08-11,1
27392,35354,1,1,2026-08-11,3
27393,46230,1,1,2026-08-11,3
27394,24814,1,1,2026-08-11,3
27395,29935,1,1,2026-08-11,3
27396,2429,1,1,2026-08-11,3
27397,12799,1,1,2026-08-11,3
27398,24141,1,1,2026-08-11,3
27399,20685,1,1,2026-08-11,3
27400,7570,1,1,2026-08-11,3
27401,25808,1,1,2026-08-11,3
27402,22529,1,1,2026-08-11,3
27403,43403,1,1,2026-08-11,3
27404,45000,1,1,2026-08-11,3
27405,20785,1,1,2026-08-11,3
27406,21463,1,1,2026-08-11,3
27407,43292,1,1,2026-08-11,3
27408,17993,1,1,2026-08-11,3
27409,23144,1,1,2026-08-11,1
27410,3701,1,1,2026-08-11,3
27411,12076,1,1,2026-08-11,3
27412,4483,1,1,2026-08-11,3
27413,12933,1,1,2026-08-11,3
27414,42299,1,1,2026-08-11,3
27415,8916,1,1,2026-08-11,3
27416,2916,1,1,2026-08-11,3
27417,21869,1,1,2026-08-11,3
27418,5360,1,1,2026-08-11,3
27419,7684,1,1,2026-08-11,3
27420,22458,1,1,2026-08-11,3
27421,12732,1,1,2026-08-11,3
27422,9269,1,1,2026-08-11,3
27423,10663,1,1,2026-08-11,3
27424,688,1,1,2026-08-11,3
27425,24525,1,1,2026-08-11,3
27426,37171,1,1,2026-08-11,3
27427,38578,1,1,2026-08-11,4
27428,24978,1,1,2026-08-11,3
27429,22758,1,1,2026-08-11,3
27430,49723,1,1,2026-08-11,4
27431,9824,1,1,2026-08-11,3
27432,13011,1,1,2026-08-11,3
27433,4886,1,1,2026-08-11,3
27434,43809,1,1,2026-08-11,3
27435,6416,1,1,2026-08-11,3
27436,16661,1,1,2026-08-11,3
27437,2045,1,1,2026-08-11,3
27438,23749,1,1,2026-08-11,3
27439,37550,1,1,2026-08-11,1
27440,23862,1,1,2026-08-11,3
27441,4202,1,1,2026-08-11,3
27442,15115,1,1,2026-08-11,3
27443,40472,1,1,2026-08-11,3
27444,6483,1,1,2026-08-11,3
27445,20495,1,1,2026-08-11,3
27446,37484,1,1,2026-08-11,3
